system,ln_B_LU
MD_SDSS_l2_1002,9.921368820664263
MD_SDSS_l2_0,9.11104097639949
MD_SDSS_l2_1000,5.563446113462643
MD_SDSS_l2_1006,7.7978578564560275
MD_SDSS_l2_1003,17.21363759055851
MD_SDSS_l2_1004,8.482860447772296
MD_SDSS_l2_1005,14.192529012896646
MD_SDSS_l2_1007,18.782470417667113
MD_SDSS_l2_1012,10.298581949078482
MD_SDSS_l2_1001,5.381319886520956
MD_SDSS_l2_1013,6.412679229680183
MD_SDSS_l2_1010,15.16777754463772
MD_SDSS_l2_1011,13.914183049795096
MD_SDSS_l2_1014,6.5914732851877265
MD_SDSS_l2_100,11.599528926531976
MD_SDSS_l2_1008,6.551664411083465
MD_SDSS_l2_1009,7.0661321825367605
MD_SDSS_l2_1017,5.669696478846223
MD_SDSS_l2_1025,8.077632355429426
MD_SDSS_l2_1015,14.370545659282513
MD_SDSS_l2_1016,12.764227689379364
MD_SDSS_l2_1024,7.169915626250011
MD_SDSS_l2_1020,7.577724521791812
MD_SDSS_l2_1019,7.145973603004142
MD_SDSS_l2_1023,10.908017983487996
MD_SDSS_l2_101,7.14446001318864
MD_SDSS_l2_1022,8.431228036806253
MD_SDSS_l2_1018,11.45333758469693
MD_SDSS_l2_1021,5.418988095668377
MD_SDSS_l2_102,7.1319878519969055
MD_SDSS_l2_1026,4.942212331170284
MD_SDSS_l2_1029,13.302942636953926
MD_SDSS_l2_1027,8.641354810340331
MD_SDSS_l2_1031,17.60777239763766
MD_SDSS_l2_1032,13.492874977870507
MD_SDSS_l2_1033,8.603879532952167
MD_SDSS_l2_1028,10.706770734088128
MD_SDSS_l2_1034,12.811192513759604
MD_SDSS_l2_1030,9.31018054640641
MD_SDSS_l2_1038,6.813314526218532
MD_SDSS_l2_1035,12.910341415905945
MD_SDSS_l2_1039,11.359807285398714
MD_SDSS_l2_1037,10.596803917932862
MD_SDSS_l2_1036,7.04489283661786
MD_SDSS_l2_103,18.08419139818065
MD_SDSS_l2_1043,9.479195506157481
MD_SDSS_l2_104,10.960652122500646
MD_SDSS_l2_1041,9.8968314014094
MD_SDSS_l2_1040,11.678820392029861
MD_SDSS_l2_1049,11.688935788669934
MD_SDSS_l2_1044,12.613573289203892
MD_SDSS_l2_1048,24.3547176736802
MD_SDSS_l2_1053,6.8241457035737785
MD_SDSS_l2_1047,10.69523577482653
MD_SDSS_l2_1052,10.705479943904454
MD_SDSS_l2_1046,10.657469692189203
MD_SDSS_l2_1058,6.660411104958074
MD_SDSS_l2_1045,3.662799199657922
MD_SDSS_l2_1051,15.401097423736848
MD_SDSS_l2_1042,6.399024043615164
MD_SDSS_l2_1060,9.621016670855258
MD_SDSS_l2_105,7.695072155173718
MD_SDSS_l2_1050,17.64565046767268
MD_SDSS_l2_1062,9.423510242955794
MD_SDSS_l2_1063,18.47638307561185
MD_SDSS_l2_1059,10.64497507579281
MD_SDSS_l2_1061,14.054310095181686
MD_SDSS_l2_1067,6.549585859530595
MD_SDSS_l2_1054,7.078452195608424
MD_SDSS_l2_1066,13.360863924170953
MD_SDSS_l2_1056,17.56566264135854
MD_SDSS_l2_1055,7.546066658051757
MD_SDSS_l2_1071,-0.0459810675360206
MD_SDSS_l2_1057,1.603903269321636
MD_SDSS_l2_1065,11.175585002621801
MD_SDSS_l2_1064,13.8176664828675
MD_SDSS_l2_1072,6.472166219845612
MD_SDSS_l2_1073,19.435042979529502
MD_SDSS_l2_1069,9.38889276856617
MD_SDSS_l2_1076,8.839147356810237
MD_SDSS_l2_106,5.389367192836813
MD_SDSS_l2_1077,16.987317065433594
MD_SDSS_l2_1068,8.309870774750268
MD_SDSS_l2_1074,8.14525530405954
MD_SDSS_l2_1075,9.232273904505641
MD_SDSS_l2_1079,12.795543834751317
MD_SDSS_l2_107,7.728066222756208
MD_SDSS_l2_1078,7.215958716868677
MD_SDSS_l2_1070,2.9148035206379905
MD_SDSS_l2_1082,6.873093501770482
MD_SDSS_l2_1081,12.107134929813126
MD_SDSS_l2_1084,10.759698427784834
MD_SDSS_l2_1083,12.8406939386328
MD_SDSS_l2_108,14.70315256740562
MD_SDSS_l2_1086,7.828792823652977
MD_SDSS_l2_1091,17.457316660144073
MD_SDSS_l2_1089,7.1802711658654665
MD_SDSS_l2_1087,9.165233507576643
MD_SDSS_l2_1095,12.389142113846423
MD_SDSS_l2_1088,8.615108987273391
MD_SDSS_l2_1092,13.496046611297476
MD_SDSS_l2_1096,5.947300832901174
MD_SDSS_l2_1085,21.027722144676346
MD_SDSS_l2_1093,10.947612118349156
MD_SDSS_l2_1094,10.454508199777138
MD_SDSS_l2_1098,13.331483509230932
MD_SDSS_l2_1100,15.907268830307103
MD_SDSS_l2_109,4.6929496238144
MD_SDSS_l2_1097,5.55676290306266
MD_SDSS_l2_1104,5.9878016120967335
MD_SDSS_l2_1099,16.582627578380546
MD_SDSS_l2_1105,9.357676306870049
MD_SDSS_l2_1103,14.875346176725198
MD_SDSS_l2_10,5.0268007778617285
MD_SDSS_l2_1107,8.551457448937851
MD_SDSS_l2_1102,8.092173894615968
MD_SDSS_l2_1106,15.04204493144188
MD_SDSS_l2_1101,11.569919911369375
MD_SDSS_l2_1108,11.341296644238078
MD_SDSS_l2_1109,13.663722608958825
MD_SDSS_l2_1110,9.42230050416515
MD_SDSS_l2_1111,0.05542665914483713
MD_SDSS_l2_1112,9.848095185733206
MD_SDSS_l2_1114,11.954722236565612
MD_SDSS_l2_110,10.742161138519146
MD_SDSS_l2_1115,12.467650761834502
MD_SDSS_l2_1113,10.875107525427728
MD_SDSS_l2_1117,8.841650814482946
MD_SDSS_l2_1118,8.587132959029166
MD_SDSS_l2_1119,9.541070124290677
MD_SDSS_l2_1116,7.293845212209211
MD_SDSS_l2_111,11.644742781401508
MD_SDSS_l2_112,3.7989016654290886
MD_SDSS_l2_1120,9.336146433614823
MD_SDSS_l2_1122,6.897226788156074
MD_SDSS_l2_1131,11.052667873467009
MD_SDSS_l2_1121,10.536836107930347
MD_SDSS_l2_1133,1.6914381287341378
MD_SDSS_l2_1123,18.34385897232091
MD_SDSS_l2_1132,-0.9614147797426593
MD_SDSS_l2_1125,11.09367515582643
MD_SDSS_l2_1135,19.46202387783207
MD_SDSS_l2_1127,11.054992574750775
MD_SDSS_l2_1124,9.851701319148884
MD_SDSS_l2_1126,8.066800548120098
MD_SDSS_l2_1128,4.208949768700773
MD_SDSS_l2_1139,12.40697099416565
MD_SDSS_l2_1141,10.961558557975259
MD_SDSS_l2_113,14.652796089697674
MD_SDSS_l2_1130,-2.5745544828354188
MD_SDSS_l2_1134,14.196255147136355
MD_SDSS_l2_1138,13.130947050374594
MD_SDSS_l2_1146,7.833740016801205
MD_SDSS_l2_1136,15.053813267911654
MD_SDSS_l2_1129,2.988981290487999
MD_SDSS_l2_1137,12.896958068584318
MD_SDSS_l2_1144,9.116967293668388
MD_SDSS_l2_1140,1.3767179257346598
MD_SDSS_l2_1148,10.827771363114884
MD_SDSS_l2_1143,1.1861967340999495
MD_SDSS_l2_1142,12.967681600506713
MD_SDSS_l2_114,10.657330026120402
MD_SDSS_l2_1145,7.6137961443045175
MD_SDSS_l2_1147,12.910544213448931
MD_SDSS_l2_1153,8.150852971045534
MD_SDSS_l2_1152,12.16162257614802
MD_SDSS_l2_1154,13.168003855070094
MD_SDSS_l2_1158,8.10407955544703
MD_SDSS_l2_1149,16.719094923228333
MD_SDSS_l2_1150,6.244197033417519
MD_SDSS_l2_1157,6.594012775009153
MD_SDSS_l2_1155,15.78323122354796
MD_SDSS_l2_1151,2.7305135891588943
MD_SDSS_l2_1156,8.101072733709035
MD_SDSS_l2_1159,16.52939179774871
MD_SDSS_l2_1160,7.6114955410759055
MD_SDSS_l2_1164,11.19076432429294
MD_SDSS_l2_115,5.934600909229641
MD_SDSS_l2_1161,15.459021400887583
MD_SDSS_l2_1163,20.91788437028787
MD_SDSS_l2_1165,4.082286146090134
MD_SDSS_l2_1162,13.736185524085018
MD_SDSS_l2_1166,8.09000746451282
MD_SDSS_l2_1168,6.364371895014713
MD_SDSS_l2_1167,13.360833211199964
MD_SDSS_l2_116,9.965618312722889
MD_SDSS_l2_1169,10.820368871525762
MD_SDSS_l2_1173,14.591539078214282
MD_SDSS_l2_1172,10.53664240468946
MD_SDSS_l2_1171,11.457000164719586
MD_SDSS_l2_1170,9.246740192800761
MD_SDSS_l2_1174,13.719747650357835
MD_SDSS_l2_1177,9.068021290246897
MD_SDSS_l2_1176,8.40968501000723
MD_SDSS_l2_1175,13.517201223992215
MD_SDSS_l2_1183,8.840756416408079
MD_SDSS_l2_1180,19.560687994968518
MD_SDSS_l2_1179,8.517554109367115
MD_SDSS_l2_1182,9.67512729485301
MD_SDSS_l2_1184,-5.291289431563117
MD_SDSS_l2_1186,11.157461632977178
MD_SDSS_l2_117,15.016626824681868
MD_SDSS_l2_1181,7.226339334991831
MD_SDSS_l2_1187,10.42739152106764
MD_SDSS_l2_1185,16.32416723630011
MD_SDSS_l2_1191,2.606460067188559
MD_SDSS_l2_1189,5.5242978173859925
MD_SDSS_l2_1190,16.411154201173726
MD_SDSS_l2_1193,13.877729563777061
MD_SDSS_l2_1188,10.785880033769883
MD_SDSS_l2_1192,8.297109210321278
MD_SDSS_l2_1194,3.746789958585607
MD_SDSS_l2_118,11.496082932633396
MD_SDSS_l2_1195,13.688790006245437
MD_SDSS_l2_1196,15.366466971244193
MD_SDSS_l2_1197,13.008440203453636
MD_SDSS_l2_119,13.796758798872421
MD_SDSS_l2_1199,8.374877556464124
MD_SDSS_l2_1201,8.563631425510177
MD_SDSS_l2_11,6.537672256355618
MD_SDSS_l2_1198,12.252072055906357
MD_SDSS_l2_1200,5.93112627370329
MD_SDSS_l2_1202,12.374323637529486
MD_SDSS_l2_1204,6.437864116058671
MD_SDSS_l2_1203,3.9647741014433464
MD_SDSS_l2_1205,11.906094140517315
MD_SDSS_l2_1206,3.174182405987052
MD_SDSS_l2_1208,4.739439652148205
MD_SDSS_l2_120,2.349006770264433
MD_SDSS_l2_1209,4.665423319667534
MD_SDSS_l2_1207,8.015587227563227
MD_SDSS_l2_1213,13.00671223234587
MD_SDSS_l2_1211,8.16996258220578
MD_SDSS_l2_1210,9.606142950132401
MD_SDSS_l2_1214,5.976569403396558
MD_SDSS_l2_1217,12.227609717531388
MD_SDSS_l2_1215,6.2340702898852545
MD_SDSS_l2_1212,10.27531342755087
MD_SDSS_l2_1216,17.502100520816974
MD_SDSS_l2_1219,11.174765803569745
MD_SDSS_l2_1218,9.828351106534168
MD_SDSS_l2_121,11.572149452281497
MD_SDSS_l2_1222,13.947019813677322
MD_SDSS_l2_1223,8.051402406873194
MD_SDSS_l2_1220,11.080311467734372
MD_SDSS_l2_1221,7.06456117856065
MD_SDSS_l2_1224,6.424160719713532
MD_SDSS_l2_1226,16.811076166144222
MD_SDSS_l2_1227,1.4477426885165112
MD_SDSS_l2_1228,9.747014500063074
MD_SDSS_l2_122,5.388867278383492
MD_SDSS_l2_1225,8.045842184161257
MD_SDSS_l2_1229,6.63632385385147
MD_SDSS_l2_1230,10.203720962433685
MD_SDSS_l2_1233,6.861372284557168
MD_SDSS_l2_1236,15.121501474808614
MD_SDSS_l2_1231,10.00635812603592
MD_SDSS_l2_1232,10.963863144607465
MD_SDSS_l2_1235,9.567189115232589
MD_SDSS_l2_1237,9.058300502499534
MD_SDSS_l2_1234,13.23954063584837
MD_SDSS_l2_1238,8.071283447634984
MD_SDSS_l2_1239,3.175654561898856
MD_SDSS_l2_1241,18.43667482144332
MD_SDSS_l2_1244,9.896363578413709
MD_SDSS_l2_1240,11.090781644187974
MD_SDSS_l2_1243,10.832609193334068
MD_SDSS_l2_123,8.658834797882546
MD_SDSS_l2_1242,13.967947160531468
MD_SDSS_l2_1245,4.209788987157468
MD_SDSS_l2_1246,5.000697057969727
MD_SDSS_l2_124,3.4986407837193667
MD_SDSS_l2_1249,12.46299635654643
MD_SDSS_l2_1254,8.863812397087543
MD_SDSS_l2_1247,3.2300709697818775
MD_SDSS_l2_1251,14.651750780387186
MD_SDSS_l2_1252,16.254723226518248
MD_SDSS_l2_1248,8.478227968486696
MD_SDSS_l2_1250,13.565691057988163
MD_SDSS_l2_1253,6.42109222238968
MD_SDSS_l2_1257,9.301507172118047
MD_SDSS_l2_125,8.912380283070952
MD_SDSS_l2_1256,9.398798292384397
MD_SDSS_l2_1258,10.093301063015645
MD_SDSS_l2_1262,14.526916251971986
MD_SDSS_l2_1268,2.990858780958197
MD_SDSS_l2_1259,6.144764471206468
MD_SDSS_l2_1266,8.069891922711971
MD_SDSS_l2_1273,5.573238889174794
MD_SDSS_l2_1260,8.370728269007657
MD_SDSS_l2_1267,6.708159334313601
MD_SDSS_l2_1265,13.931701611560433
MD_SDSS_l2_1263,11.117379896935375
MD_SDSS_l2_1261,9.521690516505807
MD_SDSS_l2_1264,5.548710120174787
MD_SDSS_l2_126,7.386737713527923
MD_SDSS_l2_1277,11.530648397232829
MD_SDSS_l2_1269,10.076363001595592
MD_SDSS_l2_1275,11.891172652033644
MD_SDSS_l2_1272,11.727627496787624
MD_SDSS_l2_1270,11.53293782012324
MD_SDSS_l2_1274,16.001119304048935
MD_SDSS_l2_1278,6.002423005808517
MD_SDSS_l2_1284,10.929387688715968
MD_SDSS_l2_1279,11.530601973988643
MD_SDSS_l2_1276,9.860870736639523
MD_SDSS_l2_1281,13.530856723270302
MD_SDSS_l2_1283,16.00805579020304
MD_SDSS_l2_1280,14.001864335120668
MD_SDSS_l2_1282,15.324959691695614
MD_SDSS_l2_1288,10.73856204804337
MD_SDSS_l2_127,5.088280173029682
MD_SDSS_l2_1286,10.18294190322363
MD_SDSS_l2_1287,10.765255720585884
MD_SDSS_l2_1290,8.039136469096654
MD_SDSS_l2_1295,13.115510418816351
MD_SDSS_l2_1291,8.003567861618727
MD_SDSS_l2_128,6.550700378671509
MD_SDSS_l2_1285,9.954289118690314
MD_SDSS_l2_1299,7.038810616442822
MD_SDSS_l2_1289,11.520082489668832
MD_SDSS_l2_1292,10.152769509776302
MD_SDSS_l2_1298,9.062933639048044
MD_SDSS_l2_12,8.32661997567694
MD_SDSS_l2_1293,15.10569191760136
MD_SDSS_l2_1296,9.535190468565418
MD_SDSS_l2_1297,7.948780536275766
MD_SDSS_l2_1300,12.508116882046423
MD_SDSS_l2_1306,10.378522929183703
MD_SDSS_l2_1307,7.048079143727543
MD_SDSS_l2_1308,13.644968063055968
MD_SDSS_l2_129,8.31440940735732
MD_SDSS_l2_1294,4.96621105225565
MD_SDSS_l2_1305,7.874755340620059
MD_SDSS_l2_1301,7.59760031430082
MD_SDSS_l2_1302,11.57570421695061
MD_SDSS_l2_1303,12.058647782873575
MD_SDSS_l2_1304,10.644536729309987
MD_SDSS_l2_1310,8.317789933613486
MD_SDSS_l2_130,10.885031686076525
MD_SDSS_l2_1309,19.09820585529008
MD_SDSS_l2_1312,9.233930835660463
MD_SDSS_l2_1313,12.0000254511172
MD_SDSS_l2_1311,6.824955196266892
MD_SDSS_l2_1314,14.295891821652967
MD_SDSS_l2_1317,17.87688788778571
MD_SDSS_l2_1315,10.910024346271587
MD_SDSS_l2_1319,10.393316878720796
MD_SDSS_l2_1316,6.290840547823452
MD_SDSS_l2_1318,21.26598441549141
MD_SDSS_l2_1326,7.567085185094504
MD_SDSS_l2_1325,9.471098501818721
MD_SDSS_l2_131,13.76154916409292
MD_SDSS_l2_1327,11.73137960927887
MD_SDSS_l2_1320,5.687038502221396
MD_SDSS_l2_1329,15.79117896475146
MD_SDSS_l2_1328,14.059271665311126
MD_SDSS_l2_1321,7.416684892673453
MD_SDSS_l2_1322,6.86331120680685
MD_SDSS_l2_132,2.4373340167595643
MD_SDSS_l2_1324,11.469544338773092
MD_SDSS_l2_1323,10.2264711355479
MD_SDSS_l2_1330,7.01747573622157
MD_SDSS_l2_1331,5.701923049683542
MD_SDSS_l2_1332,15.958876711750785
MD_SDSS_l2_1334,17.219467756226734
MD_SDSS_l2_1333,11.049444547697302
MD_SDSS_l2_1338,4.806887483453993
MD_SDSS_l2_1336,11.66968409952393
MD_SDSS_l2_1339,13.806421766069366
MD_SDSS_l2_1337,17.92036897013616
MD_SDSS_l2_1335,10.296465472742295
MD_SDSS_l2_133,10.59360878340966
MD_SDSS_l2_1340,13.70793258304241
MD_SDSS_l2_1347,10.095256633698677
MD_SDSS_l2_1343,9.448990914230775
MD_SDSS_l2_1344,10.867441201488703
MD_SDSS_l2_1341,10.409228199421753
MD_SDSS_l2_1345,11.806205258132058
MD_SDSS_l2_1342,12.315389673063224
MD_SDSS_l2_1346,8.825900402027132
MD_SDSS_l2_1349,11.678410803689053
MD_SDSS_l2_1350,7.873603665394453
MD_SDSS_l2_1352,9.997488956487356
MD_SDSS_l2_1351,7.368066326276875
MD_SDSS_l2_1354,9.794424110762634
MD_SDSS_l2_1353,7.250092522664795
MD_SDSS_l2_1357,7.887547204261097
MD_SDSS_l2_1356,11.052574449707365
MD_SDSS_l2_1359,14.969391724667599
MD_SDSS_l2_1355,10.806395029320704
MD_SDSS_l2_135,16.565811798186147
MD_SDSS_l2_1360,14.41226144919695
MD_SDSS_l2_1361,10.156886139970677
MD_SDSS_l2_1358,7.277489978643062
MD_SDSS_l2_1363,9.59123096206179
MD_SDSS_l2_1364,13.18336442598899
MD_SDSS_l2_1362,15.418345066983731
MD_SDSS_l2_1365,3.6519258219162314
MD_SDSS_l2_1367,11.452630468787197
MD_SDSS_l2_1368,14.553014263074868
MD_SDSS_l2_136,10.468312757300765
MD_SDSS_l2_1366,17.54825646392109
MD_SDSS_l2_1369,8.892119813387847
MD_SDSS_l2_1370,10.321462433257096
MD_SDSS_l2_1372,9.683094353277994
MD_SDSS_l2_1373,13.508608362434428
MD_SDSS_l2_1374,9.686995950138115
MD_SDSS_l2_1378,3.185929444005504
MD_SDSS_l2_1376,10.54381373661132
MD_SDSS_l2_1377,13.80258131476127
MD_SDSS_l2_1379,9.380631468681377
MD_SDSS_l2_1375,6.393813203466907
MD_SDSS_l2_137,15.361494818865527
MD_SDSS_l2_1380,8.48398829521107
MD_SDSS_l2_1381,7.341992815194702
MD_SDSS_l2_1384,9.812926386297935
MD_SDSS_l2_1383,8.587498291435784
MD_SDSS_l2_1371,11.455143641436578
MD_SDSS_l2_1382,8.937970501261697
MD_SDSS_l2_1386,8.874866150048302
MD_SDSS_l2_1385,8.266116452627557
MD_SDSS_l2_1387,12.892783089940615
MD_SDSS_l2_1388,6.548785352455498
MD_SDSS_l2_1389,17.982453618488663
MD_SDSS_l2_138,2.3927945068620193
MD_SDSS_l2_1390,13.584147693575458
MD_SDSS_l2_1396,11.413703970898167
MD_SDSS_l2_1398,13.871357768243222
MD_SDSS_l2_1397,13.467646221816583
MD_SDSS_l2_139,4.7702538839749735
MD_SDSS_l2_1391,6.551152948123528
MD_SDSS_l2_1393,16.989383683108393
MD_SDSS_l2_1392,7.383261124682007
MD_SDSS_l2_1399,11.552509393202518
MD_SDSS_l2_1400,10.840263945230555
MD_SDSS_l2_1394,8.700707429385773
MD_SDSS_l2_1407,10.283177724628448
MD_SDSS_l2_1395,3.6128441888015796
MD_SDSS_l2_1408,3.3323039812908224
MD_SDSS_l2_1403,18.243232491577906
MD_SDSS_l2_1401,19.062234200945635
MD_SDSS_l2_1402,8.344972144934971
MD_SDSS_l2_1409,13.164568867482153
MD_SDSS_l2_13,10.905836959380515
MD_SDSS_l2_1411,4.0494239580832225
MD_SDSS_l2_1406,18.215463914681912
MD_SDSS_l2_1410,7.581667938012477
MD_SDSS_l2_1417,6.0824438478978475
MD_SDSS_l2_1405,7.295100069707669
MD_SDSS_l2_1404,8.312527193306096
MD_SDSS_l2_1418,8.49674421712454
MD_SDSS_l2_1412,9.18744569046614
MD_SDSS_l2_1419,10.155482993113086
MD_SDSS_l2_1420,11.762061285666606
MD_SDSS_l2_140,20.053237928008553
MD_SDSS_l2_1416,7.220507674417503
MD_SDSS_l2_1424,5.230345598887027
MD_SDSS_l2_1413,9.858392871077927
MD_SDSS_l2_1425,5.018847755467121
MD_SDSS_l2_1423,9.241717551866836
MD_SDSS_l2_1414,9.423625305960364
MD_SDSS_l2_1422,16.11070559585954
MD_SDSS_l2_1428,23.302141130348012
MD_SDSS_l2_1429,10.27913130305684
MD_SDSS_l2_1415,15.694944030426717
MD_SDSS_l2_141,10.431642572599749
MD_SDSS_l2_1426,8.4585673453965
MD_SDSS_l2_1432,8.799849179516915
MD_SDSS_l2_1421,8.723582980499312
MD_SDSS_l2_1427,8.364694169061929
MD_SDSS_l2_1434,10.871218558380194
MD_SDSS_l2_1433,15.35723207983237
MD_SDSS_l2_142,14.116659713455581
MD_SDSS_l2_1435,11.814414310932841
MD_SDSS_l2_1438,4.054766361735815
MD_SDSS_l2_1436,6.690990140255016
MD_SDSS_l2_1439,5.48584412676756
MD_SDSS_l2_1437,11.424256076900924
MD_SDSS_l2_143,10.696565262350589
MD_SDSS_l2_1441,13.705479090341479
MD_SDSS_l2_1440,11.702720695593971
MD_SDSS_l2_1442,5.265346501821218
MD_SDSS_l2_1443,5.641655376883829
MD_SDSS_l2_1445,11.128531182680398
MD_SDSS_l2_1430,14.386254445400688
MD_SDSS_l2_1431,11.572875265557972
MD_SDSS_l2_1444,11.994639435736143
MD_SDSS_l2_1446,4.196838455704784
MD_SDSS_l2_1448,2.507136753203982
MD_SDSS_l2_1450,13.43254836423339
MD_SDSS_l2_1451,8.823611006064098
MD_SDSS_l2_1452,9.941740432588253
MD_SDSS_l2_1453,12.315006939573706
MD_SDSS_l2_1447,12.122127762555976
MD_SDSS_l2_1454,10.979026246031719
MD_SDSS_l2_1449,9.706356324182302
MD_SDSS_l2_1455,6.280429111565514
MD_SDSS_l2_144,18.478150495291516
MD_SDSS_l2_1457,8.300783513279487
MD_SDSS_l2_1456,10.982012070846505
MD_SDSS_l2_1458,10.551411407831251
MD_SDSS_l2_145,9.135159428594338
MD_SDSS_l2_1462,8.232060403935296
MD_SDSS_l2_1463,9.903908125861378
MD_SDSS_l2_1459,5.639466997665078
MD_SDSS_l2_1461,8.06958329086282
MD_SDSS_l2_1460,7.324440084380921
MD_SDSS_l2_1465,10.200870932093647
MD_SDSS_l2_1468,8.400560044802265
MD_SDSS_l2_1469,6.857878589307678
MD_SDSS_l2_1470,6.573720470482199
MD_SDSS_l2_1471,5.81475149626716
MD_SDSS_l2_1476,24.12799137129842
MD_SDSS_l2_1466,7.2874394779056555
MD_SDSS_l2_1467,9.871914474868607
MD_SDSS_l2_1479,8.909544369476233
MD_SDSS_l2_1477,15.725205486083357
MD_SDSS_l2_1481,12.145110366441067
MD_SDSS_l2_1473,2.0728698883066787
MD_SDSS_l2_1475,6.3007046614327
MD_SDSS_l2_147,8.243103101407955
MD_SDSS_l2_1478,15.300891765402152
MD_SDSS_l2_1488,2.15653297036099
MD_SDSS_l2_1474,10.696713223893095
MD_SDSS_l2_146,11.132281472739576
MD_SDSS_l2_1472,-0.23647614911907944
MD_SDSS_l2_148,10.11847608582564
MD_SDSS_l2_1480,7.610650721268145
MD_SDSS_l2_1493,7.5971105592004395
MD_SDSS_l2_1486,10.397261825066911
MD_SDSS_l2_1483,9.614209780183014
MD_SDSS_l2_1494,11.32355904441343
MD_SDSS_l2_1482,5.255285750830545
MD_SDSS_l2_1484,18.73560641794782
MD_SDSS_l2_149,9.07312132048919
MD_SDSS_l2_1490,16.851336281173324
MD_SDSS_l2_14,14.210121382097121
MD_SDSS_l2_1498,11.150262618968478
MD_SDSS_l2_1485,10.045321248257352
MD_SDSS_l2_1487,6.87380299514043
MD_SDSS_l2_1489,7.756212231251851
MD_SDSS_l2_1499,9.801903708889078
MD_SDSS_l2_1491,12.620919716871862
MD_SDSS_l2_1495,14.475173656503923
MD_SDSS_l2_1492,9.693457456583818
MD_SDSS_l2_1508,16.40608503620111
MD_SDSS_l2_1497,17.734183359089926
MD_SDSS_l2_1496,5.055177138228498
MD_SDSS_l2_1511,5.911978921128755
MD_SDSS_l2_1512,8.762238278177925
MD_SDSS_l2_1515,18.148460608849565
MD_SDSS_l2_1502,9.875531237216915
MD_SDSS_l2_1500,16.697367641414804
MD_SDSS_l2_1505,11.76256962781685
MD_SDSS_l2_1519,20.864432763538822
MD_SDSS_l2_1501,9.210655180891557
MD_SDSS_l2_1513,15.343846375866061
MD_SDSS_l2_1504,16.875655096086582
MD_SDSS_l2_1517,7.674439830814787
MD_SDSS_l2_151,7.218221066904464
MD_SDSS_l2_1520,10.584674700708284
MD_SDSS_l2_1514,9.193178214351523
MD_SDSS_l2_1518,13.96992970208424
MD_SDSS_l2_1503,9.472785236229576
MD_SDSS_l2_1516,17.67118274420783
MD_SDSS_l2_1507,15.997165658679844
MD_SDSS_l2_1521,10.213225919108547
MD_SDSS_l2_1510,8.229969550772699
MD_SDSS_l2_1506,10.023181043487586
MD_SDSS_l2_1509,8.8320260195642
MD_SDSS_l2_1525,6.521677740651567
MD_SDSS_l2_1526,8.451543986737434
MD_SDSS_l2_1523,7.783178453143853
MD_SDSS_l2_1527,11.19362802174728
MD_SDSS_l2_1529,14.046509118982161
MD_SDSS_l2_1528,6.936477779439755
MD_SDSS_l2_1531,15.322966019062285
MD_SDSS_l2_152,6.833141857502204
MD_SDSS_l2_1522,14.341550091081512
MD_SDSS_l2_1524,11.345644049127518
MD_SDSS_l2_1537,8.640356448039707
MD_SDSS_l2_1538,9.516420489354283
MD_SDSS_l2_1534,11.989537588275251
MD_SDSS_l2_153,6.916658024585839
MD_SDSS_l2_1539,8.269416673436062
MD_SDSS_l2_1546,7.643914512694064
MD_SDSS_l2_1545,6.844537634695309
MD_SDSS_l2_1536,14.757735780384746
MD_SDSS_l2_1547,10.427784367075851
MD_SDSS_l2_1533,8.067113399612836
MD_SDSS_l2_1530,9.552628842448522
MD_SDSS_l2_1532,14.015929836296134
MD_SDSS_l2_1551,10.849414025368624
MD_SDSS_l2_1552,7.337483140079975
MD_SDSS_l2_1553,8.423825655524283
MD_SDSS_l2_1542,9.309675770013452
MD_SDSS_l2_1554,10.526939877864756
MD_SDSS_l2_1541,6.199461025023876
MD_SDSS_l2_1550,9.458594080472988
MD_SDSS_l2_1540,15.863519844664324
MD_SDSS_l2_1548,8.833667231225263
MD_SDSS_l2_1555,12.729566027008289
MD_SDSS_l2_1543,9.969492841715702
MD_SDSS_l2_1556,12.572361355900618
MD_SDSS_l2_1557,3.656704546936215
MD_SDSS_l2_1558,7.683947472414378
MD_SDSS_l2_1559,7.796122104198222
MD_SDSS_l2_155,7.6118345080942635
MD_SDSS_l2_1562,8.689719828526826
MD_SDSS_l2_1560,13.914916769325066
MD_SDSS_l2_1561,14.342869523646481
MD_SDSS_l2_1549,6.440563175225758
MD_SDSS_l2_154,16.826660681153186
MD_SDSS_l2_1563,15.980199788918814
MD_SDSS_l2_1564,8.26637066351185
MD_SDSS_l2_1565,13.531035313077906
MD_SDSS_l2_1566,9.458912325095334
MD_SDSS_l2_1567,1.4167633321544955
MD_SDSS_l2_1568,4.121762142593779
MD_SDSS_l2_1569,14.02075992740134
MD_SDSS_l2_156,10.94746150996198
MD_SDSS_l2_1570,5.827047904717093
MD_SDSS_l2_1571,15.20487791511673
MD_SDSS_l2_1572,7.254988403038231
MD_SDSS_l2_1573,12.186276491957898
MD_SDSS_l2_1575,3.6676617085321315
MD_SDSS_l2_1577,0.43184898849341913
MD_SDSS_l2_157,7.611575049031097
MD_SDSS_l2_1576,7.4819563877715005
MD_SDSS_l2_1579,8.286067169779459
MD_SDSS_l2_1578,7.991422477779455
MD_SDSS_l2_1581,8.542072842050318
MD_SDSS_l2_1580,9.569540389271896
MD_SDSS_l2_1574,9.648025566612878
MD_SDSS_l2_1583,12.027120441415077
MD_SDSS_l2_1585,12.139705108770352
MD_SDSS_l2_1586,11.922901785066074
MD_SDSS_l2_1584,16.04898078375944
MD_SDSS_l2_1588,11.304499896871597
MD_SDSS_l2_1582,13.597248373975061
MD_SDSS_l2_1587,12.026612234929907
MD_SDSS_l2_158,4.619374508043551
MD_SDSS_l2_1590,8.128007268322463
MD_SDSS_l2_1589,9.623357828813687
MD_SDSS_l2_1591,8.007987225344404
MD_SDSS_l2_1592,10.581542669816914
MD_SDSS_l2_1593,15.35559151820238
MD_SDSS_l2_1595,11.583605082935435
MD_SDSS_l2_1594,15.480396545321808
MD_SDSS_l2_1596,15.74648757102862
MD_SDSS_l2_15,11.095113782382379
MD_SDSS_l2_1597,9.711287652792004
MD_SDSS_l2_1599,10.246247418564122
MD_SDSS_l2_159,6.12819361609856
MD_SDSS_l2_1602,7.032273106448606
MD_SDSS_l2_1600,13.395794526880197
MD_SDSS_l2_1601,9.263663334875709
MD_SDSS_l2_1598,7.06276766649728
MD_SDSS_l2_1603,10.342791159208097
MD_SDSS_l2_1604,9.936201647240255
MD_SDSS_l2_1607,10.659162616888015
MD_SDSS_l2_1605,10.025988686225272
MD_SDSS_l2_1606,13.359217127051636
MD_SDSS_l2_1609,8.985541774369512
MD_SDSS_l2_1608,9.230072626850294
MD_SDSS_l2_160,8.725232029968124
MD_SDSS_l2_1610,16.401991277035407
MD_SDSS_l2_1617,11.488025683325828
MD_SDSS_l2_1611,17.76456418741869
MD_SDSS_l2_1616,7.943481739279572
MD_SDSS_l2_1619,11.828405981665803
MD_SDSS_l2_1614,6.527360769392004
MD_SDSS_l2_1612,10.766030329429134
MD_SDSS_l2_1618,7.0135465396099725
MD_SDSS_l2_1613,11.214528945158456
MD_SDSS_l2_1620,9.27176119209729
MD_SDSS_l2_1615,16.536718850033992
MD_SDSS_l2_161,12.559080724817228
MD_SDSS_l2_1623,7.52382612265008
MD_SDSS_l2_1621,8.560088348315322
MD_SDSS_l2_1624,16.759328894963563
MD_SDSS_l2_1622,17.097710860574203
MD_SDSS_l2_1625,7.925403888973982
MD_SDSS_l2_1626,10.647083659680352
MD_SDSS_l2_1630,11.984179090396319
MD_SDSS_l2_162,7.163339452714224
MD_SDSS_l2_1629,4.051174173838907
MD_SDSS_l2_1628,11.042431319020627
MD_SDSS_l2_1627,9.326060720877598
MD_SDSS_l2_1631,12.990208607696477
MD_SDSS_l2_1634,14.837753916518885
MD_SDSS_l2_1636,14.164324730985003
MD_SDSS_l2_1639,14.583782490306824
MD_SDSS_l2_163,10.246743574579364
MD_SDSS_l2_1642,9.4649625628849
MD_SDSS_l2_1644,20.76206600477589
MD_SDSS_l2_1633,13.201324463773664
MD_SDSS_l2_1635,7.950632397107519
MD_SDSS_l2_1648,9.193686979066223
MD_SDSS_l2_1638,16.949590602536695
MD_SDSS_l2_1649,4.551813627035374
MD_SDSS_l2_1650,10.481941639147603
MD_SDSS_l2_1641,3.834341515329614
MD_SDSS_l2_1637,5.912222480195053
MD_SDSS_l2_1645,9.940747932416437
MD_SDSS_l2_1632,6.233843256219263
MD_SDSS_l2_1646,7.3256126630847
MD_SDSS_l2_164,18.734954220108335
MD_SDSS_l2_1654,5.293301856271041
MD_SDSS_l2_1656,4.8125923987115815
MD_SDSS_l2_1643,8.076940393445726
MD_SDSS_l2_1640,8.782377227703048
MD_SDSS_l2_1651,5.542789628877022
MD_SDSS_l2_1647,15.119263793073923
MD_SDSS_l2_1661,6.772526747858299
MD_SDSS_l2_1662,4.989185844560065
MD_SDSS_l2_1653,10.280742735826934
MD_SDSS_l2_1663,11.69540929208905
MD_SDSS_l2_1659,7.547062585090396
MD_SDSS_l2_1660,17.28445112808163
MD_SDSS_l2_1664,5.8026431769220235
MD_SDSS_l2_1665,5.84790730218579
MD_SDSS_l2_1666,8.9078066466443
MD_SDSS_l2_1667,7.589189019240558
MD_SDSS_l2_1668,7.0576899610767825
MD_SDSS_l2_1652,10.283693352037147
MD_SDSS_l2_1658,10.493255132435944
MD_SDSS_l2_166,16.34892388719527
MD_SDSS_l2_1657,10.287401286510548
MD_SDSS_l2_1671,16.164346676761262
MD_SDSS_l2_1672,8.129233093201695
MD_SDSS_l2_1669,11.434211349990736
MD_SDSS_l2_1673,8.93803980270891
MD_SDSS_l2_1674,5.366936258451036
MD_SDSS_l2_1655,12.841865269719975
MD_SDSS_l2_1676,15.435163729609913
MD_SDSS_l2_1675,9.335534616021679
MD_SDSS_l2_165,9.968853531253586
MD_SDSS_l2_1679,-7.600037014238383
MD_SDSS_l2_167,11.408622314452913
MD_SDSS_l2_1677,8.510448455179002
MD_SDSS_l2_1678,18.338425835306307
MD_SDSS_l2_1681,14.228255048140872
MD_SDSS_l2_1683,6.863210719042547
MD_SDSS_l2_1680,14.916124901690473
MD_SDSS_l2_1682,15.351452280245962
MD_SDSS_l2_1684,17.390347711639293
MD_SDSS_l2_1685,6.703608245718243
MD_SDSS_l2_1688,10.711252208125039
MD_SDSS_l2_1687,13.400482524761392
MD_SDSS_l2_1689,18.86247237002844
MD_SDSS_l2_168,9.7395642198466
MD_SDSS_l2_1690,18.272817097884815
MD_SDSS_l2_1692,11.486641491603114
MD_SDSS_l2_1691,14.18731779271987
MD_SDSS_l2_1693,9.264949177846276
MD_SDSS_l2_1694,11.216841680273138
MD_SDSS_l2_1696,15.252418285321486
MD_SDSS_l2_1697,5.901000688544153
MD_SDSS_l2_1695,9.467763081984744
MD_SDSS_l2_1698,19.54203324354367
MD_SDSS_l2_16,15.132561558038763
MD_SDSS_l2_1699,4.905924757289748
MD_SDSS_l2_169,5.28401911361056
MD_SDSS_l2_1701,13.070497089329194
MD_SDSS_l2_1700,10.20997608246551
MD_SDSS_l2_1704,12.826769226033917
MD_SDSS_l2_1707,7.846683503213281
MD_SDSS_l2_1703,10.895935168343788
MD_SDSS_l2_1708,14.243990324708628
MD_SDSS_l2_170,20.72344308081935
MD_SDSS_l2_1709,14.822678493934598
MD_SDSS_l2_1705,24.087772969818907
MD_SDSS_l2_1715,9.858383255301142
MD_SDSS_l2_1710,9.430986180510995
MD_SDSS_l2_1712,7.617122534066053
MD_SDSS_l2_1716,6.2643145223287835
MD_SDSS_l2_1713,7.725921517091606
MD_SDSS_l2_1717,7.373251508441172
MD_SDSS_l2_1718,7.636522607545794
MD_SDSS_l2_1706,10.014360784212135
MD_SDSS_l2_1714,9.174007370036897
MD_SDSS_l2_1719,7.626202050494848
MD_SDSS_l2_1711,10.558051628622934
MD_SDSS_l2_171,12.088192487066987
MD_SDSS_l2_1702,20.092512231037425
MD_SDSS_l2_1720,7.623994045281741
MD_SDSS_l2_1721,5.299902510627065
MD_SDSS_l2_1725,10.42438542634049
MD_SDSS_l2_1724,12.808312523400874
MD_SDSS_l2_1722,12.857515129444415
MD_SDSS_l2_1723,3.6857734364469525
MD_SDSS_l2_1726,9.079186641145794
MD_SDSS_l2_1727,12.679341534669453
MD_SDSS_l2_1728,11.571828832721254
MD_SDSS_l2_1729,12.52108168104128
MD_SDSS_l2_1731,6.284243000786445
MD_SDSS_l2_1730,7.926270227088255
MD_SDSS_l2_1732,14.04575620944357
MD_SDSS_l2_172,11.029507511062903
MD_SDSS_l2_1734,10.66351519215927
MD_SDSS_l2_1733,7.198714308958017
MD_SDSS_l2_1737,8.565573381199732
MD_SDSS_l2_1735,7.236301130909952
MD_SDSS_l2_1736,3.2177759224615183
MD_SDSS_l2_1738,16.321246043647868
MD_SDSS_l2_173,7.01881418927473
MD_SDSS_l2_1740,6.541663799736
MD_SDSS_l2_1739,8.52844411858574
MD_SDSS_l2_1744,8.570431941535094
MD_SDSS_l2_1745,11.028506640293395
MD_SDSS_l2_1741,11.347430700440547
MD_SDSS_l2_1742,7.942244673044472
MD_SDSS_l2_1743,7.1625549827694
MD_SDSS_l2_1748,11.577261458911519
MD_SDSS_l2_1746,9.220262247974063
MD_SDSS_l2_1749,13.497330365853111
MD_SDSS_l2_1747,11.354242128168394
MD_SDSS_l2_174,9.55458750337299
MD_SDSS_l2_1752,9.44292096220417
MD_SDSS_l2_1751,15.7872215691817
MD_SDSS_l2_1753,9.704673073936581
MD_SDSS_l2_1750,11.464805877436328
MD_SDSS_l2_1754,5.340447717615319
MD_SDSS_l2_1756,11.575463419380519
MD_SDSS_l2_1759,3.916549202884857
MD_SDSS_l2_175,10.776957341106714
MD_SDSS_l2_1755,6.939463429186208
MD_SDSS_l2_1760,17.074781205695587
MD_SDSS_l2_1761,7.020229766164954
MD_SDSS_l2_1757,11.251458825382969
MD_SDSS_l2_1758,4.255185066286673
MD_SDSS_l2_1762,7.724548371497802
MD_SDSS_l2_1763,13.048246300756173
MD_SDSS_l2_1766,9.569305103333225
MD_SDSS_l2_1767,15.638099005112133
MD_SDSS_l2_1769,10.087893238862645
MD_SDSS_l2_1772,9.373939214287299
MD_SDSS_l2_1770,13.909766318425886
MD_SDSS_l2_1773,8.046280889930122
MD_SDSS_l2_1774,10.155572475115076
MD_SDSS_l2_1775,6.190501626477078
MD_SDSS_l2_1776,2.7377122321147933
MD_SDSS_l2_1780,9.571205748825609
MD_SDSS_l2_1779,14.810822732718538
MD_SDSS_l2_177,7.123562629389957
MD_SDSS_l2_1777,10.052845277715114
MD_SDSS_l2_1764,8.356046472062145
MD_SDSS_l2_1765,13.238193779564666
MD_SDSS_l2_1771,9.368224796960689
MD_SDSS_l2_176,14.671081508354128
MD_SDSS_l2_1768,2.9133285664975634
MD_SDSS_l2_1781,13.769818635466507
MD_SDSS_l2_1788,7.901278705052448
MD_SDSS_l2_1785,11.088628685904338
MD_SDSS_l2_1789,9.78485514729144
MD_SDSS_l2_178,10.987709067032787
MD_SDSS_l2_1778,11.021769036205198
MD_SDSS_l2_1794,9.930351199900699
MD_SDSS_l2_1792,20.655619730881178
MD_SDSS_l2_1782,15.585373144691484
MD_SDSS_l2_1791,12.03858289566904
MD_SDSS_l2_1783,9.690470224939208
MD_SDSS_l2_1797,5.984078354588899
MD_SDSS_l2_1787,9.564173485795946
MD_SDSS_l2_1786,11.96499172952292
MD_SDSS_l2_1799,18.226052268122103
MD_SDSS_l2_1784,12.466159923237662
MD_SDSS_l2_1790,18.396694546446103
MD_SDSS_l2_1793,6.579639741889158
MD_SDSS_l2_1796,12.514484882395228
MD_SDSS_l2_1795,8.275568979752105
MD_SDSS_l2_1805,13.184783837641799
MD_SDSS_l2_1802,10.87299037204232
MD_SDSS_l2_1798,7.701659780843822
MD_SDSS_l2_1807,12.515702151136693
MD_SDSS_l2_1800,13.856592559417903
MD_SDSS_l2_1806,8.502785166239992
MD_SDSS_l2_1808,9.797519466382496
MD_SDSS_l2_1809,10.972367888035395
MD_SDSS_l2_179,6.4575462103710795
MD_SDSS_l2_1813,9.928468813188541
MD_SDSS_l2_1812,8.294326642521824
MD_SDSS_l2_17,7.832005311091715
MD_SDSS_l2_180,12.736388669555268
MD_SDSS_l2_1804,9.955099430202104
MD_SDSS_l2_1801,8.031888815855757
MD_SDSS_l2_1803,6.193293590599382
MD_SDSS_l2_1810,9.105908729825668
MD_SDSS_l2_1817,3.5156343615358647
MD_SDSS_l2_1814,8.633111521836431
MD_SDSS_l2_1811,15.0434541161024
MD_SDSS_l2_1819,10.992751099337749
MD_SDSS_l2_1825,7.54294779388273
MD_SDSS_l2_1826,6.9766625484898
MD_SDSS_l2_1816,7.8593041185500905
MD_SDSS_l2_1827,9.221588932134633
MD_SDSS_l2_1824,14.298448477523777
MD_SDSS_l2_1828,5.106443248055928
MD_SDSS_l2_1829,9.523459598923584
MD_SDSS_l2_1815,13.010105104687163
MD_SDSS_l2_1822,8.807538183544018
MD_SDSS_l2_1820,5.984767369075106
MD_SDSS_l2_1821,21.094303012588675
MD_SDSS_l2_1830,8.067302312517105
MD_SDSS_l2_1818,9.896321247814107
MD_SDSS_l2_181,8.613400742969068
MD_SDSS_l2_182,10.162773779044661
MD_SDSS_l2_1823,9.306324440752269
MD_SDSS_l2_1831,18.402389846432598
MD_SDSS_l2_1834,18.55330003494547
MD_SDSS_l2_1837,10.594642753691097
MD_SDSS_l2_183,9.721673466002335
MD_SDSS_l2_1833,15.09689872800703
MD_SDSS_l2_1841,14.749192957748816
MD_SDSS_l2_1845,7.607893635990531
MD_SDSS_l2_1846,12.991983035805596
MD_SDSS_l2_1835,13.393295055394052
MD_SDSS_l2_1839,8.20137431542931
MD_SDSS_l2_184,8.228158420964428
MD_SDSS_l2_1836,12.404530058217372
MD_SDSS_l2_1847,7.725102136923462
MD_SDSS_l2_1848,14.779619123904281
MD_SDSS_l2_1849,7.364334310742554
MD_SDSS_l2_1851,9.239675530363149
MD_SDSS_l2_1852,10.782169893012536
MD_SDSS_l2_1840,19.951030607518874
MD_SDSS_l2_1838,8.947677036136024
MD_SDSS_l2_1832,6.131297167164062
MD_SDSS_l2_1844,19.01865639467348
MD_SDSS_l2_1850,15.891389268520147
MD_SDSS_l2_1856,12.703852590586695
MD_SDSS_l2_1842,9.4762649727246
MD_SDSS_l2_1858,8.936872526567484
MD_SDSS_l2_1859,9.852819571142687
MD_SDSS_l2_1857,10.690530494148828
MD_SDSS_l2_1855,6.335250968752499
MD_SDSS_l2_1860,6.912581030309115
MD_SDSS_l2_185,8.630782344038138
MD_SDSS_l2_1853,15.094981229466343
MD_SDSS_l2_1864,11.604519964102506
MD_SDSS_l2_1862,17.516203661067713
MD_SDSS_l2_1861,8.623903015763789
MD_SDSS_l2_1854,6.799527974378561
MD_SDSS_l2_1867,6.274948349023804
MD_SDSS_l2_1863,8.136578492992607
MD_SDSS_l2_1865,9.11365959633525
MD_SDSS_l2_1866,11.312202565045164
MD_SDSS_l2_1869,5.318335621228643
MD_SDSS_l2_1868,3.198200503662445
MD_SDSS_l2_186,7.186878155667083
MD_SDSS_l2_1871,9.036683331073558
MD_SDSS_l2_1870,6.945988460187552
MD_SDSS_l2_1873,10.252497788407467
MD_SDSS_l2_1872,10.528830349189569
MD_SDSS_l2_1874,5.90743580649197
MD_SDSS_l2_1876,13.913985652905076
MD_SDSS_l2_1877,22.0570470118927
MD_SDSS_l2_1875,8.596013592812392
MD_SDSS_l2_1878,13.435769909074061
MD_SDSS_l2_1879,8.761630873616866
MD_SDSS_l2_187,9.782265694767489
MD_SDSS_l2_1883,9.323309195910218
MD_SDSS_l2_1882,15.174921145660246
MD_SDSS_l2_1881,7.128463591443543
MD_SDSS_l2_1880,6.92711599116441
MD_SDSS_l2_1885,8.98035827976556
MD_SDSS_l2_1887,7.664036574958132
MD_SDSS_l2_1889,4.289209209435354
MD_SDSS_l2_1890,9.15449944676366
MD_SDSS_l2_1884,9.454423560788216
MD_SDSS_l2_1888,6.916070099299057
MD_SDSS_l2_188,17.011080128232713
MD_SDSS_l2_1892,7.196925374361268
MD_SDSS_l2_1886,12.944555460105576
MD_SDSS_l2_1891,10.746957423946888
MD_SDSS_l2_1893,10.180194760631462
MD_SDSS_l2_1898,8.918815559620471
MD_SDSS_l2_189,7.50595727581813
MD_SDSS_l2_1903,10.12656963974244
MD_SDSS_l2_1900,6.8908858982371175
MD_SDSS_l2_1901,9.028223354952104
MD_SDSS_l2_1904,8.573593612067043
MD_SDSS_l2_18,8.950021331771136
MD_SDSS_l2_1894,10.934392004419461
MD_SDSS_l2_1907,15.038365744836177
MD_SDSS_l2_1896,17.27224865946649
MD_SDSS_l2_1897,4.927038559108913
MD_SDSS_l2_190,11.582962058926121
MD_SDSS_l2_1899,6.628141922187355
MD_SDSS_l2_1895,13.057164546682019
MD_SDSS_l2_1902,9.835652983710386
MD_SDSS_l2_1909,18.52714316834351
MD_SDSS_l2_1908,16.40791330851579
MD_SDSS_l2_1905,15.935684745554472
MD_SDSS_l2_1915,9.016514623687371
MD_SDSS_l2_1906,11.938074051245426
MD_SDSS_l2_191,10.051854736277917
MD_SDSS_l2_1914,9.162582360362691
MD_SDSS_l2_1913,12.636733935075167
MD_SDSS_l2_1917,5.0066900001697086
MD_SDSS_l2_1922,6.72662139527954
MD_SDSS_l2_1920,9.524213205011666
MD_SDSS_l2_1925,10.69470265651307
MD_SDSS_l2_1921,11.868983063099634
MD_SDSS_l2_1912,16.625604152343374
MD_SDSS_l2_1927,6.279880251104478
MD_SDSS_l2_1928,10.325872747689914
MD_SDSS_l2_1916,10.238409623935812
MD_SDSS_l2_192,7.095452652339441
MD_SDSS_l2_1919,3.8951599718364847
MD_SDSS_l2_1911,10.681008641777147
MD_SDSS_l2_1923,14.546967050233679
MD_SDSS_l2_1935,9.741468653951362
MD_SDSS_l2_1930,9.877837268101556
MD_SDSS_l2_1926,14.210192164296299
MD_SDSS_l2_1918,12.627763600108063
MD_SDSS_l2_1924,6.678767482869196
MD_SDSS_l2_1932,11.190250037290314
MD_SDSS_l2_1940,10.141914474827068
MD_SDSS_l2_1941,7.9895751818225955
MD_SDSS_l2_1942,8.467894714037673
MD_SDSS_l2_1929,6.845492521627792
MD_SDSS_l2_1931,9.213215628896766
MD_SDSS_l2_1938,12.587258543908375
MD_SDSS_l2_1943,12.321904245422802
MD_SDSS_l2_1933,7.675187544019266
MD_SDSS_l2_1934,19.852499184985646
MD_SDSS_l2_1947,9.40374332959394
MD_SDSS_l2_1939,11.698557401632591
MD_SDSS_l2_1937,13.090727554490005
MD_SDSS_l2_1936,10.114573436789296
MD_SDSS_l2_1951,16.540327157803606
MD_SDSS_l2_193,16.814951550876785
MD_SDSS_l2_1953,12.71457310333776
MD_SDSS_l2_1954,6.564437862865898
MD_SDSS_l2_1948,11.27550736562086
MD_SDSS_l2_1949,7.135405958762432
MD_SDSS_l2_1944,5.457953133224061
MD_SDSS_l2_1959,11.549295019482344
MD_SDSS_l2_1956,13.167995414743025
MD_SDSS_l2_1946,16.45444163108076
MD_SDSS_l2_1950,17.927857164463422
MD_SDSS_l2_1961,7.399788249864958
MD_SDSS_l2_1962,8.206707185923669
MD_SDSS_l2_194,15.465077524297579
MD_SDSS_l2_1963,7.578629186558776
MD_SDSS_l2_1952,7.849886983851317
MD_SDSS_l2_1969,7.693867778488753
MD_SDSS_l2_1957,7.905263926899336
MD_SDSS_l2_196,12.180783252800131
MD_SDSS_l2_1955,8.234603527157946
MD_SDSS_l2_1958,8.741289171376462
MD_SDSS_l2_1968,7.975090218584418
MD_SDSS_l2_1971,14.054752106370431
MD_SDSS_l2_1973,16.06281066729018
MD_SDSS_l2_1960,18.038620973269886
MD_SDSS_l2_1966,16.107321371987318
MD_SDSS_l2_1964,9.73979422041094
MD_SDSS_l2_1967,9.716121572845896
MD_SDSS_l2_1978,13.267445088802106
MD_SDSS_l2_197,12.364773630293081
MD_SDSS_l2_1970,11.483897956462929
MD_SDSS_l2_1979,13.79142220958725
MD_SDSS_l2_1965,10.942825215553404
MD_SDSS_l2_1981,10.582137624755504
MD_SDSS_l2_1975,11.67547541466342
MD_SDSS_l2_1972,8.293853457887035
MD_SDSS_l2_1982,7.426682765769243
MD_SDSS_l2_1976,17.164941630146984
MD_SDSS_l2_1985,12.41081387547234
MD_SDSS_l2_1974,6.266664020647875
MD_SDSS_l2_1984,8.10926668922962
MD_SDSS_l2_1986,16.758219320630694
MD_SDSS_l2_1980,9.493641251820584
MD_SDSS_l2_1977,9.717906788970529
MD_SDSS_l2_1988,5.213584155200573
MD_SDSS_l2_1983,4.406596486466613
MD_SDSS_l2_1990,14.291513206197624
MD_SDSS_l2_1989,11.710195560346218
MD_SDSS_l2_1991,5.525086396375919
MD_SDSS_l2_1992,13.92265885956257
MD_SDSS_l2_1993,8.10652617729544
MD_SDSS_l2_19,4.733835504322885
MD_SDSS_l2_2000,11.156197899386395
MD_SDSS_l2_199,11.476784803788759
MD_SDSS_l2_2001,11.278865909453188
MD_SDSS_l2_198,10.95064543524974
MD_SDSS_l2_2002,9.763088135304871
MD_SDSS_l2_1998,6.765870592597901
MD_SDSS_l2_1997,9.918928106284861
MD_SDSS_l2_2005,10.870010715039252
MD_SDSS_l2_2006,7.183358096400665
MD_SDSS_l2_1996,9.64521446120847
MD_SDSS_l2_1994,12.792777638974645
MD_SDSS_l2_1995,10.210117870524908
MD_SDSS_l2_1999,16.185948810755278
MD_SDSS_l2_2010,8.52923598373642
MD_SDSS_l2_2012,9.587026704463327
MD_SDSS_l2_1,8.623068201619128
MD_SDSS_l2_2009,10.73938035353385
MD_SDSS_l2_2015,8.140123476720163
MD_SDSS_l2_2014,13.1002475242885
MD_SDSS_l2_2003,10.663710942776612
MD_SDSS_l2_2004,13.968788496936552
MD_SDSS_l2_2019,6.6903969932747955
MD_SDSS_l2_2007,5.63456236117335
MD_SDSS_l2_201,5.666340861427187
MD_SDSS_l2_2008,2.2959758802999737
MD_SDSS_l2_200,7.734321868096189
MD_SDSS_l2_2011,6.72888616223633
MD_SDSS_l2_2016,10.554666980354314
MD_SDSS_l2_2018,4.384212385698314
MD_SDSS_l2_2025,15.137676129712077
MD_SDSS_l2_2013,10.341324716306694
MD_SDSS_l2_2017,7.768541218342986
MD_SDSS_l2_2020,5.064983342826698
MD_SDSS_l2_2030,17.9979952735746
MD_SDSS_l2_2032,8.315202387217164
MD_SDSS_l2_2029,8.208433818409798
MD_SDSS_l2_202,5.061204446919145
MD_SDSS_l2_2026,8.67678630843195
MD_SDSS_l2_2033,3.4715348013371994
MD_SDSS_l2_2021,14.523923893503278
MD_SDSS_l2_2022,8.71525784807898
MD_SDSS_l2_2024,16.928175187405614
MD_SDSS_l2_2039,9.202275384148145
MD_SDSS_l2_2023,11.343464529906335
MD_SDSS_l2_2027,9.402782834977693
MD_SDSS_l2_2028,7.996003006938586
MD_SDSS_l2_2036,13.22316186721078
MD_SDSS_l2_203,12.090320961714584
MD_SDSS_l2_2037,14.955746736773538
MD_SDSS_l2_2042,6.746178359077529
MD_SDSS_l2_2031,14.026949645415064
MD_SDSS_l2_2038,6.320259852601566
MD_SDSS_l2_2040,7.114068965247792
MD_SDSS_l2_2035,14.24951505344134
MD_SDSS_l2_2034,9.86701591569729
MD_SDSS_l2_2043,14.166255761610612
MD_SDSS_l2_2046,17.25844321665952
MD_SDSS_l2_2047,8.924949444982808
MD_SDSS_l2_2048,10.648100692048892
MD_SDSS_l2_2049,5.07993484532296
MD_SDSS_l2_204,6.168733377530083
MD_SDSS_l2_2044,8.156403339817238
MD_SDSS_l2_2045,11.665508340250932
MD_SDSS_l2_2059,16.13057553134748
MD_SDSS_l2_2050,9.737315270552607
MD_SDSS_l2_2051,6.986458484405398
MD_SDSS_l2_2057,10.648481414504179
MD_SDSS_l2_2052,8.148272263188904
MD_SDSS_l2_2061,12.819606458686232
MD_SDSS_l2_2058,8.152166853412314
MD_SDSS_l2_2055,7.575972862120619
MD_SDSS_l2_205,4.824322689603678
MD_SDSS_l2_2067,8.484658490741857
MD_SDSS_l2_2053,8.066813760159146
MD_SDSS_l2_2054,10.031301414324089
MD_SDSS_l2_2060,8.175769660620798
MD_SDSS_l2_2070,11.61976291876398
MD_SDSS_l2_2063,8.008604282904502
MD_SDSS_l2_2068,16.658896412707364
MD_SDSS_l2_2056,12.220346507037341
MD_SDSS_l2_2062,3.7409387814221393
MD_SDSS_l2_2069,17.249549259557075
MD_SDSS_l2_206,17.483815625705983
MD_SDSS_l2_2066,7.93156996016404
MD_SDSS_l2_2064,9.334065321365467
MD_SDSS_l2_2065,12.438958419820318
MD_SDSS_l2_2072,10.130690817921774
MD_SDSS_l2_2071,0.7954156585845915
MD_SDSS_l2_2078,10.83686947516324
MD_SDSS_l2_2073,10.551599425233977
MD_SDSS_l2_2074,11.281504749815596
MD_SDSS_l2_2076,5.283350661969935
MD_SDSS_l2_2080,8.299286153827794
MD_SDSS_l2_2075,13.043212513537537
MD_SDSS_l2_2083,12.011170262659432
MD_SDSS_l2_207,10.988899878598344
MD_SDSS_l2_2081,8.37984973981114
MD_SDSS_l2_2082,7.028590497856431
MD_SDSS_l2_2090,4.747866588040964
MD_SDSS_l2_2077,8.133256068614736
MD_SDSS_l2_2079,10.041201803851399
MD_SDSS_l2_2085,17.298229188829673
MD_SDSS_l2_2084,22.133833619472025
MD_SDSS_l2_2089,12.392981178122717
MD_SDSS_l2_2094,6.7948080087989275
MD_SDSS_l2_2097,2.1010274258822026
MD_SDSS_l2_2091,11.26678532591743
MD_SDSS_l2_2088,15.292097533013326
MD_SDSS_l2_2099,16.623981097028864
MD_SDSS_l2_209,5.143088225074914
MD_SDSS_l2_2086,12.7520197454662
MD_SDSS_l2_20,9.7963248633802
MD_SDSS_l2_2101,17.43273910856684
MD_SDSS_l2_2087,9.571623865947162
MD_SDSS_l2_2103,5.85762204817563
MD_SDSS_l2_2098,17.52482832944462
MD_SDSS_l2_2092,7.980508699954853
MD_SDSS_l2_208,8.6094721481469
MD_SDSS_l2_2093,10.849439280325086
MD_SDSS_l2_2106,16.103949111584697
MD_SDSS_l2_2109,13.365143471100891
MD_SDSS_l2_2107,10.055750279224645
MD_SDSS_l2_2108,6.284063019523076
MD_SDSS_l2_210,17.02498063329144
MD_SDSS_l2_2096,15.497257493163023
MD_SDSS_l2_2111,8.66321984683246
MD_SDSS_l2_2112,5.51803296556375
MD_SDSS_l2_2113,13.72436493794267
MD_SDSS_l2_2110,12.46548891174784
MD_SDSS_l2_2095,8.909165638572603
MD_SDSS_l2_2100,4.739585717489318
MD_SDSS_l2_2114,13.241063785199321
MD_SDSS_l2_2118,12.771552467627412
MD_SDSS_l2_2102,14.97187185099224
MD_SDSS_l2_2116,5.301286150559925
MD_SDSS_l2_211,9.97035298022351
MD_SDSS_l2_2119,15.254928627462434
MD_SDSS_l2_2117,8.464693952087128
MD_SDSS_l2_2115,12.017626450636728
MD_SDSS_l2_2104,0.597497793149234
MD_SDSS_l2_2122,9.903197589783568
MD_SDSS_l2_2105,4.257794419912534
MD_SDSS_l2_2121,13.127146717871293
MD_SDSS_l2_2120,8.685468223762562
MD_SDSS_l2_2123,9.582353845507557
MD_SDSS_l2_2125,9.409532161587258
MD_SDSS_l2_2128,8.752402214329168
MD_SDSS_l2_2126,7.520511905788322
MD_SDSS_l2_212,3.9122774092328623
MD_SDSS_l2_2124,10.399204538155999
MD_SDSS_l2_2130,9.8501151256247
MD_SDSS_l2_2127,14.843360148865397
MD_SDSS_l2_2129,4.8200457408329775
MD_SDSS_l2_2131,9.044234006914822
MD_SDSS_l2_2133,10.233932834738942
MD_SDSS_l2_2132,12.14978002018161
MD_SDSS_l2_2134,7.9185742729617
MD_SDSS_l2_2136,4.610432364383227
MD_SDSS_l2_2135,14.073193514166435
MD_SDSS_l2_2138,6.489806708783922
MD_SDSS_l2_2139,14.596641463107343
MD_SDSS_l2_2137,17.805525893030648
MD_SDSS_l2_213,8.93175393589511
MD_SDSS_l2_2142,10.54144383600966
MD_SDSS_l2_2140,18.082325001105023
MD_SDSS_l2_2141,11.728436908277736
MD_SDSS_l2_2143,10.639004435069335
MD_SDSS_l2_2147,7.9377212468070955
MD_SDSS_l2_2145,7.5480359319399035
MD_SDSS_l2_2148,12.002490973062937
MD_SDSS_l2_2146,10.610555173350017
MD_SDSS_l2_2144,7.210958919687698
MD_SDSS_l2_2150,10.060694669084617
MD_SDSS_l2_214,10.339670747252601
MD_SDSS_l2_2151,13.213306109156363
MD_SDSS_l2_2149,5.215882915179739
MD_SDSS_l2_2152,6.560603566226261
MD_SDSS_l2_2153,16.192220779455337
MD_SDSS_l2_2159,6.0781642629092065
MD_SDSS_l2_2161,7.6270753717543815
MD_SDSS_l2_215,5.647359188938504
MD_SDSS_l2_2158,12.102661272382262
MD_SDSS_l2_2160,8.42283811581599
MD_SDSS_l2_2157,13.445060552611709
MD_SDSS_l2_2167,7.424406903725396
MD_SDSS_l2_2163,8.32825668752365
MD_SDSS_l2_2155,11.783778231387998
MD_SDSS_l2_2154,13.81478881287748
MD_SDSS_l2_2164,10.978869167813208
MD_SDSS_l2_2171,6.187131021084346
MD_SDSS_l2_2156,8.288329101890115
MD_SDSS_l2_2165,5.382839990470723
MD_SDSS_l2_2162,5.178980810055183
MD_SDSS_l2_2177,6.435897257040152
MD_SDSS_l2_2166,11.636396367836499
MD_SDSS_l2_2168,13.45154556488075
MD_SDSS_l2_2170,6.924828253746613
MD_SDSS_l2_2178,14.127301231608612
MD_SDSS_l2_216,10.3856470814077
MD_SDSS_l2_2169,10.109458420895479
MD_SDSS_l2_2174,7.166996797682778
MD_SDSS_l2_2184,15.466345046748621
MD_SDSS_l2_2173,9.735013113044175
MD_SDSS_l2_2185,11.988812907747668
MD_SDSS_l2_2187,6.073328560759924
MD_SDSS_l2_2175,13.70268922726289
MD_SDSS_l2_2188,8.445073450640711
MD_SDSS_l2_2172,9.229445195545123
MD_SDSS_l2_2181,-3.7839327018943134
MD_SDSS_l2_218,10.303481553809585
MD_SDSS_l2_2191,10.994784811535649
MD_SDSS_l2_2190,15.536492721495094
MD_SDSS_l2_2176,22.66707459106123
MD_SDSS_l2_2193,13.008845848967123
MD_SDSS_l2_2183,13.686462284655805
MD_SDSS_l2_217,8.039246628765055
MD_SDSS_l2_2179,17.904616798842696
MD_SDSS_l2_2186,19.872327002680372
MD_SDSS_l2_2180,9.306808723028517
MD_SDSS_l2_2198,6.624554264696053
MD_SDSS_l2_21,14.53184462141489
MD_SDSS_l2_2194,8.179495177376381
MD_SDSS_l2_2182,8.98068076123803
MD_SDSS_l2_2189,13.239311167383317
MD_SDSS_l2_219,12.693800152190144
MD_SDSS_l2_2196,10.567375584165353
MD_SDSS_l2_2205,7.700391745253673
MD_SDSS_l2_2206,17.63031812726057
MD_SDSS_l2_2207,8.366437074649284
MD_SDSS_l2_2200,12.609725100832698
MD_SDSS_l2_2202,9.322096287900878
MD_SDSS_l2_2208,7.895082002066772
MD_SDSS_l2_2192,9.66834061439168
MD_SDSS_l2_2197,10.57476381556608
MD_SDSS_l2_2203,15.708581242125408
MD_SDSS_l2_2199,10.592425765856547
MD_SDSS_l2_220,12.908668692397349
MD_SDSS_l2_2195,6.8659777678353695
MD_SDSS_l2_2201,10.61320070611167
MD_SDSS_l2_2210,14.089045411449423
MD_SDSS_l2_2209,15.229464018356854
MD_SDSS_l2_2213,8.438002130614574
MD_SDSS_l2_2212,9.525298138343782
MD_SDSS_l2_2211,9.365353348045225
MD_SDSS_l2_2214,7.586872037324578
MD_SDSS_l2_2204,12.06004696729033
MD_SDSS_l2_2216,8.739935193342953
MD_SDSS_l2_2217,6.43608779413457
MD_SDSS_l2_2218,7.36888009598577
MD_SDSS_l2_221,10.056092615300862
MD_SDSS_l2_2219,7.442590210856767
MD_SDSS_l2_2221,12.359857172788333
MD_SDSS_l2_2220,14.142368195041117
MD_SDSS_l2_2223,11.619705857856001
MD_SDSS_l2_2224,2.167421704927351
MD_SDSS_l2_2222,4.998416663089307
MD_SDSS_l2_2226,13.821731917054588
MD_SDSS_l2_2225,8.46210989772139
MD_SDSS_l2_2228,11.110288857629603
MD_SDSS_l2_2229,4.346948879400944
MD_SDSS_l2_222,16.146526228430794
MD_SDSS_l2_2227,14.10027147769556
MD_SDSS_l2_2232,6.883327138164571
MD_SDSS_l2_2230,5.3528286477754765
MD_SDSS_l2_2231,2.7720840219369176
MD_SDSS_l2_2234,10.77057423248326
MD_SDSS_l2_2235,11.30514247343325
MD_SDSS_l2_2233,11.77318993483936
MD_SDSS_l2_2237,6.553723628925457
MD_SDSS_l2_2236,10.64847907803077
MD_SDSS_l2_2242,7.0222148907716395
MD_SDSS_l2_2239,9.498425612987418
MD_SDSS_l2_2240,17.10232004854283
MD_SDSS_l2_223,10.584411620542987
MD_SDSS_l2_2238,8.652417538153248
MD_SDSS_l2_2241,10.015282831542741
MD_SDSS_l2_2244,11.498485349408023
MD_SDSS_l2_2243,10.367056333098208
MD_SDSS_l2_2247,10.822896378509654
MD_SDSS_l2_2246,6.149591752555915
MD_SDSS_l2_2245,11.447506543560218
MD_SDSS_l2_2256,9.441780875285184
MD_SDSS_l2_2248,8.630285189756274
MD_SDSS_l2_2251,10.429767802868154
MD_SDSS_l2_2257,11.457936615286705
MD_SDSS_l2_2259,14.32918501883448
MD_SDSS_l2_224,15.250513950540551
MD_SDSS_l2_2260,9.281942352752434
MD_SDSS_l2_2258,15.085427543788825
MD_SDSS_l2_2252,11.87402275391243
MD_SDSS_l2_2262,10.881465944363434
MD_SDSS_l2_2261,7.970042549722026
MD_SDSS_l2_225,11.17286559823577
MD_SDSS_l2_2265,10.645493296648786
MD_SDSS_l2_2249,12.84344002803442
MD_SDSS_l2_2263,14.127033186914872
MD_SDSS_l2_2264,12.395375971169571
MD_SDSS_l2_2266,2.0803019479567997
MD_SDSS_l2_2250,9.439592099855268
MD_SDSS_l2_2268,14.924757416833788
MD_SDSS_l2_2267,10.004474013261378
MD_SDSS_l2_2253,17.515302021643375
MD_SDSS_l2_226,10.937940924325067
MD_SDSS_l2_2270,9.246745589423544
MD_SDSS_l2_2255,6.704904556813043
MD_SDSS_l2_2254,7.647936699980928
MD_SDSS_l2_2275,5.620025889213911
MD_SDSS_l2_2273,4.876054189156752
MD_SDSS_l2_2277,12.798870899052702
MD_SDSS_l2_2271,18.677083844285406
MD_SDSS_l2_2272,17.373999257482275
MD_SDSS_l2_2274,14.579586290010829
MD_SDSS_l2_2269,7.279566191795408
MD_SDSS_l2_2278,7.1701798046459775
MD_SDSS_l2_2279,9.543305384830042
MD_SDSS_l2_2276,9.429873004878825
MD_SDSS_l2_227,12.718467250486597
MD_SDSS_l2_2280,10.626434229833922
MD_SDSS_l2_2281,12.322275797990706
MD_SDSS_l2_2282,6.3771987223932864
MD_SDSS_l2_2283,4.632804721349485
MD_SDSS_l2_2284,5.123030817253422
MD_SDSS_l2_2293,7.810126390270421
MD_SDSS_l2_2285,15.386947754674
MD_SDSS_l2_228,8.5413850230618
MD_SDSS_l2_2292,6.318756911995685
MD_SDSS_l2_2289,7.888392974557263
MD_SDSS_l2_2286,11.986594719679891
MD_SDSS_l2_2291,11.448943781608444
MD_SDSS_l2_2290,12.467119109741974
MD_SDSS_l2_2287,15.345047974378119
MD_SDSS_l2_2288,6.453292302697735
MD_SDSS_l2_2294,10.199035726829633
MD_SDSS_l2_2296,13.263008931589038
MD_SDSS_l2_2299,10.45974540551892
MD_SDSS_l2_2298,7.960035454830326
MD_SDSS_l2_2297,9.959323113436193
MD_SDSS_l2_229,11.532510181986861
MD_SDSS_l2_2295,17.964224473356197
MD_SDSS_l2_2300,12.58302191837418
MD_SDSS_l2_2301,12.636562070242139
MD_SDSS_l2_22,14.222028828148968
MD_SDSS_l2_2302,13.123676542024137
MD_SDSS_l2_2304,7.7069485723099405
MD_SDSS_l2_2303,13.01037517258749
MD_SDSS_l2_2305,8.532720983038221
MD_SDSS_l2_2307,11.1662059995998
MD_SDSS_l2_2306,6.995061074320663
MD_SDSS_l2_2310,4.522191437148919
MD_SDSS_l2_2309,13.686826669552643
MD_SDSS_l2_2308,17.27392272368603
MD_SDSS_l2_2313,8.551598841300983
MD_SDSS_l2_2312,11.565338808097948
MD_SDSS_l2_2317,7.0768828926360765
MD_SDSS_l2_2311,16.10829343633843
MD_SDSS_l2_231,16.556915423284476
MD_SDSS_l2_2314,7.818790064483036
MD_SDSS_l2_2315,9.799467490516466
MD_SDSS_l2_2316,9.70107911228606
MD_SDSS_l2_2318,8.708808666536118
MD_SDSS_l2_2320,7.891561335953258
MD_SDSS_l2_2321,8.741111274309596
MD_SDSS_l2_2322,7.906086106494575
MD_SDSS_l2_2319,6.347858604109579
MD_SDSS_l2_2324,11.834185938532162
MD_SDSS_l2_2323,12.19699051083824
MD_SDSS_l2_2325,5.873042343010081
MD_SDSS_l2_2326,15.47066905621464
MD_SDSS_l2_2328,9.71334207065476
MD_SDSS_l2_2327,6.0257627967156555
MD_SDSS_l2_2329,14.901149573751066
MD_SDSS_l2_232,3.9359016757512943
MD_SDSS_l2_2332,11.077343675468075
MD_SDSS_l2_2330,6.6425807937254415
MD_SDSS_l2_2333,13.104588609109776
MD_SDSS_l2_2331,10.120067903967762
MD_SDSS_l2_2336,1.267095435643343
MD_SDSS_l2_2339,6.466442624216709
MD_SDSS_l2_2335,9.381170991572
MD_SDSS_l2_2337,8.171592538676052
MD_SDSS_l2_2338,11.318782079243716
MD_SDSS_l2_2334,9.873932902237428
MD_SDSS_l2_233,12.140921778760934
MD_SDSS_l2_2342,9.935176993394721
MD_SDSS_l2_2343,6.592743283696276
MD_SDSS_l2_2344,18.13038794482498
MD_SDSS_l2_2341,11.568842197739711
MD_SDSS_l2_2340,6.135000562721247
MD_SDSS_l2_2345,15.860160681804874
MD_SDSS_l2_2346,11.032225923674673
MD_SDSS_l2_2347,11.030319455060049
MD_SDSS_l2_2349,16.451033394777653
MD_SDSS_l2_2348,13.390658498185672
MD_SDSS_l2_234,9.336867370265878
MD_SDSS_l2_2356,4.6794363403485
MD_SDSS_l2_2353,10.652466121870267
MD_SDSS_l2_2351,18.285301034796614
MD_SDSS_l2_2352,15.0184251024391
MD_SDSS_l2_2350,13.651229972519644
MD_SDSS_l2_2354,16.501065139377992
MD_SDSS_l2_2355,8.292129774670633
MD_SDSS_l2_2360,9.226043490244239
MD_SDSS_l2_2359,11.806131078946969
MD_SDSS_l2_2358,9.005069083445381
MD_SDSS_l2_2357,3.905015145644473
MD_SDSS_l2_236,12.280063264406802
MD_SDSS_l2_2370,8.717436896990717
MD_SDSS_l2_2363,4.832385220239319
MD_SDSS_l2_2361,10.883301063840282
MD_SDSS_l2_235,14.377616936973546
MD_SDSS_l2_2365,7.425104245017751
MD_SDSS_l2_2366,8.393980472750133
MD_SDSS_l2_2364,5.939401450955975
MD_SDSS_l2_2372,12.45221178312514
MD_SDSS_l2_2367,16.355512499191764
MD_SDSS_l2_2368,10.301356769281686
MD_SDSS_l2_2369,10.212543789670175
MD_SDSS_l2_2373,10.878778431021495
MD_SDSS_l2_2362,9.034053381357097
MD_SDSS_l2_2375,8.365728804939565
MD_SDSS_l2_2371,10.35041600575411
MD_SDSS_l2_2377,0.8836234183850262
MD_SDSS_l2_2374,7.175392536712936
MD_SDSS_l2_237,10.797035944227998
MD_SDSS_l2_2379,12.956212911311392
MD_SDSS_l2_2376,13.2708754156299
MD_SDSS_l2_2385,9.767871013379889
MD_SDSS_l2_2381,15.24134607204854
MD_SDSS_l2_2380,8.921165233726004
MD_SDSS_l2_2378,11.346233567982512
MD_SDSS_l2_2383,7.597512889915428
MD_SDSS_l2_2382,6.601678139408326
MD_SDSS_l2_2384,12.65956838053686
MD_SDSS_l2_2386,9.567984791361738
MD_SDSS_l2_2388,3.1273776757208864
MD_SDSS_l2_238,5.596802970661381
MD_SDSS_l2_2387,11.98411307497644
MD_SDSS_l2_2390,12.518941558011866
MD_SDSS_l2_2389,12.565435414254505
MD_SDSS_l2_2391,13.594569334668478
MD_SDSS_l2_2395,9.615579028977246
MD_SDSS_l2_2392,11.544466438229989
MD_SDSS_l2_2396,9.064711528481208
MD_SDSS_l2_2394,10.765392105777837
MD_SDSS_l2_2398,14.35944641899653
MD_SDSS_l2_23,10.9009656449299
MD_SDSS_l2_2397,8.964452623351267
MD_SDSS_l2_2399,8.696205614805931
MD_SDSS_l2_2400,12.845806993128324
MD_SDSS_l2_2393,6.017663600366713
MD_SDSS_l2_2403,14.441610948251917
MD_SDSS_l2_2401,19.99245341983145
MD_SDSS_l2_2402,13.489641119145707
MD_SDSS_l2_2405,4.660942183954912
MD_SDSS_l2_2406,12.381135572162139
MD_SDSS_l2_2407,6.7670527951150525
MD_SDSS_l2_2409,10.413754369481268
MD_SDSS_l2_2404,-0.9422172007349818
MD_SDSS_l2_2408,11.089906648739223
MD_SDSS_l2_2410,5.469827873473454
MD_SDSS_l2_240,13.661645231023682
MD_SDSS_l2_2413,11.560514532059115
MD_SDSS_l2_2416,24.0275307837194
MD_SDSS_l2_2414,11.236188881047088
MD_SDSS_l2_2415,7.835530058098925
MD_SDSS_l2_2411,7.00282275762911
MD_SDSS_l2_2418,14.312910759796026
MD_SDSS_l2_2427,17.1539198374802
MD_SDSS_l2_2417,10.541357999958862
MD_SDSS_l2_241,6.76428008822082
MD_SDSS_l2_2420,7.296857521748612
MD_SDSS_l2_2429,16.0806804658437
MD_SDSS_l2_2419,9.018730252418134
MD_SDSS_l2_242,9.603146044039624
MD_SDSS_l2_2421,13.942632228652657
MD_SDSS_l2_2431,10.96590061138254
MD_SDSS_l2_2422,13.581837972546552
MD_SDSS_l2_2432,8.894436346658624
MD_SDSS_l2_2426,1.443329366268335
MD_SDSS_l2_2430,10.301777849651465
MD_SDSS_l2_2433,9.39436584396079
MD_SDSS_l2_2423,8.839314128987452
MD_SDSS_l2_2424,14.836932104524426
MD_SDSS_l2_2428,12.126641258086902
MD_SDSS_l2_2434,5.625892225080799
MD_SDSS_l2_2425,16.54359439788359
MD_SDSS_l2_2435,7.237821924442811
MD_SDSS_l2_2439,16.265047740927148
MD_SDSS_l2_2442,7.9445358897778515
MD_SDSS_l2_2441,11.493982468007415
MD_SDSS_l2_2436,20.248458983598532
MD_SDSS_l2_243,4.290188342888326
MD_SDSS_l2_2443,10.440757887461665
MD_SDSS_l2_2437,11.821301874801941
MD_SDSS_l2_2438,6.776156179934267
MD_SDSS_l2_2445,9.577013357148958
MD_SDSS_l2_2440,7.749920669142982
MD_SDSS_l2_2450,10.252023603752559
MD_SDSS_l2_2444,6.943469164793251
MD_SDSS_l2_2448,6.736216351668443
MD_SDSS_l2_2454,8.484073002387603
MD_SDSS_l2_2446,13.074964156838925
MD_SDSS_l2_2451,12.724772601662997
MD_SDSS_l2_2449,12.055006780359125
MD_SDSS_l2_2447,9.215751761989011
MD_SDSS_l2_2453,8.947866563907809
MD_SDSS_l2_244,11.812592132908426
MD_SDSS_l2_2455,5.532450070817612
MD_SDSS_l2_2452,10.686004696558868
MD_SDSS_l2_2459,12.153053369584661
MD_SDSS_l2_2463,5.900943262690793
MD_SDSS_l2_2462,13.245753870800081
MD_SDSS_l2_2457,14.476681340445955
MD_SDSS_l2_2456,13.236815345952081
MD_SDSS_l2_2458,10.913673218311697
MD_SDSS_l2_245,8.425812240010444
MD_SDSS_l2_2461,4.62701361751421
MD_SDSS_l2_2464,13.498879416804344
MD_SDSS_l2_2465,19.68228328470456
MD_SDSS_l2_2466,9.519644442968017
MD_SDSS_l2_2469,8.719925792648024
MD_SDSS_l2_2468,8.677028436242477
MD_SDSS_l2_2467,8.19765268998799
MD_SDSS_l2_2472,6.303465402374348
MD_SDSS_l2_2470,9.551948334970778
MD_SDSS_l2_246,6.622949448478471
MD_SDSS_l2_2471,8.933070561714432
MD_SDSS_l2_2473,15.134924699553675
MD_SDSS_l2_2475,18.73670407028644
MD_SDSS_l2_2476,9.722520527806815
MD_SDSS_l2_2479,11.020524254642964
MD_SDSS_l2_2478,11.015923117967779
MD_SDSS_l2_2474,13.895983686480314
MD_SDSS_l2_2477,0.2563565551614264
MD_SDSS_l2_2480,10.440914318612593
MD_SDSS_l2_2481,7.799001895472895
MD_SDSS_l2_247,7.773520881244455
MD_SDSS_l2_2482,11.197010375413877
MD_SDSS_l2_2483,5.25633689458768
MD_SDSS_l2_2484,7.389334164596365
MD_SDSS_l2_2485,11.408874926066186
MD_SDSS_l2_2488,17.664309327426256
MD_SDSS_l2_2487,13.994885298315857
MD_SDSS_l2_2489,4.443711708834485
MD_SDSS_l2_2486,11.115459605198566
MD_SDSS_l2_248,15.476828464732055
MD_SDSS_l2_2490,12.531849308871774
MD_SDSS_l2_2491,14.525105026765129
MD_SDSS_l2_2492,7.497432417911182
MD_SDSS_l2_2493,8.03776630643808
MD_SDSS_l2_2495,15.546367838991582
MD_SDSS_l2_2494,-0.5019348639159702
MD_SDSS_l2_2496,16.76451283576786
MD_SDSS_l2_2499,15.678415774343872
MD_SDSS_l2_2497,8.858281003237597
MD_SDSS_l2_2498,6.527270904133143
MD_SDSS_l2_2502,9.893109359873545
MD_SDSS_l2_24,10.60873683991089
MD_SDSS_l2_2501,14.242120218864178
MD_SDSS_l2_2506,11.289108748600874
MD_SDSS_l2_2500,14.638480946943407
MD_SDSS_l2_249,12.671805247645803
MD_SDSS_l2_2511,12.97330675513223
MD_SDSS_l2_2505,4.900086023746288
MD_SDSS_l2_250,14.86544338328998
MD_SDSS_l2_2512,11.847946445306189
MD_SDSS_l2_2514,11.184961322776578
MD_SDSS_l2_2503,8.893227551550122
MD_SDSS_l2_2515,5.008413353702371
MD_SDSS_l2_2504,7.893393160360764
MD_SDSS_l2_2516,8.808369764504729
MD_SDSS_l2_2510,9.861011229242504
MD_SDSS_l2_2509,11.801124592915853
MD_SDSS_l2_2518,11.579348805687513
MD_SDSS_l2_2517,9.323835954164963
MD_SDSS_l2_2513,15.104024820231174
MD_SDSS_l2_2507,8.270961067344816
MD_SDSS_l2_2508,19.699151282965527
MD_SDSS_l2_251,12.234660651866873
MD_SDSS_l2_2519,7.739162923891399
MD_SDSS_l2_2520,13.710861309421972
MD_SDSS_l2_2522,7.676021678083035
MD_SDSS_l2_2521,12.215213022324075
MD_SDSS_l2_2524,15.251942799164745
MD_SDSS_l2_2526,24.847506593568134
MD_SDSS_l2_2523,6.294950571851439
MD_SDSS_l2_2525,10.852402824713035
MD_SDSS_l2_2528,9.746206489491303
MD_SDSS_l2_252,14.304599218613408
MD_SDSS_l2_2529,19.14900039346977
MD_SDSS_l2_2527,10.311452126390163
MD_SDSS_l2_2531,9.828493680041033
MD_SDSS_l2_2530,10.724542511495283
MD_SDSS_l2_2532,9.886180109659522
MD_SDSS_l2_2533,12.204871431037406
MD_SDSS_l2_2536,8.351142013833673
MD_SDSS_l2_2535,6.25075984364684
MD_SDSS_l2_2534,11.868289218749872
MD_SDSS_l2_2537,23.705855443929092
MD_SDSS_l2_253,-6.867015256039233
MD_SDSS_l2_2538,7.162422795808586
MD_SDSS_l2_2539,11.24274087627613
MD_SDSS_l2_2541,4.548210108948632
MD_SDSS_l2_2540,16.673836131636726
MD_SDSS_l2_2542,11.524347880413366
MD_SDSS_l2_2543,6.659582348971188
MD_SDSS_l2_2544,15.101844580838524
MD_SDSS_l2_2549,14.053063284037517
MD_SDSS_l2_254,13.219410020548052
MD_SDSS_l2_2552,12.188728153540099
MD_SDSS_l2_2551,5.7194074968470705
MD_SDSS_l2_2547,7.165873804413806
MD_SDSS_l2_2548,8.634932117299531
MD_SDSS_l2_2553,11.074010721624852
MD_SDSS_l2_2545,8.246223110852311
MD_SDSS_l2_2550,11.232976514475876
MD_SDSS_l2_2546,7.01236681626307
MD_SDSS_l2_2555,14.48697845280339
MD_SDSS_l2_2554,21.205617367635934
MD_SDSS_l2_2559,2.897309984941
MD_SDSS_l2_2557,9.62683411782536
MD_SDSS_l2_2556,14.823371117195908
MD_SDSS_l2_2558,7.397989827659547
MD_SDSS_l2_255,11.152103690779189
MD_SDSS_l2_2561,10.186613263180675
MD_SDSS_l2_2569,6.843509599370313
MD_SDSS_l2_2570,10.559214653959806
MD_SDSS_l2_256,9.783179618780247
MD_SDSS_l2_2573,5.298016559038356
MD_SDSS_l2_2572,11.340348520991327
MD_SDSS_l2_2571,6.441923478895957
MD_SDSS_l2_2560,9.917349167848915
MD_SDSS_l2_2574,17.253136632332875
MD_SDSS_l2_2575,15.758251208865358
MD_SDSS_l2_2562,5.786637009580895
MD_SDSS_l2_2577,8.440641712796015
MD_SDSS_l2_2576,16.961827446735825
MD_SDSS_l2_2578,10.525110601765135
MD_SDSS_l2_2563,17.688267898260655
MD_SDSS_l2_2565,10.475126316920726
MD_SDSS_l2_2564,8.066405748604465
MD_SDSS_l2_257,7.288195144309425
MD_SDSS_l2_2579,4.4432080180325
MD_SDSS_l2_2580,13.32377657635184
MD_SDSS_l2_2568,9.533824477854981
MD_SDSS_l2_2581,8.337902508707542
MD_SDSS_l2_2567,15.479455474941856
MD_SDSS_l2_2582,17.037768847784793
MD_SDSS_l2_2566,11.456049063342135
MD_SDSS_l2_2585,9.446258160978024
MD_SDSS_l2_2586,17.481415541388554
MD_SDSS_l2_2584,4.130411906058404
MD_SDSS_l2_2583,7.56658764779611
MD_SDSS_l2_2587,12.012911309435705
MD_SDSS_l2_2588,11.591906479014993
MD_SDSS_l2_2589,5.6737572722456004
MD_SDSS_l2_2590,7.98070375912503
MD_SDSS_l2_2594,6.657823090501926
MD_SDSS_l2_2595,11.08259845379356
MD_SDSS_l2_258,11.368310614781082
MD_SDSS_l2_2592,13.303176608933542
MD_SDSS_l2_2593,9.76472694955848
MD_SDSS_l2_2591,12.204231795535156
MD_SDSS_l2_2596,14.840046258234384
MD_SDSS_l2_2598,-2.3829926054652706
MD_SDSS_l2_2597,7.250352210625882
MD_SDSS_l2_2600,15.17077802103654
MD_SDSS_l2_259,10.746796042373024
MD_SDSS_l2_2599,8.565444526503812
MD_SDSS_l2_2603,9.673659682068445
MD_SDSS_l2_25,9.992119669549036
MD_SDSS_l2_2601,11.478599399245205
MD_SDSS_l2_2602,11.128158654844329
MD_SDSS_l2_2604,14.289842907714675
MD_SDSS_l2_2606,16.192501204648035
MD_SDSS_l2_2608,6.308805086982227
MD_SDSS_l2_2607,8.163051792702019
MD_SDSS_l2_2610,7.181779235135226
MD_SDSS_l2_2609,13.897931317829489
MD_SDSS_l2_2611,10.979727600363923
MD_SDSS_l2_260,8.331834224611393
MD_SDSS_l2_2605,9.90800214535992
MD_SDSS_l2_2613,7.687421932504599
MD_SDSS_l2_2612,7.613212447596274
MD_SDSS_l2_2614,6.7238251619622105
MD_SDSS_l2_2618,7.397229400920626
MD_SDSS_l2_2621,10.498101133378265
MD_SDSS_l2_2615,16.425524050525095
MD_SDSS_l2_2616,10.875799619605225
MD_SDSS_l2_2617,10.609360843071503
MD_SDSS_l2_261,8.792492440212499
MD_SDSS_l2_2619,9.300945852633948
MD_SDSS_l2_2620,10.782415679978538
MD_SDSS_l2_2622,13.607702713812724
MD_SDSS_l2_2623,8.978153466581059
MD_SDSS_l2_2624,11.93503155341459
MD_SDSS_l2_2625,11.573109346252298
MD_SDSS_l2_2627,16.278084449542405
MD_SDSS_l2_2629,13.477458127888555
MD_SDSS_l2_2637,7.530345837579022
MD_SDSS_l2_2626,17.392242143112878
MD_SDSS_l2_2638,10.286619332535293
MD_SDSS_l2_2639,13.935470235302192
MD_SDSS_l2_2628,7.68361440223498
MD_SDSS_l2_263,5.920793090961068
MD_SDSS_l2_2642,10.263246901197522
MD_SDSS_l2_2630,6.118665424606855
MD_SDSS_l2_2640,6.591642523813137
MD_SDSS_l2_2643,8.202135414189229
MD_SDSS_l2_2641,14.947640347673183
MD_SDSS_l2_2645,5.753711871894033
MD_SDSS_l2_262,12.643029251047928
MD_SDSS_l2_2646,12.45422453400904
MD_SDSS_l2_2631,12.42613567200967
MD_SDSS_l2_2647,7.909019781463743
MD_SDSS_l2_2632,10.607393246178674
MD_SDSS_l2_2648,14.53079951584347
MD_SDSS_l2_2634,7.871799268326486
MD_SDSS_l2_264,10.663437058750231
MD_SDSS_l2_2644,9.902646433247705
MD_SDSS_l2_2652,14.224952312249565
MD_SDSS_l2_2650,6.6356014595472
MD_SDSS_l2_2651,8.240489210074179
MD_SDSS_l2_2649,11.283239464335036
MD_SDSS_l2_2633,9.232539062900198
MD_SDSS_l2_2653,10.964696772199167
MD_SDSS_l2_2655,11.320813598733757
MD_SDSS_l2_2635,5.8675527837571835
MD_SDSS_l2_2654,10.071418339546543
MD_SDSS_l2_2657,15.533100823504393
MD_SDSS_l2_2659,7.826164794840553
MD_SDSS_l2_2656,10.836137349972054
MD_SDSS_l2_2661,10.492721771054361
MD_SDSS_l2_265,5.371672101232235
MD_SDSS_l2_2660,9.045277179619765
MD_SDSS_l2_2663,5.146783054814421
MD_SDSS_l2_2658,4.463182913461587
MD_SDSS_l2_2662,11.072435851510967
MD_SDSS_l2_2664,8.14463361800727
MD_SDSS_l2_2665,10.262206873112566
MD_SDSS_l2_2666,16.232389797874866
MD_SDSS_l2_2667,10.35522826648971
MD_SDSS_l2_2670,10.033685962329693
MD_SDSS_l2_2671,13.290286952010876
MD_SDSS_l2_2675,6.696361532825794
MD_SDSS_l2_2669,9.459169488425681
MD_SDSS_l2_2668,6.69189091467784
MD_SDSS_l2_2672,10.613724905137914
MD_SDSS_l2_2674,11.255440979438
MD_SDSS_l2_266,5.986477341154664
MD_SDSS_l2_2676,11.53795683442616
MD_SDSS_l2_2678,9.675791498276133
MD_SDSS_l2_2680,11.498136758268776
MD_SDSS_l2_2681,16.18019451567169
MD_SDSS_l2_2682,10.938616378183259
MD_SDSS_l2_2684,7.157027927908141
MD_SDSS_l2_2679,8.438285334120556
MD_SDSS_l2_2677,5.655764059754011
MD_SDSS_l2_267,13.508865130667056
MD_SDSS_l2_2683,16.124069996797054
MD_SDSS_l2_2685,10.482029161665015
MD_SDSS_l2_2686,12.154230043068617
MD_SDSS_l2_2687,3.0828091540585074
MD_SDSS_l2_2688,8.50148389660099
MD_SDSS_l2_2696,11.132181278837875
MD_SDSS_l2_269,8.88703508400413
MD_SDSS_l2_2699,7.335404119565093
MD_SDSS_l2_2693,5.413671001178242
MD_SDSS_l2_2691,9.104782488941776
MD_SDSS_l2_2689,11.799824510938286
MD_SDSS_l2_2697,10.142252366586675
MD_SDSS_l2_26,11.890522421650067
MD_SDSS_l2_2698,10.88970715321937
MD_SDSS_l2_2690,10.653361478702141
MD_SDSS_l2_2702,13.122700484372505
MD_SDSS_l2_2694,7.659314092773974
MD_SDSS_l2_2701,4.707352115510684
MD_SDSS_l2_2700,0.8519605968237887
MD_SDSS_l2_2692,9.549470855926977
MD_SDSS_l2_2703,8.749813705894763
MD_SDSS_l2_268,8.2642010700547
MD_SDSS_l2_2706,4.012528709296571
MD_SDSS_l2_2704,11.491027060412339
MD_SDSS_l2_2705,5.538668641868318
MD_SDSS_l2_2707,11.426414613074398
MD_SDSS_l2_2708,11.527356699695098
MD_SDSS_l2_2695,6.974275131663374
MD_SDSS_l2_2709,9.903154810093417
MD_SDSS_l2_2711,7.159745617080391
MD_SDSS_l2_270,11.392360103684952
MD_SDSS_l2_2712,8.669675420935555
MD_SDSS_l2_2710,22.379694722539696
MD_SDSS_l2_2715,8.987107694124143
MD_SDSS_l2_2713,5.992502869794693
MD_SDSS_l2_2714,12.238301806448742
MD_SDSS_l2_2718,15.717607812138164
MD_SDSS_l2_2717,10.242462597726202
MD_SDSS_l2_2716,8.872406275127009
MD_SDSS_l2_2720,11.465630610069375
MD_SDSS_l2_2722,11.76025730262679
MD_SDSS_l2_271,8.288424955725572
MD_SDSS_l2_2721,11.550385823153544
MD_SDSS_l2_2719,12.236382053315687
MD_SDSS_l2_2725,8.937419176609946
MD_SDSS_l2_2723,10.167915287612532
MD_SDSS_l2_2726,7.682650257456477
MD_SDSS_l2_2727,8.36352744550994
MD_SDSS_l2_2724,8.56310272603395
MD_SDSS_l2_2728,6.551080612028652
MD_SDSS_l2_2729,13.295825707386129
MD_SDSS_l2_2730,13.833255236978236
MD_SDSS_l2_2731,9.49502671123514
MD_SDSS_l2_2736,9.586682911947086
MD_SDSS_l2_2733,7.794098875503902
MD_SDSS_l2_2732,18.13544046221215
MD_SDSS_l2_272,9.045004515012197
MD_SDSS_l2_2734,15.843999499030025
MD_SDSS_l2_2735,7.754112738702428
MD_SDSS_l2_2737,11.200918580203796
MD_SDSS_l2_2738,7.760589521411504
MD_SDSS_l2_2739,7.348864923987717
MD_SDSS_l2_273,20.10837194801846
MD_SDSS_l2_2740,7.728256900005248
MD_SDSS_l2_2742,5.901981611660055
MD_SDSS_l2_2741,8.455051447007484
MD_SDSS_l2_2743,17.046003095716653
MD_SDSS_l2_2747,6.53596841718314
MD_SDSS_l2_2745,10.365723079453556
MD_SDSS_l2_2749,8.160367263844812
MD_SDSS_l2_2746,7.152932332214023
MD_SDSS_l2_2748,9.446957005496863
MD_SDSS_l2_2744,4.750777025930921
MD_SDSS_l2_274,11.902196757570117
MD_SDSS_l2_2751,19.670693394455533
MD_SDSS_l2_2754,5.187375143506172
MD_SDSS_l2_2750,11.13638196517715
MD_SDSS_l2_2752,14.892008498009325
MD_SDSS_l2_2753,9.838057434479284
MD_SDSS_l2_2755,14.13344937855629
MD_SDSS_l2_2757,8.78265309103759
MD_SDSS_l2_2756,5.191037191627673
MD_SDSS_l2_275,6.8748109720176345
MD_SDSS_l2_2758,9.606714753046642
MD_SDSS_l2_2762,6.334622746980511
MD_SDSS_l2_2760,10.527876957424505
MD_SDSS_l2_2759,12.355607293071074
MD_SDSS_l2_2765,7.098842298066289
MD_SDSS_l2_2764,7.345022395714357
MD_SDSS_l2_2766,10.248049126991631
MD_SDSS_l2_2763,12.82783310919853
MD_SDSS_l2_2761,8.040747109124212
MD_SDSS_l2_2767,11.669284466465996
MD_SDSS_l2_2768,9.818466609267746
MD_SDSS_l2_2769,9.444765242709586
MD_SDSS_l2_2770,2.751538501275162
MD_SDSS_l2_276,7.892252471492142
MD_SDSS_l2_2773,10.92756778941674
MD_SDSS_l2_2772,11.889809648760016
MD_SDSS_l2_2774,5.550193902910397
MD_SDSS_l2_2771,8.605987469333442
MD_SDSS_l2_2775,11.444461197341692
MD_SDSS_l2_277,5.039501725345007
MD_SDSS_l2_2777,17.004756786799284
MD_SDSS_l2_2778,8.517295658060855
MD_SDSS_l2_2776,20.58051407737744
MD_SDSS_l2_2782,7.401140130737749
MD_SDSS_l2_2780,9.06006098678225
MD_SDSS_l2_2779,9.496586036323604
MD_SDSS_l2_2781,3.62785501037156
MD_SDSS_l2_2784,5.541457329673998
MD_SDSS_l2_2783,5.781717844539417
MD_SDSS_l2_2790,9.886844549305234
MD_SDSS_l2_2787,8.07441957049776
MD_SDSS_l2_2789,10.700076241108373
MD_SDSS_l2_2786,6.602905038359605
MD_SDSS_l2_2788,2.318189616431594
MD_SDSS_l2_2794,2.905918215961064
MD_SDSS_l2_278,7.06917530841481
MD_SDSS_l2_2791,9.505903980405334
MD_SDSS_l2_2785,15.127553887365192
MD_SDSS_l2_2792,11.008261210404523
MD_SDSS_l2_2793,9.888705244426472
MD_SDSS_l2_2798,10.709439729786089
MD_SDSS_l2_2799,3.5377967162161195
MD_SDSS_l2_2796,2.2691278493198244
MD_SDSS_l2_2795,9.958682133757762
MD_SDSS_l2_2797,5.993902394682742
MD_SDSS_l2_279,22.309359944678043
MD_SDSS_l2_2800,12.03268580518078
MD_SDSS_l2_27,7.102278416804888
MD_SDSS_l2_2802,10.945521919348918
MD_SDSS_l2_2803,11.472344138415792
MD_SDSS_l2_2801,8.016847948874242
MD_SDSS_l2_2804,15.482041872712356
MD_SDSS_l2_2806,11.300082971276721
MD_SDSS_l2_2813,7.005893779011549
MD_SDSS_l2_2805,8.337478490356737
MD_SDSS_l2_2808,-4.354088687149007
MD_SDSS_l2_2810,8.665561108100018
MD_SDSS_l2_2809,6.579260604399458
MD_SDSS_l2_2807,8.035463941106748
MD_SDSS_l2_280,6.310442585616846
MD_SDSS_l2_2811,3.684611650445822
MD_SDSS_l2_2812,9.94292132796718
MD_SDSS_l2_2816,6.597015305498253
MD_SDSS_l2_2814,9.378967220454383
MD_SDSS_l2_2817,11.83287990410135
MD_SDSS_l2_2815,16.896812758158244
MD_SDSS_l2_281,7.494341257153799
MD_SDSS_l2_2828,6.414882058636456
MD_SDSS_l2_2829,10.990765230255693
MD_SDSS_l2_282,22.432514362708705
MD_SDSS_l2_2822,14.977980118850382
MD_SDSS_l2_2819,11.701483305900837
MD_SDSS_l2_2830,7.659372390347564
MD_SDSS_l2_2831,9.94334717257114
MD_SDSS_l2_2832,11.695656015970245
MD_SDSS_l2_2820,8.77839659496866
MD_SDSS_l2_2823,9.867289744872988
MD_SDSS_l2_2818,6.1528953424143555
MD_SDSS_l2_2821,-2.699659978375271
MD_SDSS_l2_2835,6.129609006977274
MD_SDSS_l2_2833,10.122138976070676
MD_SDSS_l2_2824,8.0727246241963
MD_SDSS_l2_2827,7.40132633663314
MD_SDSS_l2_2836,9.60403373475943
MD_SDSS_l2_2834,8.088345752021871
MD_SDSS_l2_2837,8.867763970476055
MD_SDSS_l2_2838,16.620944862444354
MD_SDSS_l2_283,6.668860196700745
MD_SDSS_l2_2839,11.63843635189224
MD_SDSS_l2_2841,7.990748886100388
MD_SDSS_l2_2826,10.82819527655466
MD_SDSS_l2_2840,7.4792343199608435
MD_SDSS_l2_2843,11.357281610574908
MD_SDSS_l2_2825,12.852091831499546
MD_SDSS_l2_2842,15.878878174102695
MD_SDSS_l2_2845,18.206688514359538
MD_SDSS_l2_2844,8.566212246535859
MD_SDSS_l2_2847,11.37294448938274
MD_SDSS_l2_2849,6.788885088957162
MD_SDSS_l2_2848,15.259569576201233
MD_SDSS_l2_2851,15.159145620544397
MD_SDSS_l2_2846,10.87204555412369
MD_SDSS_l2_284,11.060087603546641
MD_SDSS_l2_2850,11.229473356566483
MD_SDSS_l2_2852,7.752592357290286
MD_SDSS_l2_2853,15.243165447376366
MD_SDSS_l2_2854,15.254537960331177
MD_SDSS_l2_2855,13.133145890853237
MD_SDSS_l2_2857,6.906072484913439
MD_SDSS_l2_2858,19.22414731652394
MD_SDSS_l2_2859,13.231584640764467
MD_SDSS_l2_2860,13.698500471529725
MD_SDSS_l2_2856,13.809667882524192
MD_SDSS_l2_285,13.277319744023732
MD_SDSS_l2_2863,5.9328849489676365
MD_SDSS_l2_2864,10.659694563298668
MD_SDSS_l2_2865,10.308718081094902
MD_SDSS_l2_2861,4.921689381847331
MD_SDSS_l2_2867,10.523860287147171
MD_SDSS_l2_2862,3.83628381163534
MD_SDSS_l2_2866,11.42060672280761
MD_SDSS_l2_286,10.984615001800467
MD_SDSS_l2_2868,12.432396538681962
MD_SDSS_l2_2869,10.590246179448558
MD_SDSS_l2_2872,8.71229702423744
MD_SDSS_l2_2871,2.338584945244273
MD_SDSS_l2_2870,6.670611912703832
MD_SDSS_l2_2873,16.268975307301957
MD_SDSS_l2_2880,10.339900848384652
MD_SDSS_l2_2874,12.021982382839646
MD_SDSS_l2_2876,7.652906632552587
MD_SDSS_l2_2877,10.308402870399368
MD_SDSS_l2_287,10.355045469560396
MD_SDSS_l2_2875,7.033805334142638
MD_SDSS_l2_2879,12.432083087618915
MD_SDSS_l2_2878,3.9233708831415672
MD_SDSS_l2_2882,7.615464159452275
MD_SDSS_l2_2884,9.779062682533333
MD_SDSS_l2_2887,8.64788730519485
MD_SDSS_l2_2881,26.839200259121476
MD_SDSS_l2_2886,15.6322942870585
MD_SDSS_l2_2883,10.413962009787836
MD_SDSS_l2_2885,12.275975742153841
MD_SDSS_l2_2888,8.420591455116874
MD_SDSS_l2_2889,6.108540235037408
MD_SDSS_l2_288,8.803749192436463
MD_SDSS_l2_2891,11.798842138244398
MD_SDSS_l2_2893,11.009074004227827
MD_SDSS_l2_2895,9.497388956133111
MD_SDSS_l2_2894,10.411099850021476
MD_SDSS_l2_2892,10.420662271225458
MD_SDSS_l2_2896,7.075798869975989
MD_SDSS_l2_2897,5.858245595492301
MD_SDSS_l2_2898,11.8219229146341
MD_SDSS_l2_2899,8.892803704552849
MD_SDSS_l2_2900,9.695925550027397
MD_SDSS_l2_2901,18.002941976524053
MD_SDSS_l2_28,6.683604341150614
MD_SDSS_l2_289,7.37664873984431
MD_SDSS_l2_2904,6.448993150177493
MD_SDSS_l2_2906,10.032369948671453
MD_SDSS_l2_2903,10.776149208074782
MD_SDSS_l2_2907,7.561526154064216
MD_SDSS_l2_2902,9.335678777043915
MD_SDSS_l2_2905,11.916240408924402
MD_SDSS_l2_2909,4.040439893804777
MD_SDSS_l2_290,14.968415608850806
MD_SDSS_l2_2914,7.384865116707623
MD_SDSS_l2_2908,16.100874035744482
MD_SDSS_l2_2911,10.251378165108239
MD_SDSS_l2_2912,7.955844308818621
MD_SDSS_l2_2910,12.428162982099762
MD_SDSS_l2_2915,6.359606740240167
MD_SDSS_l2_2917,12.033719189439513
MD_SDSS_l2_2919,12.094293568497726
MD_SDSS_l2_2913,12.190450091913403
MD_SDSS_l2_2918,10.816558001883509
MD_SDSS_l2_2916,14.808485059876567
MD_SDSS_l2_2920,9.006851838399232
MD_SDSS_l2_2924,11.659058980105543
MD_SDSS_l2_2922,9.636530756334055
MD_SDSS_l2_2923,15.277656741079621
MD_SDSS_l2_291,6.77966472144206
MD_SDSS_l2_2928,6.73768166079568
MD_SDSS_l2_2926,3.9013880591558294
MD_SDSS_l2_2925,17.889813050365575
MD_SDSS_l2_2921,9.536724695478881
MD_SDSS_l2_2929,4.994896937981419
MD_SDSS_l2_292,9.670247788930244
MD_SDSS_l2_2931,15.593323891694553
MD_SDSS_l2_2930,12.07780000026542
MD_SDSS_l2_2927,15.805627875623562
MD_SDSS_l2_2934,7.536710437920938
MD_SDSS_l2_2933,18.494928376896407
MD_SDSS_l2_2932,11.448118911009866
MD_SDSS_l2_2939,8.064117904027738
MD_SDSS_l2_2941,9.41180918684081
MD_SDSS_l2_2937,15.86410160561513
MD_SDSS_l2_2938,10.239870585028699
MD_SDSS_l2_2943,13.336991989381591
MD_SDSS_l2_2947,22.1949423597506
MD_SDSS_l2_2946,10.171846993899045
MD_SDSS_l2_2935,8.567090347679445
MD_SDSS_l2_2949,9.421870479706945
MD_SDSS_l2_2948,16.348002991322954
MD_SDSS_l2_294,8.228322035627919
MD_SDSS_l2_293,7.171091802124662
MD_SDSS_l2_2953,9.663458214974638
MD_SDSS_l2_2954,8.15140735412629
MD_SDSS_l2_2940,14.698574750863873
MD_SDSS_l2_2936,12.198750724610692
MD_SDSS_l2_2950,12.278423072101948
MD_SDSS_l2_2957,9.943103921130792
MD_SDSS_l2_2944,11.148498314032079
MD_SDSS_l2_2945,13.445517728170971
MD_SDSS_l2_2958,7.680375862672509
MD_SDSS_l2_2956,7.670254878663085
MD_SDSS_l2_2959,10.275195987913072
MD_SDSS_l2_2961,13.288356015446839
MD_SDSS_l2_2942,7.829948492261895
MD_SDSS_l2_2955,10.896922045485184
MD_SDSS_l2_295,11.25620278001448
MD_SDSS_l2_2960,16.188454283808547
MD_SDSS_l2_2963,4.290909623761895
MD_SDSS_l2_2951,8.713253259401608
MD_SDSS_l2_2964,10.810029349208698
MD_SDSS_l2_2962,12.449056331361046
MD_SDSS_l2_2968,12.292782607468512
MD_SDSS_l2_2965,9.113961545559237
MD_SDSS_l2_2973,6.727174503956197
MD_SDSS_l2_2969,9.121331344373445
MD_SDSS_l2_2971,13.326844313018285
MD_SDSS_l2_2974,7.121712980930637
MD_SDSS_l2_2972,15.444953887838405
MD_SDSS_l2_2975,22.428053412601265
MD_SDSS_l2_2976,7.51520615103564
MD_SDSS_l2_2967,16.417977791779013
MD_SDSS_l2_2966,9.41354986455506
MD_SDSS_l2_2979,5.055785555813385
MD_SDSS_l2_2978,11.11554044564504
MD_SDSS_l2_2977,4.483080144288703
MD_SDSS_l2_2982,10.292637691974178
MD_SDSS_l2_297,-1.7547375267527219
MD_SDSS_l2_2981,7.454424365898857
MD_SDSS_l2_2980,10.60262588882764
MD_SDSS_l2_2970,7.075733493586098
MD_SDSS_l2_2983,9.385650068296519
MD_SDSS_l2_296,1.9137666467198695
MD_SDSS_l2_2986,15.152055301849085
MD_SDSS_l2_2985,9.522502175959925
MD_SDSS_l2_2984,8.096297967589718
MD_SDSS_l2_298,8.479383708485614
MD_SDSS_l2_2992,11.59837133230972
MD_SDSS_l2_2991,6.579291278971786
MD_SDSS_l2_2996,7.321224063510202
MD_SDSS_l2_2990,9.620534466597281
MD_SDSS_l2_2994,15.468027935341151
MD_SDSS_l2_2987,15.372325107318666
MD_SDSS_l2_2999,10.98687937868875
MD_SDSS_l2_299,3.8384126415712565
MD_SDSS_l2_29,6.3296631751793075
MD_SDSS_l2_2988,8.943925931309739
MD_SDSS_l2_2,16.436623235061607
MD_SDSS_l2_2989,2.9911952774842554
MD_SDSS_l2_3000,8.355134844972394
MD_SDSS_l2_3001,9.5709690359189
MD_SDSS_l2_2997,18.795504899785605
MD_SDSS_l2_3004,15.705037137040218
MD_SDSS_l2_3005,19.5871377117082
MD_SDSS_l2_2993,6.7247261438163495
MD_SDSS_l2_3006,7.494937415805405
MD_SDSS_l2_3008,9.58048301114534
MD_SDSS_l2_2995,11.140069503818037
MD_SDSS_l2_2998,14.382849444924442
MD_SDSS_l2_3010,12.260566979009733
MD_SDSS_l2_300,12.981318817329697
MD_SDSS_l2_3015,10.11710059580334
MD_SDSS_l2_3017,11.44014330345557
MD_SDSS_l2_3003,17.304424954127164
MD_SDSS_l2_3020,12.833956318518407
MD_SDSS_l2_3002,10.856211524406444
MD_SDSS_l2_301,8.717072619854127
MD_SDSS_l2_3007,14.582780735843425
MD_SDSS_l2_3019,12.656383699912709
MD_SDSS_l2_3009,11.938553870480327
MD_SDSS_l2_3011,21.718957458271333
MD_SDSS_l2_3022,4.065379738508534
MD_SDSS_l2_3021,7.520854405195414
MD_SDSS_l2_3014,9.411857272483996
MD_SDSS_l2_3013,25.341074630570162
MD_SDSS_l2_3018,13.080819958943605
MD_SDSS_l2_3023,8.269617768828024
MD_SDSS_l2_3024,3.9489327125549742
MD_SDSS_l2_3016,11.97930535164748
MD_SDSS_l2_3028,8.571279011860401
MD_SDSS_l2_3025,2.2440938781865807
MD_SDSS_l2_302,7.981040499432626
MD_SDSS_l2_3026,8.170449703397292
MD_SDSS_l2_3027,19.654369426335645
MD_SDSS_l2_3031,5.947055848473708
MD_SDSS_l2_3039,10.050425287236793
MD_SDSS_l2_3029,11.79072878653795
MD_SDSS_l2_3041,8.322477438082894
MD_SDSS_l2_3030,8.73341984027144
MD_SDSS_l2_3040,8.340414379318966
MD_SDSS_l2_3033,17.35587307013514
MD_SDSS_l2_3038,12.102232090758848
MD_SDSS_l2_3036,9.770867025402326
MD_SDSS_l2_3037,6.85893941636216
MD_SDSS_l2_3035,11.906722014917625
MD_SDSS_l2_3032,14.346577231094006
MD_SDSS_l2_3046,6.6365566089144075
MD_SDSS_l2_3034,10.728779357892426
MD_SDSS_l2_303,11.165867052728363
MD_SDSS_l2_3045,7.127718596614214
MD_SDSS_l2_3047,6.216625968365054
MD_SDSS_l2_3049,3.6936615468330842
MD_SDSS_l2_3050,9.816416479828707
MD_SDSS_l2_3044,14.248677126801862
MD_SDSS_l2_3052,9.635559386900345
MD_SDSS_l2_3053,10.543584764485905
MD_SDSS_l2_3042,9.834635059146203
MD_SDSS_l2_3056,8.684566775497363
MD_SDSS_l2_3043,8.022701300475656
MD_SDSS_l2_3059,14.169381988493491
MD_SDSS_l2_3048,3.7227408662328667
MD_SDSS_l2_3051,1.9775225101814033
MD_SDSS_l2_3060,9.834646829442251
MD_SDSS_l2_3061,11.229873156756543
MD_SDSS_l2_304,8.45523188784895
MD_SDSS_l2_3054,6.3401995962855295
MD_SDSS_l2_3055,9.77672160782743
MD_SDSS_l2_3057,15.94820777989829
MD_SDSS_l2_3058,12.973068040791759
MD_SDSS_l2_3070,8.07587791022399
MD_SDSS_l2_305,20.40774947990146
MD_SDSS_l2_3071,7.681795297009004
MD_SDSS_l2_3062,8.79337098548238
MD_SDSS_l2_3067,11.190510750790082
MD_SDSS_l2_3065,6.904983832283136
MD_SDSS_l2_3064,7.207396133359696
MD_SDSS_l2_3063,6.398052571574381
MD_SDSS_l2_3078,10.368307968902402
MD_SDSS_l2_3076,7.580103496253388
MD_SDSS_l2_3068,9.687516657729157
MD_SDSS_l2_3066,9.295015100280608
MD_SDSS_l2_3080,17.573931046477092
MD_SDSS_l2_3069,12.836004227423967
MD_SDSS_l2_3083,13.544468501049128
MD_SDSS_l2_3073,13.64303829897821
MD_SDSS_l2_306,6.509100536518483
MD_SDSS_l2_3074,8.809415420879079
MD_SDSS_l2_3088,8.42595005251376
MD_SDSS_l2_3077,13.026626799107339
MD_SDSS_l2_3075,13.428143480389485
MD_SDSS_l2_3072,11.299302270469987
MD_SDSS_l2_3079,12.064110078950904
MD_SDSS_l2_3084,18.763567833826517
MD_SDSS_l2_3090,6.478439824527962
MD_SDSS_l2_307,4.970099673624295
MD_SDSS_l2_3089,12.402546013093142
MD_SDSS_l2_3082,21.262131979443232
MD_SDSS_l2_3081,6.639934372692208
MD_SDSS_l2_3087,10.752324530088266
MD_SDSS_l2_3095,6.5748990641190925
MD_SDSS_l2_3096,14.08438846236867
MD_SDSS_l2_3086,16.01571874088819
MD_SDSS_l2_308,5.2119480217629786
MD_SDSS_l2_309,14.153451553934776
MD_SDSS_l2_3092,11.562375504845935
MD_SDSS_l2_3094,14.204059897260455
MD_SDSS_l2_3085,9.332134441024927
MD_SDSS_l2_30,5.763494914942605
MD_SDSS_l2_3091,11.001822494465026
MD_SDSS_l2_3100,11.614530692555487
MD_SDSS_l2_3093,13.252880795934221
MD_SDSS_l2_3097,11.67646380328731
MD_SDSS_l2_3103,8.359232945725779
MD_SDSS_l2_3099,7.883057932443095
MD_SDSS_l2_3105,11.68127337154958
MD_SDSS_l2_3098,6.920843275762161
MD_SDSS_l2_3106,6.978208089852842
MD_SDSS_l2_3104,12.821000865938508
MD_SDSS_l2_310,7.729103088737643
MD_SDSS_l2_3101,11.238112220327753
MD_SDSS_l2_3102,9.144658325097136
MD_SDSS_l2_3107,7.9966488659558275
MD_SDSS_l2_3114,9.822564233498843
MD_SDSS_l2_3108,10.758352375477003
MD_SDSS_l2_3118,11.829584160363837
MD_SDSS_l2_3113,12.807927821452747
MD_SDSS_l2_3116,9.926523010825427
MD_SDSS_l2_3120,9.300635398090227
MD_SDSS_l2_3121,10.960642277880423
MD_SDSS_l2_3110,8.970719501971631
MD_SDSS_l2_3111,8.424891117310656
MD_SDSS_l2_3126,13.144656560536365
MD_SDSS_l2_3109,6.413830767852891
MD_SDSS_l2_3127,9.942758356692885
MD_SDSS_l2_3112,12.452756997341506
MD_SDSS_l2_3119,10.029904218493476
MD_SDSS_l2_3117,11.415142862930125
MD_SDSS_l2_311,2.47627230110065
MD_SDSS_l2_312,12.587193657546877
MD_SDSS_l2_3115,15.944543615311355
MD_SDSS_l2_3133,7.143984568372884
MD_SDSS_l2_3122,10.10732221115536
MD_SDSS_l2_3136,8.018773847008891
MD_SDSS_l2_3123,17.690890167095844
MD_SDSS_l2_3124,2.8445823991253096
MD_SDSS_l2_3139,12.89645701316299
MD_SDSS_l2_3125,11.109715747337045
MD_SDSS_l2_3129,3.2446843945662405
MD_SDSS_l2_3138,10.145169743693657
MD_SDSS_l2_3128,11.559353492366798
MD_SDSS_l2_3143,14.017796136828881
MD_SDSS_l2_3142,7.242638206695917
MD_SDSS_l2_313,6.500534732940308
MD_SDSS_l2_3132,5.836358312575136
MD_SDSS_l2_3130,4.582867930836274
MD_SDSS_l2_3135,11.423518820900513
MD_SDSS_l2_3131,16.679740337019847
MD_SDSS_l2_3147,19.50746838520022
MD_SDSS_l2_3134,14.11906396376532
MD_SDSS_l2_3149,6.89185396985223
MD_SDSS_l2_3146,15.582522319782083
MD_SDSS_l2_3137,10.528347332585483
MD_SDSS_l2_3140,9.969973565919936
MD_SDSS_l2_3141,14.26371201484935
MD_SDSS_l2_314,7.510109501745405
MD_SDSS_l2_3150,15.099885576553975
MD_SDSS_l2_3144,18.339581272584493
MD_SDSS_l2_3145,9.313570248512283
MD_SDSS_l2_3157,12.001821601363194
MD_SDSS_l2_3158,22.33633245919977
MD_SDSS_l2_3151,6.493560934707986
MD_SDSS_l2_3156,5.999716981759892
MD_SDSS_l2_3148,1.3132041415049915
MD_SDSS_l2_3155,13.773831006046183
MD_SDSS_l2_3161,9.652907818602898
MD_SDSS_l2_3152,8.186299624430346
MD_SDSS_l2_315,6.745859778754356
MD_SDSS_l2_3159,12.244532194036871
MD_SDSS_l2_3153,10.301655189640442
MD_SDSS_l2_3162,10.332886997408739
MD_SDSS_l2_3166,12.75203879713675
MD_SDSS_l2_3154,8.641786966919856
MD_SDSS_l2_3167,9.748281903628481
MD_SDSS_l2_3170,14.335965413333888
MD_SDSS_l2_3163,10.593365131736947
MD_SDSS_l2_3172,9.927338802895605
MD_SDSS_l2_3160,6.4610057875886255
MD_SDSS_l2_3173,5.591655521357442
MD_SDSS_l2_3164,9.758370364984236
MD_SDSS_l2_3165,8.687627748466031
MD_SDSS_l2_3176,10.487925769607862
MD_SDSS_l2_3171,4.355914315463631
MD_SDSS_l2_316,4.5839144084274785
MD_SDSS_l2_3168,7.157123109960997
MD_SDSS_l2_3174,8.259757524307478
MD_SDSS_l2_3175,4.016421733102112
MD_SDSS_l2_3169,17.336621232501887
MD_SDSS_l2_3179,5.47577098727454
MD_SDSS_l2_3180,12.870564553949466
MD_SDSS_l2_3178,17.950706866739754
MD_SDSS_l2_3184,14.401288790958212
MD_SDSS_l2_3182,11.860957980221912
MD_SDSS_l2_3186,13.629910414232429
MD_SDSS_l2_3177,8.72761618960849
MD_SDSS_l2_317,10.352019521275686
MD_SDSS_l2_3187,14.184538371956952
MD_SDSS_l2_3188,9.444199364892075
MD_SDSS_l2_3194,12.102594459561658
MD_SDSS_l2_3199,1.988375547378789
MD_SDSS_l2_3185,10.366065850642102
MD_SDSS_l2_3196,7.298469423167113
MD_SDSS_l2_31,9.385998383444361
MD_SDSS_l2_3183,3.375627739684072
MD_SDSS_l2_3181,8.649737984753454
MD_SDSS_l2_3190,7.283488601982126
MD_SDSS_l2_3192,12.272087928125533
MD_SDSS_l2_318,8.349704041530561
MD_SDSS_l2_3205,19.272923511397554
MD_SDSS_l2_3191,11.015549684487983
MD_SDSS_l2_3203,7.225517375999399
MD_SDSS_l2_3193,13.894443853567811
MD_SDSS_l2_3198,9.939603130382384
MD_SDSS_l2_3195,17.502981290081106
MD_SDSS_l2_319,7.595581026376861
MD_SDSS_l2_3200,8.735640450486898
MD_SDSS_l2_3197,14.616576514254355
MD_SDSS_l2_3204,4.79046075509854
MD_SDSS_l2_3202,17.862548923920183
MD_SDSS_l2_3201,10.377024414868838
MD_SDSS_l2_3207,7.241370209940678
MD_SDSS_l2_3208,9.855462014218482
MD_SDSS_l2_3209,18.403061938093234
MD_SDSS_l2_3206,14.904015785122233
MD_SDSS_l2_3212,7.090314021517436
MD_SDSS_l2_320,6.969612985478724
MD_SDSS_l2_3216,8.795698701939987
MD_SDSS_l2_3211,9.852684225340768
MD_SDSS_l2_3213,9.70928110515134
MD_SDSS_l2_3219,8.666240881474286
MD_SDSS_l2_3214,17.702740576430845
MD_SDSS_l2_3217,6.064949693687563
MD_SDSS_l2_3224,11.934374357810118
MD_SDSS_l2_3218,10.030356556245039
MD_SDSS_l2_3221,3.4901576663752927
MD_SDSS_l2_3225,9.9092475986371
MD_SDSS_l2_3227,4.09040591380788
MD_SDSS_l2_3215,16.957202172622285
MD_SDSS_l2_3229,12.155832904992472
MD_SDSS_l2_3231,5.952640063977988
MD_SDSS_l2_3220,7.646563489842006
MD_SDSS_l2_3222,5.98468657096797
MD_SDSS_l2_321,8.969063165196907
MD_SDSS_l2_3228,6.834259303570041
MD_SDSS_l2_3226,10.834350459488572
MD_SDSS_l2_3236,10.725931712413729
MD_SDSS_l2_3223,11.86691039983813
MD_SDSS_l2_3237,12.886630868512562
MD_SDSS_l2_322,17.868818849422713
MD_SDSS_l2_3235,5.294332634525661
MD_SDSS_l2_3230,8.329908764853332
MD_SDSS_l2_3233,13.735559102820293
MD_SDSS_l2_3242,6.8066890459887635
MD_SDSS_l2_3234,7.174235829360184
MD_SDSS_l2_3232,9.08556302052622
MD_SDSS_l2_3240,7.965194413714185
MD_SDSS_l2_3247,10.994928457253915
MD_SDSS_l2_3246,1.9670819517081757
MD_SDSS_l2_3243,11.249173234710979
MD_SDSS_l2_3244,10.02964810678527
MD_SDSS_l2_3249,8.14891248168376
MD_SDSS_l2_324,5.008754041899357
MD_SDSS_l2_323,8.986453991931121
MD_SDSS_l2_3253,15.851842288087042
MD_SDSS_l2_3251,16.64248611719962
MD_SDSS_l2_3239,9.472297217267704
MD_SDSS_l2_3241,8.19443513955345
MD_SDSS_l2_3256,5.3405248956265705
MD_SDSS_l2_3252,11.305734128142602
MD_SDSS_l2_3245,6.055209370319297
MD_SDSS_l2_3238,10.378723043826698
MD_SDSS_l2_3255,16.540001252187437
MD_SDSS_l2_325,6.772446242649776
MD_SDSS_l2_3260,12.151576314027894
MD_SDSS_l2_3250,15.538394476831998
MD_SDSS_l2_3261,9.70113219571714
MD_SDSS_l2_3257,6.949907079572048
MD_SDSS_l2_3259,10.803602272289156
MD_SDSS_l2_3262,14.818373552817016
MD_SDSS_l2_3258,7.574864699827833
MD_SDSS_l2_3254,9.804009083520615
MD_SDSS_l2_3263,20.979997360739517
MD_SDSS_l2_3268,9.661334054404414
MD_SDSS_l2_3269,7.9593663422646985
MD_SDSS_l2_3271,9.379160289206911
MD_SDSS_l2_3265,6.471306003689426
MD_SDSS_l2_3275,12.204484559588956
MD_SDSS_l2_3267,9.620267947305226
MD_SDSS_l2_3277,5.876280964825215
MD_SDSS_l2_3272,7.8541343335292
MD_SDSS_l2_3264,8.66992382815867
MD_SDSS_l2_3278,12.222279327386596
MD_SDSS_l2_326,22.321636708279527
MD_SDSS_l2_3276,15.94090753293916
MD_SDSS_l2_3274,17.791652151397056
MD_SDSS_l2_3279,12.010861000234396
MD_SDSS_l2_3270,7.155872326805797
MD_SDSS_l2_3266,8.339071737035075
MD_SDSS_l2_3283,2.039978756221016
MD_SDSS_l2_3288,8.406738097631527
MD_SDSS_l2_3273,12.138673436194168
MD_SDSS_l2_3281,14.081993123190552
MD_SDSS_l2_3282,6.830756102481272
MD_SDSS_l2_327,5.638246617009342
MD_SDSS_l2_3287,6.31166751559471
MD_SDSS_l2_3280,7.508790882491329
MD_SDSS_l2_3286,3.468393421774964
MD_SDSS_l2_3284,5.610744643663631
MD_SDSS_l2_3285,12.092289495028483
MD_SDSS_l2_3294,10.541414402851949
MD_SDSS_l2_3290,11.808328967784432
MD_SDSS_l2_3289,15.149022630598381
MD_SDSS_l2_3296,8.874173330455216
MD_SDSS_l2_328,5.381727269391151
MD_SDSS_l2_3295,29.07229299837445
MD_SDSS_l2_3292,13.44347504825131
MD_SDSS_l2_3298,8.442068546886546
MD_SDSS_l2_3291,9.859593333663074
MD_SDSS_l2_3293,13.853494119547161
MD_SDSS_l2_3300,8.356278845530422
MD_SDSS_l2_3304,11.274703829373792
MD_SDSS_l2_3302,9.50499457855698
MD_SDSS_l2_3297,9.690093432691867
MD_SDSS_l2_3299,9.579090904338003
MD_SDSS_l2_3309,11.069092664146737
MD_SDSS_l2_3306,5.879937780954494
MD_SDSS_l2_3308,7.13987906174421
MD_SDSS_l2_329,17.235803364113956
MD_SDSS_l2_3307,8.669086922175897
MD_SDSS_l2_3301,3.4231624892684884
MD_SDSS_l2_32,10.351645511607096
MD_SDSS_l2_3314,10.69962267993068
MD_SDSS_l2_3303,12.27521333187282
MD_SDSS_l2_3315,20.232282466654233
MD_SDSS_l2_3313,15.74291055517714
MD_SDSS_l2_3312,15.973166018999084
MD_SDSS_l2_3305,9.621305396586937
MD_SDSS_l2_3311,17.27324191662789
MD_SDSS_l2_3321,18.120340366490773
MD_SDSS_l2_3316,15.510373226398153
MD_SDSS_l2_3322,8.920561512772231
MD_SDSS_l2_331,8.80879620571455
MD_SDSS_l2_3323,6.6970281707856625
MD_SDSS_l2_3310,13.183286319322697
MD_SDSS_l2_330,10.080508064019723
MD_SDSS_l2_3326,16.97210306805946
MD_SDSS_l2_3317,4.139758016084659
MD_SDSS_l2_3319,7.462398661705158
MD_SDSS_l2_3320,8.728889978355639
MD_SDSS_l2_3332,15.504853567708048
MD_SDSS_l2_3318,17.533511382432742
MD_SDSS_l2_3333,9.658356716953701
MD_SDSS_l2_3334,14.145933777346382
MD_SDSS_l2_3328,7.490855614093148
MD_SDSS_l2_3330,6.103663293931348
MD_SDSS_l2_3324,10.48383495978953
MD_SDSS_l2_3325,3.7707681799775923
MD_SDSS_l2_3339,10.727344118494385
MD_SDSS_l2_3338,15.649019097949818
MD_SDSS_l2_332,10.741528432372903
MD_SDSS_l2_3331,9.246900023768168
MD_SDSS_l2_3327,10.869689186354783
MD_SDSS_l2_3340,11.935201022628327
MD_SDSS_l2_3329,12.732481507441182
MD_SDSS_l2_3335,9.89058274088536
MD_SDSS_l2_3342,13.401878641307274
MD_SDSS_l2_3341,14.451168144850548
MD_SDSS_l2_3336,6.53558919724129
MD_SDSS_l2_3345,12.975087904808166
MD_SDSS_l2_3337,7.783905007211082
MD_SDSS_l2_3348,2.744419892799039
MD_SDSS_l2_3344,11.035434640835444
MD_SDSS_l2_334,4.924806820619665
MD_SDSS_l2_3343,9.147044927739412
MD_SDSS_l2_3346,8.863117430962031
MD_SDSS_l2_333,9.719258693269385
MD_SDSS_l2_3347,8.481393959872001
MD_SDSS_l2_3349,1.2361674853746578
MD_SDSS_l2_3350,10.194409639171685
MD_SDSS_l2_3358,11.899510416569964
MD_SDSS_l2_3351,15.236931316094923
MD_SDSS_l2_3357,12.498039490016888
MD_SDSS_l2_3362,9.905954741509529
MD_SDSS_l2_3352,10.018198986596737
MD_SDSS_l2_3360,16.005016611981095
MD_SDSS_l2_3355,10.373882482893428
MD_SDSS_l2_3366,4.59539159075713
MD_SDSS_l2_3359,13.589060915623232
MD_SDSS_l2_3367,9.542897690795442
MD_SDSS_l2_3369,17.7151353243221
MD_SDSS_l2_336,16.843177700562848
MD_SDSS_l2_3354,19.387269530861126
MD_SDSS_l2_3361,7.132610361775074
MD_SDSS_l2_3356,13.370291564272279
MD_SDSS_l2_3370,10.331049110890232
MD_SDSS_l2_3368,7.913391971589366
MD_SDSS_l2_3353,13.678051465842353
MD_SDSS_l2_335,15.07029933931125
MD_SDSS_l2_3363,7.518078658918332
MD_SDSS_l2_3374,10.365746013458029
MD_SDSS_l2_3376,13.486836526930887
MD_SDSS_l2_3365,6.460516732287196
MD_SDSS_l2_3378,7.936192144728241
MD_SDSS_l2_3364,7.073962608883159
MD_SDSS_l2_337,7.132381567214301
MD_SDSS_l2_3375,7.911428343971632
MD_SDSS_l2_3383,8.211243127962987
MD_SDSS_l2_3377,7.261725784869035
MD_SDSS_l2_3381,8.940444551362493
MD_SDSS_l2_3386,8.24262746509261
MD_SDSS_l2_3371,9.724192827943083
MD_SDSS_l2_3387,11.730626510185106
MD_SDSS_l2_3385,15.45485692171424
MD_SDSS_l2_3388,12.823211597150044
MD_SDSS_l2_3379,8.538154923575513
MD_SDSS_l2_3390,11.545783272151633
MD_SDSS_l2_3373,10.395282101357985
MD_SDSS_l2_3372,9.750189260985506
MD_SDSS_l2_3392,14.905974040687216
MD_SDSS_l2_3395,10.084031919663262
MD_SDSS_l2_3380,6.4977871680846455
MD_SDSS_l2_3384,7.961205942070287
MD_SDSS_l2_3399,8.723101996354654
MD_SDSS_l2_338,10.379672001782062
MD_SDSS_l2_3394,6.943551259546842
MD_SDSS_l2_3400,10.345691653633441
MD_SDSS_l2_3401,7.985951081458612
MD_SDSS_l2_3402,9.161897130728606
MD_SDSS_l2_3393,15.000344794724066
MD_SDSS_l2_339,12.053670570883675
MD_SDSS_l2_3389,8.863969776766494
MD_SDSS_l2_3405,11.754593332846254
MD_SDSS_l2_3396,9.68643613684581
MD_SDSS_l2_3391,11.946404385863925
MD_SDSS_l2_3398,8.675559888089873
MD_SDSS_l2_3408,9.282588746687136
MD_SDSS_l2_33,7.308989433653643
MD_SDSS_l2_3397,17.118123729680665
MD_SDSS_l2_3406,12.329471213344588
MD_SDSS_l2_3411,19.423209855099614
MD_SDSS_l2_3413,19.433672056763157
MD_SDSS_l2_3403,12.743994491504996
MD_SDSS_l2_3404,12.613580213211211
MD_SDSS_l2_3414,9.877899309541085
MD_SDSS_l2_3416,8.112980032772617
MD_SDSS_l2_3407,8.737776159693842
MD_SDSS_l2_3409,11.871484102832287
MD_SDSS_l2_3420,7.538092326682198
MD_SDSS_l2_3418,9.587299211853537
MD_SDSS_l2_340,9.550838086841747
MD_SDSS_l2_3419,16.84197402521516
MD_SDSS_l2_3421,9.330905816386302
MD_SDSS_l2_3423,6.02271002394672
MD_SDSS_l2_3424,7.538235669043119
MD_SDSS_l2_3410,7.8398403367252865
MD_SDSS_l2_3415,14.971966211994896
MD_SDSS_l2_3412,7.018860896650647
MD_SDSS_l2_3428,10.677984091284404
MD_SDSS_l2_3417,9.739595670935806
MD_SDSS_l2_3427,13.710398272181406
MD_SDSS_l2_3432,11.754582020422951
MD_SDSS_l2_342,16.983734413124278
MD_SDSS_l2_3429,10.237140343596996
MD_SDSS_l2_3431,8.912680672305054
MD_SDSS_l2_341,6.081440216195995
MD_SDSS_l2_3430,10.646710651036573
MD_SDSS_l2_3422,17.056736991070615
MD_SDSS_l2_3425,4.842659189968627
MD_SDSS_l2_3435,7.920274804168903
MD_SDSS_l2_3426,14.038726814286203
MD_SDSS_l2_3436,9.368389508419284
MD_SDSS_l2_3437,11.854154469972695
MD_SDSS_l2_3438,3.5653765034744165
MD_SDSS_l2_3433,-1.702562661945743
MD_SDSS_l2_3440,16.198941496365673
MD_SDSS_l2_3443,5.514288009632683
MD_SDSS_l2_3434,17.402586866638316
MD_SDSS_l2_3446,9.522295087339296
MD_SDSS_l2_3441,7.222823695535313
MD_SDSS_l2_3449,7.411266754270855
MD_SDSS_l2_3439,13.202230101429928
MD_SDSS_l2_3442,9.870568857217158
MD_SDSS_l2_3451,18.490542507991442
MD_SDSS_l2_343,12.754078670216295
MD_SDSS_l2_3445,10.628585005498296
MD_SDSS_l2_344,9.87023390999592
MD_SDSS_l2_3450,8.449845471717488
MD_SDSS_l2_3447,10.664392239664068
MD_SDSS_l2_345,11.325144758640434
MD_SDSS_l2_3448,14.356812577347014
MD_SDSS_l2_3457,14.178134405810077
MD_SDSS_l2_3452,16.126513680877167
MD_SDSS_l2_3453,10.292889619814925
MD_SDSS_l2_3454,6.319597531480007
MD_SDSS_l2_3458,12.425030713528775
MD_SDSS_l2_3455,11.473991764697852
MD_SDSS_l2_3462,18.415652888262716
MD_SDSS_l2_3456,7.677538389578942
MD_SDSS_l2_3468,14.039616011987533
MD_SDSS_l2_3460,10.285265610267862
MD_SDSS_l2_3466,12.097946286332958
MD_SDSS_l2_3459,15.461525240826832
MD_SDSS_l2_3474,14.950469410701245
MD_SDSS_l2_3463,8.419948552433365
MD_SDSS_l2_3471,8.314729353237166
MD_SDSS_l2_3461,11.448549530607137
MD_SDSS_l2_3477,7.778363913814872
MD_SDSS_l2_346,13.450293705029058
MD_SDSS_l2_3467,4.893851700543763
MD_SDSS_l2_3464,6.424497739764369
MD_SDSS_l2_3479,10.083491977012915
MD_SDSS_l2_3470,2.8625231616063527
MD_SDSS_l2_347,5.6701281435913256
MD_SDSS_l2_3472,13.396268469064097
MD_SDSS_l2_3465,14.32031099703405
MD_SDSS_l2_3485,11.401734334762818
MD_SDSS_l2_3486,11.07409934963206
MD_SDSS_l2_3469,15.929973319376641
MD_SDSS_l2_3473,10.628920872172609
MD_SDSS_l2_3488,9.03140052834753
MD_SDSS_l2_3475,2.528410189463786
MD_SDSS_l2_3476,11.898054309901378
MD_SDSS_l2_3490,14.878737918680969
MD_SDSS_l2_3478,10.445649744867655
MD_SDSS_l2_3481,16.84459830230847
MD_SDSS_l2_3483,10.339651534083568
MD_SDSS_l2_3484,11.430092632976589
MD_SDSS_l2_3494,7.479667320357178
MD_SDSS_l2_3482,14.65627866740656
MD_SDSS_l2_3492,9.142916023269024
MD_SDSS_l2_3493,13.513109892315578
MD_SDSS_l2_3491,15.54816232317888
MD_SDSS_l2_3499,15.060900469300305
MD_SDSS_l2_3480,12.182374103282939
MD_SDSS_l2_3487,15.104348509462913
MD_SDSS_l2_349,9.282312711192631
MD_SDSS_l2_3498,9.684989550143309
MD_SDSS_l2_348,15.672276509288114
MD_SDSS_l2_3489,28.727366214289333
MD_SDSS_l2_3502,7.243931717578034
MD_SDSS_l2_3497,17.577828536784434
MD_SDSS_l2_3509,1.8963563001877457
MD_SDSS_l2_3495,9.576017352748039
MD_SDSS_l2_3496,9.063445150641146
MD_SDSS_l2_3501,7.853724274229062
MD_SDSS_l2_3505,9.551202145276822
MD_SDSS_l2_3511,5.775379055400503
MD_SDSS_l2_3514,6.508898100660025
MD_SDSS_l2_34,4.5080688360655685
MD_SDSS_l2_3512,8.308991540899832
MD_SDSS_l2_3503,7.566240482187698
MD_SDSS_l2_3504,11.095455364196914
MD_SDSS_l2_3508,12.736532093202534
MD_SDSS_l2_3519,18.794420930602435
MD_SDSS_l2_3507,13.385411678384097
MD_SDSS_l2_3518,12.285971784655198
MD_SDSS_l2_3510,4.1471541480230325
MD_SDSS_l2_350,12.994726175965628
MD_SDSS_l2_3513,13.305520136684494
MD_SDSS_l2_3515,9.660972373734687
MD_SDSS_l2_3525,10.2780932018156
MD_SDSS_l2_3521,10.666708619722186
MD_SDSS_l2_3529,8.382502274731593
MD_SDSS_l2_3520,11.078727870774909
MD_SDSS_l2_352,6.581528358462682
MD_SDSS_l2_3516,9.327516177469061
MD_SDSS_l2_3517,6.882542571101695
MD_SDSS_l2_3526,10.833002615386983
MD_SDSS_l2_3523,10.24609747428726
MD_SDSS_l2_351,10.493317204718348
MD_SDSS_l2_3522,10.691281003395337
MD_SDSS_l2_3534,11.165721606811037
MD_SDSS_l2_3535,1.6407036300326094
MD_SDSS_l2_3527,4.3214448159328605
MD_SDSS_l2_3524,6.0699144477054965
MD_SDSS_l2_3539,10.560924585901313
MD_SDSS_l2_3528,15.169897318147289
MD_SDSS_l2_3542,13.96288455083386
MD_SDSS_l2_3543,7.793464826715105
MD_SDSS_l2_3530,15.664292010844786
MD_SDSS_l2_3533,5.462534174853911
MD_SDSS_l2_3532,10.463434171212777
MD_SDSS_l2_3531,9.278442573319367
MD_SDSS_l2_3547,7.4631477399065504
MD_SDSS_l2_3536,12.797639300242803
MD_SDSS_l2_3538,13.793789779348167
MD_SDSS_l2_353,10.613470453568057
MD_SDSS_l2_3544,13.20577858493077
MD_SDSS_l2_3550,2.912401766058947
MD_SDSS_l2_3537,15.277349597239146
MD_SDSS_l2_3541,8.205619186330743
MD_SDSS_l2_3554,6.433251147099478
MD_SDSS_l2_3545,11.411630514256494
MD_SDSS_l2_3540,9.778228568740536
MD_SDSS_l2_3557,7.35552596771879
MD_SDSS_l2_3548,7.968728516780061
MD_SDSS_l2_3559,6.448666773284472
MD_SDSS_l2_3546,9.31423070253008
MD_SDSS_l2_3555,14.139837231163208
MD_SDSS_l2_3556,7.933783695201184
MD_SDSS_l2_3549,11.103673345093084
MD_SDSS_l2_3552,7.852902309241358
MD_SDSS_l2_354,14.18855444570162
MD_SDSS_l2_3553,10.179645255774318
MD_SDSS_l2_355,9.679437327394494
MD_SDSS_l2_3563,7.3065386074099585
MD_SDSS_l2_3551,6.695755452365942
MD_SDSS_l2_3558,9.578937820098355
MD_SDSS_l2_3567,9.60934459037242
MD_SDSS_l2_3566,11.370730397106755
MD_SDSS_l2_3564,13.588085587803553
MD_SDSS_l2_3570,9.433412874945667
MD_SDSS_l2_3560,11.737721504696312
MD_SDSS_l2_3573,4.187059597140118
MD_SDSS_l2_3571,12.73494926428824
MD_SDSS_l2_3561,9.801242256383475
MD_SDSS_l2_3576,8.007102508077926
MD_SDSS_l2_3562,9.43325793861294
MD_SDSS_l2_3569,7.8326307774293955
MD_SDSS_l2_3565,9.63455954754886
MD_SDSS_l2_357,11.186198939473076
MD_SDSS_l2_3580,6.976563442248528
MD_SDSS_l2_3579,13.308938238513996
MD_SDSS_l2_3568,9.203725599186143
MD_SDSS_l2_3582,17.582976129976046
MD_SDSS_l2_3583,9.808576865195853
MD_SDSS_l2_356,9.768951115842983
MD_SDSS_l2_3585,7.977575587234069
MD_SDSS_l2_3575,7.276301004059503
MD_SDSS_l2_3577,11.231330191047721
MD_SDSS_l2_3578,13.793207061878135
MD_SDSS_l2_3588,5.279986665724204
MD_SDSS_l2_3572,4.847853554628559
MD_SDSS_l2_3574,6.295487841002711
MD_SDSS_l2_3593,6.594394039471402
MD_SDSS_l2_3595,9.512831135916699
MD_SDSS_l2_3584,12.535440999988449
MD_SDSS_l2_3581,7.055620657674934
MD_SDSS_l2_3597,8.058230967300325
MD_SDSS_l2_3587,10.533462054181067
MD_SDSS_l2_3586,12.053059079234384
MD_SDSS_l2_3590,19.666413829297845
MD_SDSS_l2_3596,3.5664904290196393
MD_SDSS_l2_3589,9.355814757614958
MD_SDSS_l2_3600,9.06850119607529
MD_SDSS_l2_358,10.436423804019412
MD_SDSS_l2_3592,13.049743853475082
MD_SDSS_l2_3599,8.572693773941026
MD_SDSS_l2_3605,13.666316199966358
MD_SDSS_l2_3606,9.844539387653994
MD_SDSS_l2_3594,4.50860514878765
MD_SDSS_l2_3591,19.49881361704081
MD_SDSS_l2_35,12.511149690035023
MD_SDSS_l2_359,10.595432727041757
MD_SDSS_l2_360,5.606567435811169
MD_SDSS_l2_3598,7.877153185954239
MD_SDSS_l2_3601,7.576837242076586
MD_SDSS_l2_3602,11.804987572855639
MD_SDSS_l2_3603,8.989516879988837
MD_SDSS_l2_3613,14.145286369367094
MD_SDSS_l2_3604,11.170691224353561
MD_SDSS_l2_3607,20.33891069429725
MD_SDSS_l2_3608,19.728284810620263
MD_SDSS_l2_3616,9.307788994131332
MD_SDSS_l2_3609,14.867087623269605
MD_SDSS_l2_3618,9.212177767355453
MD_SDSS_l2_3610,5.226383365222391
MD_SDSS_l2_3612,13.228748260859469
MD_SDSS_l2_3611,10.760420943536264
MD_SDSS_l2_3620,7.8396067612038784
MD_SDSS_l2_3617,5.373322944213774
MD_SDSS_l2_3615,7.6578410001362585
MD_SDSS_l2_3622,5.847904698781816
MD_SDSS_l2_3619,14.70704155838181
MD_SDSS_l2_3614,8.180524696786781
MD_SDSS_l2_3628,18.771062841647687
MD_SDSS_l2_3627,9.321370653048035
MD_SDSS_l2_3629,7.088198189904091
MD_SDSS_l2_361,11.4967736907229
MD_SDSS_l2_3621,12.643730335189417
MD_SDSS_l2_3625,5.282762566065527
MD_SDSS_l2_3624,10.069876394907768
MD_SDSS_l2_3635,12.111202829020492
MD_SDSS_l2_3623,7.872246485586871
MD_SDSS_l2_3626,16.991412112813702
MD_SDSS_l2_3637,9.803221308377744
MD_SDSS_l2_3634,10.617995880400262
MD_SDSS_l2_363,3.1548691971638956
MD_SDSS_l2_3632,1.2050785601328684
MD_SDSS_l2_3638,13.445269955317803
MD_SDSS_l2_3640,7.399377270252553
MD_SDSS_l2_3633,14.902072907585701
MD_SDSS_l2_3631,14.451273340359124
MD_SDSS_l2_3643,9.921575194209147
MD_SDSS_l2_3636,9.09461986724731
MD_SDSS_l2_362,4.951419497748477
MD_SDSS_l2_3630,16.96831314200466
MD_SDSS_l2_3641,10.421523675989462
MD_SDSS_l2_3639,18.688593688082808
MD_SDSS_l2_3642,7.284509297538311
MD_SDSS_l2_3647,9.050627390084514
MD_SDSS_l2_3644,13.726726078055489
MD_SDSS_l2_3649,11.307470816457748
MD_SDSS_l2_3646,8.52470866085889
MD_SDSS_l2_3645,4.497687391558699
MD_SDSS_l2_3650,15.309857466995991
MD_SDSS_l2_364,8.751575026158214
MD_SDSS_l2_3648,4.47088184115748
MD_SDSS_l2_3651,6.820433617972435
MD_SDSS_l2_3653,8.628242267327938
MD_SDSS_l2_3654,9.74566207653773
MD_SDSS_l2_3652,10.448720576913571
MD_SDSS_l2_3657,4.983701335683447
MD_SDSS_l2_3659,5.410595261330698
MD_SDSS_l2_3658,11.571421311545928
MD_SDSS_l2_3661,6.662831291768526
MD_SDSS_l2_3655,5.92921331658874
MD_SDSS_l2_365,10.722602098498522
MD_SDSS_l2_3662,16.392527401689165
MD_SDSS_l2_3660,7.678156159505706
MD_SDSS_l2_3656,8.096412026361614
MD_SDSS_l2_3666,9.947748017673877
MD_SDSS_l2_3667,19.333798964719172
MD_SDSS_l2_3663,7.988495746169625
MD_SDSS_l2_3665,2.1055535172299997
MD_SDSS_l2_3664,13.028149614312978
MD_SDSS_l2_3668,8.944963636950707
MD_SDSS_l2_3670,8.078024520793981
MD_SDSS_l2_3669,7.304438428771968
MD_SDSS_l2_366,15.540666654158784
MD_SDSS_l2_3673,8.974720270044626
MD_SDSS_l2_3672,8.464810353832352
MD_SDSS_l2_3671,4.356083491656985
MD_SDSS_l2_3674,7.637265650845912
MD_SDSS_l2_3675,10.421459578089125
MD_SDSS_l2_3676,7.314942260750824
MD_SDSS_l2_3678,6.27006810166718
MD_SDSS_l2_3680,10.613830253857884
MD_SDSS_l2_3677,11.612034481980816
MD_SDSS_l2_3679,13.260801349560706
MD_SDSS_l2_3681,8.399213967650065
MD_SDSS_l2_367,8.414180128380767
MD_SDSS_l2_3682,15.963514096554835
MD_SDSS_l2_3685,11.395142615775432
MD_SDSS_l2_3683,7.998721906237989
MD_SDSS_l2_3686,8.972208643501997
MD_SDSS_l2_3688,10.529911212429294
MD_SDSS_l2_3684,9.09612133547613
MD_SDSS_l2_3687,9.095271666292122
MD_SDSS_l2_3689,14.057825241315701
MD_SDSS_l2_3691,13.543573280429388
MD_SDSS_l2_368,9.28070160136333
MD_SDSS_l2_3690,10.111109778740143
MD_SDSS_l2_3694,15.314741817480137
MD_SDSS_l2_3695,8.551479369225156
MD_SDSS_l2_3693,12.704502772563092
MD_SDSS_l2_3696,11.042189898489873
MD_SDSS_l2_3699,8.484956598068184
MD_SDSS_l2_3697,14.929231381669538
MD_SDSS_l2_3692,18.937636160675986
MD_SDSS_l2_369,7.284133121395312
MD_SDSS_l2_36,9.971394797074494
MD_SDSS_l2_3698,7.788843584148976
MD_SDSS_l2_3700,18.000393797272046
MD_SDSS_l2_3701,11.0902186213545
MD_SDSS_l2_3703,8.78394730222824
MD_SDSS_l2_3702,15.426158223647242
MD_SDSS_l2_3705,4.501302136046894
MD_SDSS_l2_3706,11.145460020610889
MD_SDSS_l2_3707,8.319960903075259
MD_SDSS_l2_3704,17.14022760271254
MD_SDSS_l2_3708,9.572694478343868
MD_SDSS_l2_3710,6.545938324329411
MD_SDSS_l2_3711,11.127320946016358
MD_SDSS_l2_3709,9.268373826679206
MD_SDSS_l2_370,14.099061628868867
MD_SDSS_l2_3715,17.298179929742872
MD_SDSS_l2_3716,15.422421260731712
MD_SDSS_l2_3712,12.031039954821164
MD_SDSS_l2_3717,13.115070874785035
MD_SDSS_l2_3714,12.339539287830792
MD_SDSS_l2_3723,8.340729333132288
MD_SDSS_l2_3725,7.5577447559455155
MD_SDSS_l2_3722,4.7294478639388
MD_SDSS_l2_3721,10.721634484681283
MD_SDSS_l2_372,8.352875813282543
MD_SDSS_l2_3720,11.859505158646094
MD_SDSS_l2_3713,10.732216543852049
MD_SDSS_l2_3724,6.903832404806936
MD_SDSS_l2_3728,3.7345060974373663
MD_SDSS_l2_3719,9.707994127494146
MD_SDSS_l2_371,10.507128950673359
MD_SDSS_l2_3735,7.3804574921760135
MD_SDSS_l2_3729,11.858510673006958
MD_SDSS_l2_3732,9.611071045078425
MD_SDSS_l2_3734,6.511340465864281
MD_SDSS_l2_3731,10.802026160141482
MD_SDSS_l2_3733,8.475583035104906
MD_SDSS_l2_3726,8.964367115493433
MD_SDSS_l2_3727,13.62734611780797
MD_SDSS_l2_3742,9.642850813232362
MD_SDSS_l2_3740,11.773317979862956
MD_SDSS_l2_373,10.899611781169451
MD_SDSS_l2_3746,18.44720861571454
MD_SDSS_l2_3747,18.08512960403163
MD_SDSS_l2_3737,10.985947215109595
MD_SDSS_l2_374,8.709399480754424
MD_SDSS_l2_3748,9.241310050096665
MD_SDSS_l2_3741,12.384989203489557
MD_SDSS_l2_3730,8.15391367555205
MD_SDSS_l2_3739,14.238517630626102
MD_SDSS_l2_3743,11.41772169412307
MD_SDSS_l2_3738,19.888447729149565
MD_SDSS_l2_3736,16.791014640256048
MD_SDSS_l2_3758,4.872544544977453
MD_SDSS_l2_3751,10.93515086849527
MD_SDSS_l2_375,9.057627290977253
MD_SDSS_l2_3745,11.581498666642291
MD_SDSS_l2_3760,10.794094296475551
MD_SDSS_l2_3749,8.045872973852497
MD_SDSS_l2_3752,13.643227387490366
MD_SDSS_l2_3753,7.081316303465831
MD_SDSS_l2_3755,12.771131515525969
MD_SDSS_l2_3756,9.780394583988215
MD_SDSS_l2_3750,9.410853445287579
MD_SDSS_l2_3757,9.513268342099607
MD_SDSS_l2_3768,17.0303562554546
MD_SDSS_l2_3763,9.991364190202102
MD_SDSS_l2_3754,10.361573333322692
MD_SDSS_l2_376,11.722628732385894
MD_SDSS_l2_3770,10.358591296517828
MD_SDSS_l2_3759,9.876702588258656
MD_SDSS_l2_3762,8.158593250755832
MD_SDSS_l2_3761,11.574700177519837
MD_SDSS_l2_3776,6.958842490560338
MD_SDSS_l2_3774,10.797021550317442
MD_SDSS_l2_3765,8.004434571848783
MD_SDSS_l2_3769,9.609797231046052
MD_SDSS_l2_3777,12.982813410280901
MD_SDSS_l2_3764,8.851033435422806
MD_SDSS_l2_3781,12.468818130234745
MD_SDSS_l2_3767,10.331904852243639
MD_SDSS_l2_3780,10.270706578374822
MD_SDSS_l2_3766,6.355330429611348
MD_SDSS_l2_3772,10.5622128198248
MD_SDSS_l2_3773,9.14327601659026
MD_SDSS_l2_377,18.960574223739584
MD_SDSS_l2_3771,9.024792303886725
MD_SDSS_l2_3775,10.583625298550084
MD_SDSS_l2_3784,6.883275046909269
MD_SDSS_l2_3782,17.04596814688467
MD_SDSS_l2_3778,12.065975426347014
MD_SDSS_l2_3786,11.344868117014148
MD_SDSS_l2_378,8.980680475856127
MD_SDSS_l2_3779,12.8551520499208
MD_SDSS_l2_3785,19.33208499453969
MD_SDSS_l2_3783,7.488800782575682
MD_SDSS_l2_3787,8.117594451197197
MD_SDSS_l2_3792,8.307489788373683
MD_SDSS_l2_3794,7.518159051647643
MD_SDSS_l2_3789,8.236690894552076
MD_SDSS_l2_3788,7.272391858162862
MD_SDSS_l2_3790,12.839676582059239
MD_SDSS_l2_3791,10.663574376316877
MD_SDSS_l2_3793,3.883135960875938
MD_SDSS_l2_3802,-5.967859926055974
MD_SDSS_l2_3805,12.492279607885868
MD_SDSS_l2_3806,19.551039853398095
MD_SDSS_l2_3796,12.768687369599387
MD_SDSS_l2_379,8.969884257865493
MD_SDSS_l2_37,8.430646504856938
MD_SDSS_l2_3809,11.34573138147511
MD_SDSS_l2_3799,10.315343513408937
MD_SDSS_l2_3798,6.595340678765554
MD_SDSS_l2_380,7.448947795074122
MD_SDSS_l2_3797,9.787648252008326
MD_SDSS_l2_3800,9.127975869343338
MD_SDSS_l2_3795,5.871233847599596
MD_SDSS_l2_3803,6.747534575745879
MD_SDSS_l2_3814,14.344064027477025
MD_SDSS_l2_3812,21.342321519947426
MD_SDSS_l2_3801,9.854813733110408
MD_SDSS_l2_3804,13.033159953306235
MD_SDSS_l2_3817,4.586786120500987
MD_SDSS_l2_3819,11.634419985409078
MD_SDSS_l2_381,8.067169000018495
MD_SDSS_l2_3810,8.701628429495202
MD_SDSS_l2_3808,12.277355174784702
MD_SDSS_l2_3807,12.518133728941427
MD_SDSS_l2_3811,11.303704537893676
MD_SDSS_l2_3813,10.387448881879617
MD_SDSS_l2_3823,9.54683931770136
MD_SDSS_l2_3818,8.944580113699331
MD_SDSS_l2_3826,9.863592024050599
MD_SDSS_l2_3816,9.151371985923529
MD_SDSS_l2_3828,1.4118297669481716
MD_SDSS_l2_3815,10.841911197528496
MD_SDSS_l2_3820,4.844705851623919
MD_SDSS_l2_3833,9.532426259803254
MD_SDSS_l2_3827,9.009466906324967
MD_SDSS_l2_3821,8.00390507055836
MD_SDSS_l2_382,9.054699493827812
MD_SDSS_l2_3824,8.73424520215478
MD_SDSS_l2_3822,7.57256053877984
MD_SDSS_l2_3832,6.10830374668924
MD_SDSS_l2_3837,14.82878153189596
MD_SDSS_l2_3825,7.3455888386956305
MD_SDSS_l2_3840,10.658750069025752
MD_SDSS_l2_3831,14.282999840264937
MD_SDSS_l2_3830,17.987603340496634
MD_SDSS_l2_3835,14.073359570091453
MD_SDSS_l2_3839,17.042029870935043
MD_SDSS_l2_3842,8.46000370838846
MD_SDSS_l2_3836,9.32304971193764
MD_SDSS_l2_3844,11.457674467578489
MD_SDSS_l2_3838,12.581679926978042
MD_SDSS_l2_3850,12.277030619935527
MD_SDSS_l2_3845,8.691757295343992
MD_SDSS_l2_3834,14.902293564449105
MD_SDSS_l2_383,10.081043647706348
MD_SDSS_l2_3841,11.519247252449965
MD_SDSS_l2_3854,5.313714918251851
MD_SDSS_l2_3849,7.853350676063442
MD_SDSS_l2_3856,7.8549861167283215
MD_SDSS_l2_3846,8.774398007900057
MD_SDSS_l2_3843,14.596065447691274
MD_SDSS_l2_3861,5.393124543553242
MD_SDSS_l2_3847,5.138319328234164
MD_SDSS_l2_3863,7.558983907392303
MD_SDSS_l2_384,9.714839150651358
MD_SDSS_l2_3862,9.146606223383154
MD_SDSS_l2_3866,10.880469082187334
MD_SDSS_l2_3857,16.589986237437003
MD_SDSS_l2_3848,9.09809622419218
MD_SDSS_l2_3869,11.213541148952677
MD_SDSS_l2_3853,12.455620407154091
MD_SDSS_l2_3851,6.983752479244913
MD_SDSS_l2_3855,10.395216254416443
MD_SDSS_l2_3852,12.606917307542574
MD_SDSS_l2_3870,11.062367364480844
MD_SDSS_l2_3871,5.667235747637443
MD_SDSS_l2_386,15.229513337933922
MD_SDSS_l2_3860,6.411197279009363
MD_SDSS_l2_3872,8.971689628830488
MD_SDSS_l2_3858,10.547419334199521
MD_SDSS_l2_3864,14.25801469305074
MD_SDSS_l2_385,9.471751374283283
MD_SDSS_l2_3859,23.34191836447598
MD_SDSS_l2_3867,7.461529573160214
MD_SDSS_l2_3878,16.858756232393645
MD_SDSS_l2_3865,6.101755722735589
MD_SDSS_l2_3877,7.341590526880253
MD_SDSS_l2_3875,2.584075634764746
MD_SDSS_l2_3868,3.47413682636442
MD_SDSS_l2_3882,10.59624962639224
MD_SDSS_l2_3879,0.33905983001894135
MD_SDSS_l2_3881,11.011375098646688
MD_SDSS_l2_3883,6.97977211072474
MD_SDSS_l2_3884,11.774000866426567
MD_SDSS_l2_3874,9.276365464725433
MD_SDSS_l2_3886,9.207567543980304
MD_SDSS_l2_387,7.140349879686722
MD_SDSS_l2_3873,14.530648045791
MD_SDSS_l2_3891,16.06407428632219
MD_SDSS_l2_3876,9.249514601096012
MD_SDSS_l2_3885,6.801303983715123
MD_SDSS_l2_3889,11.398882702174873
MD_SDSS_l2_3897,8.47347992076213
MD_SDSS_l2_3894,11.84565649638521
MD_SDSS_l2_3880,16.00751145506234
MD_SDSS_l2_3900,6.491845955152362
MD_SDSS_l2_38,9.178624744684601
MD_SDSS_l2_388,9.85522365609834
MD_SDSS_l2_3887,13.313474688805975
MD_SDSS_l2_3890,8.015557375659043
MD_SDSS_l2_3903,9.201739450052566
MD_SDSS_l2_3892,11.515166885396342
MD_SDSS_l2_3895,13.281421746639037
MD_SDSS_l2_389,7.586991138370714
MD_SDSS_l2_3898,11.815470237268297
MD_SDSS_l2_3893,12.046651773655949
MD_SDSS_l2_3896,15.504335283828222
MD_SDSS_l2_3904,7.453572431159372
MD_SDSS_l2_3908,5.968967006502995
MD_SDSS_l2_3902,8.005260036722934
MD_SDSS_l2_3905,12.912231170362723
MD_SDSS_l2_3901,12.006875046926943
MD_SDSS_l2_3906,22.331932215673877
MD_SDSS_l2_3909,7.097819970500385
MD_SDSS_l2_3907,11.800239640423188
MD_SDSS_l2_390,10.43520102339105
MD_SDSS_l2_3910,7.852229668375813
MD_SDSS_l2_3914,7.82649664952049
MD_SDSS_l2_3911,6.703077830538442
MD_SDSS_l2_3913,15.074958631824737
MD_SDSS_l2_3915,18.213029474500882
MD_SDSS_l2_3912,3.991869062565728
MD_SDSS_l2_3917,11.503048687116266
MD_SDSS_l2_3918,8.922756949132769
MD_SDSS_l2_3919,9.684292427893816
MD_SDSS_l2_3916,8.934491350759263
MD_SDSS_l2_391,13.232990416717554
MD_SDSS_l2_3920,9.261884764135292
MD_SDSS_l2_3921,8.460484992678
MD_SDSS_l2_3924,11.23902297960821
MD_SDSS_l2_3933,8.876602384455671
MD_SDSS_l2_3922,11.501732740685421
MD_SDSS_l2_3923,10.814595993385275
MD_SDSS_l2_3936,9.023835631093636
MD_SDSS_l2_3925,3.837074370546233
MD_SDSS_l2_3939,11.790620341708983
MD_SDSS_l2_3940,10.815552972208101
MD_SDSS_l2_3932,6.265107627099109
MD_SDSS_l2_3942,8.792343602843872
MD_SDSS_l2_3927,5.551900320583462
MD_SDSS_l2_3938,10.855428037239742
MD_SDSS_l2_3935,-22.986557180853602
MD_SDSS_l2_3930,8.473921006896628
MD_SDSS_l2_3944,17.218878597999467
MD_SDSS_l2_3946,10.894953214431792
MD_SDSS_l2_393,10.510065322905525
MD_SDSS_l2_3947,17.35672119461153
MD_SDSS_l2_3926,9.829918211695798
MD_SDSS_l2_3949,13.214492687742723
MD_SDSS_l2_3943,11.66043232880923
MD_SDSS_l2_3929,10.68841618158737
MD_SDSS_l2_3950,8.946565429187375
MD_SDSS_l2_3941,3.9338387375441144
MD_SDSS_l2_3934,6.974415359796767
MD_SDSS_l2_3928,7.772849993180948
MD_SDSS_l2_3937,17.673755959519752
MD_SDSS_l2_3954,3.9055365006588545
MD_SDSS_l2_3945,11.49657797686569
MD_SDSS_l2_3956,16.337472106722945
MD_SDSS_l2_3958,9.04994916391486
MD_SDSS_l2_3959,8.291779511276197
MD_SDSS_l2_3948,17.013386777961877
MD_SDSS_l2_394,9.077002766888082
MD_SDSS_l2_3957,1.1353960882178438
MD_SDSS_l2_3961,6.727823674179916
MD_SDSS_l2_3951,11.846927429494565
MD_SDSS_l2_3965,9.738422768481765
MD_SDSS_l2_3962,14.073158373153323
MD_SDSS_l2_3955,6.163876002411053
MD_SDSS_l2_3963,11.975315904510655
MD_SDSS_l2_3968,12.908481908021582
MD_SDSS_l2_3953,12.627517576577125
MD_SDSS_l2_3952,12.951155966792392
MD_SDSS_l2_3964,12.67995119664933
MD_SDSS_l2_3971,7.80601178621937
MD_SDSS_l2_395,13.92754916638156
MD_SDSS_l2_3960,7.06412183551568
MD_SDSS_l2_396,7.056463276591801
MD_SDSS_l2_3973,9.135785303656291
MD_SDSS_l2_3977,3.1281472076946617
MD_SDSS_l2_3966,12.12545939659217
MD_SDSS_l2_3979,5.942448918069459
MD_SDSS_l2_3967,9.20528053287588
MD_SDSS_l2_3970,10.92652949300356
MD_SDSS_l2_3974,5.506511991471866
MD_SDSS_l2_3975,14.174824959695197
MD_SDSS_l2_3987,4.489419314473201
MD_SDSS_l2_3984,3.2883379492003026
MD_SDSS_l2_3988,13.228254195940664
MD_SDSS_l2_3976,10.74622863262152
MD_SDSS_l2_3972,10.636894982276612
MD_SDSS_l2_398,10.38360563826505
MD_SDSS_l2_3991,8.53521418089985
MD_SDSS_l2_3980,11.85189249340209
MD_SDSS_l2_3992,10.207721454314024
MD_SDSS_l2_3978,7.7212215905437755
MD_SDSS_l2_3981,7.416973242831871
MD_SDSS_l2_3982,9.892402356723808
MD_SDSS_l2_397,7.038081903908017
MD_SDSS_l2_3997,8.82315702170201
MD_SDSS_l2_3993,10.433523236149096
MD_SDSS_l2_3985,16.56396512808107
MD_SDSS_l2_3983,10.02748451531799
MD_SDSS_l2_3986,7.40088566300169
MD_SDSS_l2_3,14.102293666583247
MD_SDSS_l2_3994,5.068289816311546
MD_SDSS_l2_3995,8.549432581239554
MD_SDSS_l2_4002,18.174615168389195
MD_SDSS_l2_4001,16.95700026647453
MD_SDSS_l2_3989,10.471430442821312
MD_SDSS_l2_4004,14.407785625592089
MD_SDSS_l2_3990,0.9216876781079097
MD_SDSS_l2_3996,1.9128290996781185
MD_SDSS_l2_4000,9.65519029621554
MD_SDSS_l2_4005,22.022231164709332
MD_SDSS_l2_39,6.234130945717649
MD_SDSS_l2_4007,9.810503829161792
MD_SDSS_l2_3999,11.442651909264534
MD_SDSS_l2_400,11.062212037174694
MD_SDSS_l2_3998,3.5740333381130522
MD_SDSS_l2_4014,4.85417248060655
MD_SDSS_l2_4011,14.190188093635891
MD_SDSS_l2_399,11.575592527370594
MD_SDSS_l2_4013,4.33040788231294
MD_SDSS_l2_4003,11.847289553941675
MD_SDSS_l2_4008,12.589138778679091
MD_SDSS_l2_4015,8.485656719590347
MD_SDSS_l2_4020,10.614443973035364
MD_SDSS_l2_4009,4.370213838148363
MD_SDSS_l2_4016,12.348278557895673
MD_SDSS_l2_4021,11.324840968199792
MD_SDSS_l2_401,10.788822936194503
MD_SDSS_l2_4017,15.63496414010839
MD_SDSS_l2_4012,9.25075983176387
MD_SDSS_l2_4010,14.478226853707383
MD_SDSS_l2_4006,16.310244329385874
MD_SDSS_l2_4028,13.66693305110515
MD_SDSS_l2_4030,18.80045274158665
MD_SDSS_l2_4023,10.724753739759205
MD_SDSS_l2_4029,15.845847603580692
MD_SDSS_l2_4018,13.40391539406037
MD_SDSS_l2_4019,4.4279633547211095
MD_SDSS_l2_4033,7.163258126348445
MD_SDSS_l2_4025,8.742404000896506
MD_SDSS_l2_4035,6.179702859998015
MD_SDSS_l2_4022,6.597358537281076
MD_SDSS_l2_4036,11.206501917898471
MD_SDSS_l2_4024,8.34837395009023
MD_SDSS_l2_4037,11.170838188893644
MD_SDSS_l2_4026,3.657500734741795
MD_SDSS_l2_4041,6.841320521336371
MD_SDSS_l2_4040,6.3720008123381575
MD_SDSS_l2_4032,11.245694028294404
MD_SDSS_l2_4027,9.793177563122443
MD_SDSS_l2_4031,11.510507101337724
MD_SDSS_l2_4042,18.809164765828513
MD_SDSS_l2_402,12.283729201527656
MD_SDSS_l2_4045,7.796946550201797
MD_SDSS_l2_4049,10.345623400037878
MD_SDSS_l2_4034,11.01498286942078
MD_SDSS_l2_4044,11.589900210316289
MD_SDSS_l2_4038,18.64345379683093
MD_SDSS_l2_4046,6.733678091361417
MD_SDSS_l2_403,6.849506350950241
MD_SDSS_l2_4043,12.496458870748135
MD_SDSS_l2_4039,10.932539733329966
MD_SDSS_l2_4053,10.604467745707105
MD_SDSS_l2_4055,17.25796343286641
MD_SDSS_l2_4052,15.08558049250152
MD_SDSS_l2_4058,9.894375559943931
MD_SDSS_l2_405,11.888851639684196
MD_SDSS_l2_4050,9.58315046931996
MD_SDSS_l2_4057,9.146537720220678
MD_SDSS_l2_4048,9.134909638935767
MD_SDSS_l2_4047,11.863997673236995
MD_SDSS_l2_4054,7.120689668115576
MD_SDSS_l2_4062,9.381463543447342
MD_SDSS_l2_404,9.090575267139844
MD_SDSS_l2_4051,7.196815518952919
MD_SDSS_l2_4067,13.518544686695321
MD_SDSS_l2_4059,9.522927591734863
MD_SDSS_l2_406,4.067050915080134
MD_SDSS_l2_4060,11.36994188259507
MD_SDSS_l2_4066,9.120679736547157
MD_SDSS_l2_4063,8.60149905489862
MD_SDSS_l2_4064,15.095685665979312
MD_SDSS_l2_4070,12.144250323328167
MD_SDSS_l2_4073,13.393332152457841
MD_SDSS_l2_4065,14.246762074278763
MD_SDSS_l2_4069,10.154394449130493
MD_SDSS_l2_407,17.31431438429947
MD_SDSS_l2_4061,13.288009677267405
MD_SDSS_l2_4071,7.621172676322385
MD_SDSS_l2_4068,5.491056358407951
MD_SDSS_l2_4082,10.409208299837363
MD_SDSS_l2_4081,9.152495922363839
MD_SDSS_l2_4077,9.935449282483107
MD_SDSS_l2_4085,10.105883675167012
MD_SDSS_l2_4076,13.361480966271854
MD_SDSS_l2_4078,11.79625899851729
MD_SDSS_l2_4075,11.157948589966926
MD_SDSS_l2_4074,14.30534970244371
MD_SDSS_l2_4087,9.33455321663494
MD_SDSS_l2_4090,13.962305789186232
MD_SDSS_l2_4091,8.83534767320958
MD_SDSS_l2_4080,17.039723034422813
MD_SDSS_l2_4084,13.596551153774433
MD_SDSS_l2_4079,12.445728584884916
MD_SDSS_l2_4072,13.068352320577139
MD_SDSS_l2_4092,9.868130195564195
MD_SDSS_l2_4086,10.910848611553758
MD_SDSS_l2_408,8.178949169705731
MD_SDSS_l2_4088,7.630657617266268
MD_SDSS_l2_4093,9.389056153272753
MD_SDSS_l2_4083,9.925909958943956
MD_SDSS_l2_4097,10.873040902796202
MD_SDSS_l2_4098,13.768544921159332
MD_SDSS_l2_4094,8.874017462846682
MD_SDSS_l2_4089,9.74394956682746
MD_SDSS_l2_40,6.704589546744938
MD_SDSS_l2_4099,11.567379583951524
MD_SDSS_l2_409,16.54085376810604
MD_SDSS_l2_4096,7.180721107668548
MD_SDSS_l2_4100,6.308234722795422
MD_SDSS_l2_4095,11.340386313579707
MD_SDSS_l2_4103,16.427637934777984
MD_SDSS_l2_4104,15.038870788949495
MD_SDSS_l2_4101,10.153319513568437
MD_SDSS_l2_4105,5.931514992430811
MD_SDSS_l2_4102,7.1964434560400115
MD_SDSS_l2_4106,9.255277561259675
MD_SDSS_l2_4114,7.406165865274818
MD_SDSS_l2_4107,11.053025223765776
MD_SDSS_l2_4115,11.63512964822699
MD_SDSS_l2_4118,10.18624522772387
MD_SDSS_l2_4117,19.895344863091196
MD_SDSS_l2_4109,7.335034743116051
MD_SDSS_l2_4120,6.53064988970859
MD_SDSS_l2_4121,10.828354487813595
MD_SDSS_l2_4111,11.562482569422617
MD_SDSS_l2_4123,11.039981982035123
MD_SDSS_l2_4108,22.720404592778895
MD_SDSS_l2_410,8.092466588357446
MD_SDSS_l2_4112,6.271646604844458
MD_SDSS_l2_4110,20.396989287171433
MD_SDSS_l2_4125,8.878767399028485
MD_SDSS_l2_4122,8.19462590961714
MD_SDSS_l2_412,8.412717578062491
MD_SDSS_l2_4124,1.4640277223670655
MD_SDSS_l2_4113,7.663273395342943
MD_SDSS_l2_4116,10.24785678589975
MD_SDSS_l2_4126,6.452734401274034
MD_SDSS_l2_4131,11.273870310212233
MD_SDSS_l2_4119,8.947713988741855
MD_SDSS_l2_411,10.651172764819979
MD_SDSS_l2_4138,13.496371344216831
MD_SDSS_l2_4128,10.55457774725136
MD_SDSS_l2_4129,3.990361781157608
MD_SDSS_l2_4127,11.561352925380247
MD_SDSS_l2_4130,9.605808706053875
MD_SDSS_l2_4135,22.333918452035938
MD_SDSS_l2_4141,15.441672063505205
MD_SDSS_l2_4132,9.408751035021389
MD_SDSS_l2_4133,14.221869183036045
MD_SDSS_l2_4142,13.008335851385958
MD_SDSS_l2_4144,12.287963288543969
MD_SDSS_l2_4137,13.52908767572695
MD_SDSS_l2_4136,12.826334198118612
MD_SDSS_l2_4139,10.636963830514812
MD_SDSS_l2_4147,12.353251935404167
MD_SDSS_l2_4148,7.896184076775848
MD_SDSS_l2_4134,5.345060035938454
MD_SDSS_l2_4140,9.113700109477463
MD_SDSS_l2_4149,11.610480338492458
MD_SDSS_l2_4150,5.577706457831393
MD_SDSS_l2_4143,9.640023565622574
MD_SDSS_l2_4146,9.285889601106275
MD_SDSS_l2_4156,15.83941712482294
MD_SDSS_l2_4145,8.452185220883434
MD_SDSS_l2_4151,9.606304333139441
MD_SDSS_l2_414,10.984283891604623
MD_SDSS_l2_4161,7.252976802364616
MD_SDSS_l2_4152,15.563816140112477
MD_SDSS_l2_4153,9.799367812531619
MD_SDSS_l2_4164,6.501819397575828
MD_SDSS_l2_4165,7.806770132654883
MD_SDSS_l2_4155,10.14782545559624
MD_SDSS_l2_4154,2.696312104089907
MD_SDSS_l2_4169,11.69034476680854
MD_SDSS_l2_4171,8.598233548762003
MD_SDSS_l2_4163,7.012464858570821
MD_SDSS_l2_4172,7.2845269250696205
MD_SDSS_l2_4158,7.4339073341569595
MD_SDSS_l2_4160,8.968757001089758
MD_SDSS_l2_4159,9.562328305533232
MD_SDSS_l2_415,19.421977124299232
MD_SDSS_l2_4157,6.9070118799979685
MD_SDSS_l2_4178,12.80804583619011
MD_SDSS_l2_4162,8.014588642662062
MD_SDSS_l2_4166,10.92318633040163
MD_SDSS_l2_417,10.025349051118084
MD_SDSS_l2_4167,12.223454468345654
MD_SDSS_l2_4168,8.553919984730307
MD_SDSS_l2_4176,14.49879768929144
MD_SDSS_l2_416,13.496498945526133
MD_SDSS_l2_4181,7.811960932492789
MD_SDSS_l2_4182,10.578112453911313
MD_SDSS_l2_4174,18.89866273800363
MD_SDSS_l2_4188,11.4051211385433
MD_SDSS_l2_4173,13.024284607955142
MD_SDSS_l2_4184,8.747783981254091
MD_SDSS_l2_4175,16.66118705749839
MD_SDSS_l2_4177,13.940656502211521
MD_SDSS_l2_4180,11.725249511858905
MD_SDSS_l2_4186,10.303376853213276
MD_SDSS_l2_4194,13.369845824011975
MD_SDSS_l2_4187,7.7157762669590095
MD_SDSS_l2_4179,16.012777054898752
MD_SDSS_l2_4183,11.077680313585809
MD_SDSS_l2_4193,10.986238899797746
MD_SDSS_l2_4191,10.499879743484072
MD_SDSS_l2_419,11.022448398607231
MD_SDSS_l2_418,8.080845074529558
MD_SDSS_l2_4199,15.324476627473478
MD_SDSS_l2_4200,6.430480177480767
MD_SDSS_l2_4189,10.453398706352079
MD_SDSS_l2_4198,9.30829681513255
MD_SDSS_l2_4190,11.063628895073084
MD_SDSS_l2_4185,18.489274730235536
MD_SDSS_l2_4195,8.18279823299881
MD_SDSS_l2_4201,11.15507996230684
MD_SDSS_l2_4203,16.009615810001268
MD_SDSS_l2_4192,4.063328902010854
MD_SDSS_l2_4202,8.284556029214968
MD_SDSS_l2_4196,12.021872392968637
MD_SDSS_l2_4197,7.08067774304938
MD_SDSS_l2_4206,9.381170811992613
MD_SDSS_l2_4205,5.2912337852141
MD_SDSS_l2_4208,3.6570685357214305
MD_SDSS_l2_420,9.265886672237293
MD_SDSS_l2_41,13.451925220872324
MD_SDSS_l2_4210,14.958241203620915
MD_SDSS_l2_4218,13.649755772660894
MD_SDSS_l2_4213,10.341595665378456
MD_SDSS_l2_4219,5.771686646738852
MD_SDSS_l2_4217,14.831605036621418
MD_SDSS_l2_4209,10.13504473846287
MD_SDSS_l2_4204,9.038710960952422
MD_SDSS_l2_4222,8.203370781675057
MD_SDSS_l2_4207,14.133823552487813
MD_SDSS_l2_4223,6.676931871997594
MD_SDSS_l2_4211,9.95112155306022
MD_SDSS_l2_4227,5.501689929578172
MD_SDSS_l2_4212,13.559217310770421
MD_SDSS_l2_4215,9.284071431804694
MD_SDSS_l2_4220,11.032765542855932
MD_SDSS_l2_4228,3.251337332599922
MD_SDSS_l2_4225,7.973331126435112
MD_SDSS_l2_4216,10.463781878406998
MD_SDSS_l2_4226,8.088920050688941
MD_SDSS_l2_4214,9.365127134784117
MD_SDSS_l2_4224,16.06446747012968
MD_SDSS_l2_421,10.114120246708111
MD_SDSS_l2_4231,6.199727273489481
MD_SDSS_l2_4230,16.87929189144605
MD_SDSS_l2_4232,9.680467830283488
MD_SDSS_l2_4221,17.509438058763955
MD_SDSS_l2_4229,9.342753617073498
MD_SDSS_l2_4234,12.28560484077289
MD_SDSS_l2_4238,11.596128035867174
MD_SDSS_l2_422,7.965169424549271
MD_SDSS_l2_4235,19.528143526324477
MD_SDSS_l2_4239,14.933420463103081
MD_SDSS_l2_4233,12.573724419830738
MD_SDSS_l2_4236,8.788581448163953
MD_SDSS_l2_4237,12.294397329777695
MD_SDSS_l2_4247,13.048374704549751
MD_SDSS_l2_4240,8.92707865130388
MD_SDSS_l2_4244,15.413954752836872
MD_SDSS_l2_4243,10.57898418740524
MD_SDSS_l2_4246,16.75824779250166
MD_SDSS_l2_4245,9.45802313939438
MD_SDSS_l2_4248,10.475155757173349
MD_SDSS_l2_4249,7.802369679176598
MD_SDSS_l2_423,11.58935908199862
MD_SDSS_l2_4254,12.095690303275138
MD_SDSS_l2_4242,18.471564998562613
MD_SDSS_l2_4253,14.259801125492224
MD_SDSS_l2_424,12.3679874671876
MD_SDSS_l2_4258,9.184296290799686
MD_SDSS_l2_4250,11.060401770502555
MD_SDSS_l2_4255,11.052153298326232
MD_SDSS_l2_4251,7.5081316310075
MD_SDSS_l2_4264,10.140351861244326
MD_SDSS_l2_4256,6.513827074188088
MD_SDSS_l2_4252,7.303198501248039
MD_SDSS_l2_425,15.118014484703235
MD_SDSS_l2_4257,6.775066300993984
MD_SDSS_l2_4266,7.799436243575498
MD_SDSS_l2_4260,5.927922887258941
MD_SDSS_l2_4270,18.162313473822543
MD_SDSS_l2_4259,12.38937332772492
MD_SDSS_l2_4263,11.67052266202424
MD_SDSS_l2_4275,8.549963347838869
MD_SDSS_l2_4276,11.380781865084296
MD_SDSS_l2_4261,4.92076352423922
MD_SDSS_l2_4265,2.2493592128234443
MD_SDSS_l2_4272,10.06016684282682
MD_SDSS_l2_4268,11.132505577750685
MD_SDSS_l2_4267,5.888144347576597
MD_SDSS_l2_4280,7.711648555114273
MD_SDSS_l2_4282,7.590809422004065
MD_SDSS_l2_4269,8.429125774470196
MD_SDSS_l2_4274,10.772998718190218
MD_SDSS_l2_4262,11.996525738654551
MD_SDSS_l2_4278,6.421829385599336
MD_SDSS_l2_426,8.339340556336149
MD_SDSS_l2_4284,8.058474442598433
MD_SDSS_l2_4271,9.956469480112688
MD_SDSS_l2_4288,17.685791322324853
MD_SDSS_l2_4289,10.015479238201856
MD_SDSS_l2_428,11.384238166669647
MD_SDSS_l2_4273,8.57421518279187
MD_SDSS_l2_4291,4.581083544885955
MD_SDSS_l2_4277,7.527989842409369
MD_SDSS_l2_4290,6.225002606429831
MD_SDSS_l2_4279,13.908527357961884
MD_SDSS_l2_4293,7.275998684734207
MD_SDSS_l2_4294,5.062337274896061
MD_SDSS_l2_4281,15.920892201825875
MD_SDSS_l2_427,10.74766921505405
MD_SDSS_l2_4283,11.018281026112552
MD_SDSS_l2_4298,4.200202443852051
MD_SDSS_l2_4287,9.101110996129417
MD_SDSS_l2_4286,13.48023596499615
MD_SDSS_l2_4285,8.751546179522254
MD_SDSS_l2_429,13.670671539897839
MD_SDSS_l2_4295,12.523214359181669
MD_SDSS_l2_4300,13.90941540711106
MD_SDSS_l2_4301,15.36904848618159
MD_SDSS_l2_4296,14.793294883037305
MD_SDSS_l2_4303,10.880973741004482
MD_SDSS_l2_4307,13.755065292763076
MD_SDSS_l2_4308,11.021924441696438
MD_SDSS_l2_4292,9.518198282776783
MD_SDSS_l2_4311,13.445016327454436
MD_SDSS_l2_4309,10.098033437922531
MD_SDSS_l2_4299,13.845246820616465
MD_SDSS_l2_4302,7.466292560338308
MD_SDSS_l2_4314,11.66526582011641
MD_SDSS_l2_4304,13.258544990079667
MD_SDSS_l2_4315,9.396893098735635
MD_SDSS_l2_4312,9.311343502793328
MD_SDSS_l2_4316,17.699712548924825
MD_SDSS_l2_4317,10.615737448621113
MD_SDSS_l2_4297,13.01117690123708
MD_SDSS_l2_4305,8.638806626478157
MD_SDSS_l2_42,15.69230209551292
MD_SDSS_l2_4306,9.066610581347998
MD_SDSS_l2_4320,14.744800015735873
MD_SDSS_l2_4322,8.729031757447359
MD_SDSS_l2_4321,21.05037478057536
MD_SDSS_l2_430,5.504714978393141
MD_SDSS_l2_4325,7.437971599616914
MD_SDSS_l2_4310,11.337821266725928
MD_SDSS_l2_4327,17.763192352276747
MD_SDSS_l2_4313,6.24910428820594
MD_SDSS_l2_432,5.6336906620002605
MD_SDSS_l2_4330,11.063420577439267
MD_SDSS_l2_4318,15.60042971396135
MD_SDSS_l2_4319,10.616926625024288
MD_SDSS_l2_4333,11.559895914088518
MD_SDSS_l2_431,10.343076141528268
MD_SDSS_l2_4329,11.192361161348249
MD_SDSS_l2_4328,5.870313081912974
MD_SDSS_l2_4323,6.032047966369046
MD_SDSS_l2_4337,9.665710964027095
MD_SDSS_l2_4324,8.451452645019835
MD_SDSS_l2_4326,11.543702165330432
MD_SDSS_l2_4336,11.411120630377422
MD_SDSS_l2_4338,14.751960459619747
MD_SDSS_l2_4342,9.242067432177972
MD_SDSS_l2_4331,7.1931621408404585
MD_SDSS_l2_4332,8.552446786480715
MD_SDSS_l2_4345,10.313426190735694
MD_SDSS_l2_4343,8.720063027348129
MD_SDSS_l2_4344,3.7575212002368357
MD_SDSS_l2_4340,8.630689624437915
MD_SDSS_l2_4348,10.909085422800342
MD_SDSS_l2_4335,6.434473786015344
MD_SDSS_l2_434,5.683639294690154
MD_SDSS_l2_4349,3.9146564846732286
MD_SDSS_l2_4351,10.062893053201883
MD_SDSS_l2_4334,10.173281702649245
MD_SDSS_l2_4346,6.124011283317651
MD_SDSS_l2_4339,7.7909353937047765
MD_SDSS_l2_4341,10.839521587789104
MD_SDSS_l2_4354,11.270001400949011
MD_SDSS_l2_4355,7.352094596347591
MD_SDSS_l2_4347,13.59642996221894
MD_SDSS_l2_433,7.840891576132778
MD_SDSS_l2_4350,5.429969420481189
MD_SDSS_l2_4357,9.660195313981612
MD_SDSS_l2_435,8.363861512082977
MD_SDSS_l2_4356,8.59960238366889
MD_SDSS_l2_4360,17.77885483300908
MD_SDSS_l2_4352,15.88395002348342
MD_SDSS_l2_4368,10.679502656662109
MD_SDSS_l2_4359,12.896859828908926
MD_SDSS_l2_4358,15.969484422374967
MD_SDSS_l2_4370,6.012576497534962
MD_SDSS_l2_4369,16.876067770345177
MD_SDSS_l2_4362,7.981324460258346
MD_SDSS_l2_4367,6.1810846470061644
MD_SDSS_l2_4361,8.069709674832845
MD_SDSS_l2_4371,16.675186153497457
MD_SDSS_l2_4374,7.7565749286901085
MD_SDSS_l2_4377,10.859059198544525
MD_SDSS_l2_4376,9.272848121646467
MD_SDSS_l2_4365,7.119007146367878
MD_SDSS_l2_437,6.370462847257009
MD_SDSS_l2_4380,6.144880287071837
MD_SDSS_l2_4364,14.243701975773496
MD_SDSS_l2_4363,8.786760660947145
MD_SDSS_l2_4366,8.956688173704222
MD_SDSS_l2_4384,7.31177668995126
MD_SDSS_l2_4372,10.681683602823943
MD_SDSS_l2_4373,6.939420990342812
MD_SDSS_l2_4382,5.1091135315844305
MD_SDSS_l2_436,5.172183860659565
MD_SDSS_l2_4385,12.549277016456664
MD_SDSS_l2_4389,7.923051605688228
MD_SDSS_l2_4375,11.948422380729998
MD_SDSS_l2_438,9.037833808836847
MD_SDSS_l2_4388,14.479232799862634
MD_SDSS_l2_4395,9.632857927015369
MD_SDSS_l2_4379,13.030351308284814
MD_SDSS_l2_4381,10.894010540928836
MD_SDSS_l2_4397,7.299085871510117
MD_SDSS_l2_4383,10.572794871697448
MD_SDSS_l2_4386,17.020468145148833
MD_SDSS_l2_4398,6.395577714150242
MD_SDSS_l2_4392,18.759990199333686
MD_SDSS_l2_4391,9.297894596829433
MD_SDSS_l2_43,7.5427147646589905
MD_SDSS_l2_4387,8.883283769542107
MD_SDSS_l2_4390,11.8644334655726
MD_SDSS_l2_4400,-2.7373383238732973
MD_SDSS_l2_4407,13.06587543708095
MD_SDSS_l2_4402,4.050132781341761
MD_SDSS_l2_4393,13.575129144660627
MD_SDSS_l2_4409,17.377585454811076
MD_SDSS_l2_4394,8.968866952818152
MD_SDSS_l2_4412,17.65981723837889
MD_SDSS_l2_4396,8.032237234812873
MD_SDSS_l2_4411,5.5537781871765315
MD_SDSS_l2_4401,5.24849825537966
MD_SDSS_l2_4415,16.916909641321382
MD_SDSS_l2_439,10.17486093482917
MD_SDSS_l2_4399,13.001951832016966
MD_SDSS_l2_4416,7.4739492718409295
MD_SDSS_l2_4406,11.521245592469036
MD_SDSS_l2_4413,14.16834328432615
MD_SDSS_l2_4410,3.5876238775801443
MD_SDSS_l2_4418,3.9161246863034957
MD_SDSS_l2_4404,14.317667431149406
MD_SDSS_l2_440,5.693538379116022
MD_SDSS_l2_4403,8.815793000332835
MD_SDSS_l2_4422,12.82132438891069
MD_SDSS_l2_4425,-0.653554395153046
MD_SDSS_l2_4414,7.256758106249105
MD_SDSS_l2_4408,17.906864143017863
MD_SDSS_l2_4405,8.179803509006025
MD_SDSS_l2_4426,8.303674635109132
MD_SDSS_l2_4423,5.84153781937604
MD_SDSS_l2_4419,10.474920837185065
MD_SDSS_l2_442,0.9528749397936398
MD_SDSS_l2_4428,14.2343518453103
MD_SDSS_l2_4417,11.592109746681182
MD_SDSS_l2_4434,9.787367625873118
MD_SDSS_l2_441,15.240446333951803
MD_SDSS_l2_4436,9.415418908252615
MD_SDSS_l2_4424,-6.644219926273914
MD_SDSS_l2_4427,6.102431902495342
MD_SDSS_l2_4421,8.182664772820939
MD_SDSS_l2_4438,8.848618220550843
MD_SDSS_l2_4420,14.41201228516043
MD_SDSS_l2_4442,7.375725291539509
MD_SDSS_l2_443,11.680419974834933
MD_SDSS_l2_4430,7.742398564396483
MD_SDSS_l2_4440,11.017448288799638
MD_SDSS_l2_4431,20.77472425282019
MD_SDSS_l2_4429,8.932262485642045
MD_SDSS_l2_4447,6.012267269849518
MD_SDSS_l2_4445,14.60791882652397
MD_SDSS_l2_4448,8.759163674383506
MD_SDSS_l2_4433,8.214016927355281
MD_SDSS_l2_4435,13.818905503564626
MD_SDSS_l2_4441,8.603589427432937
MD_SDSS_l2_4450,8.756105478528841
MD_SDSS_l2_4446,10.555400679862062
MD_SDSS_l2_4454,9.734756309974692
MD_SDSS_l2_4439,11.309163882951466
MD_SDSS_l2_4443,12.076311035654376
MD_SDSS_l2_4455,7.21378844401298
MD_SDSS_l2_4449,7.184206847248701
MD_SDSS_l2_4444,10.26880319603982
MD_SDSS_l2_4453,7.585102621221409
MD_SDSS_l2_4464,7.4929723174286345
MD_SDSS_l2_4462,15.131250501908092
MD_SDSS_l2_4460,10.500177087598619
MD_SDSS_l2_4451,12.243320158970565
MD_SDSS_l2_4459,9.052157906429784
MD_SDSS_l2_4456,11.039030500189629
MD_SDSS_l2_4457,20.482839296450493
MD_SDSS_l2_446,11.773563676111998
MD_SDSS_l2_4452,10.35864137019649
MD_SDSS_l2_444,5.017048831503633
MD_SDSS_l2_4471,16.024083342305115
MD_SDSS_l2_4470,8.024679057743429
MD_SDSS_l2_4472,18.34101003387057
MD_SDSS_l2_4467,4.584431499374547
MD_SDSS_l2_4474,9.28355764871727
MD_SDSS_l2_445,5.548617398343474
MD_SDSS_l2_4461,8.565777304876596
MD_SDSS_l2_4465,17.392910771451184
MD_SDSS_l2_4463,13.137977550677872
MD_SDSS_l2_4479,8.422854877037132
MD_SDSS_l2_4477,8.86686055250461
MD_SDSS_l2_4469,10.190459757632564
MD_SDSS_l2_4481,6.940612817673246
MD_SDSS_l2_4466,8.249725828796645
MD_SDSS_l2_4468,13.618950677466719
MD_SDSS_l2_4475,5.4374748876775385
MD_SDSS_l2_4473,4.246519053678943
MD_SDSS_l2_4483,18.766076522271007
MD_SDSS_l2_4488,10.217469393031553
MD_SDSS_l2_4487,7.041325200890549
MD_SDSS_l2_4489,8.545419665370625
MD_SDSS_l2_4484,9.970011620830427
MD_SDSS_l2_4490,2.31488214143811
MD_SDSS_l2_4480,11.55801003788014
MD_SDSS_l2_4493,7.583201981447325
MD_SDSS_l2_4476,8.3127719450148
MD_SDSS_l2_447,13.337702771694673
MD_SDSS_l2_4494,7.5703968732301865
MD_SDSS_l2_4486,9.099425066132858
MD_SDSS_l2_4496,7.2247137624379025
MD_SDSS_l2_448,10.091101029840143
MD_SDSS_l2_4499,10.683985326152985
MD_SDSS_l2_4485,9.15323691874114
MD_SDSS_l2_4482,-0.5651747588387739
MD_SDSS_l2_4491,11.057894689211656
MD_SDSS_l2_4503,8.43703389107662
MD_SDSS_l2_4492,7.606819324214117
MD_SDSS_l2_4497,11.015350914271277
MD_SDSS_l2_4504,8.412675913599136
MD_SDSS_l2_4509,12.067259129333483
MD_SDSS_l2_4495,4.669095830188946
MD_SDSS_l2_449,6.243204833173483
MD_SDSS_l2_4508,7.942897720017106
MD_SDSS_l2_4511,20.278282642599663
MD_SDSS_l2_4498,13.148712336033
MD_SDSS_l2_4501,10.920666276604528
MD_SDSS_l2_4512,9.062330665227458
MD_SDSS_l2_4500,6.513586671341502
MD_SDSS_l2_4513,15.82157030879144
MD_SDSS_l2_4515,11.283945803066295
MD_SDSS_l2_44,12.89611599522351
MD_SDSS_l2_4516,1.9721664445022125
MD_SDSS_l2_4518,9.416780698340688
MD_SDSS_l2_4505,19.296846417030213
MD_SDSS_l2_4502,19.584202593924168
MD_SDSS_l2_4519,15.635164629864732
MD_SDSS_l2_4506,10.691507747008114
MD_SDSS_l2_4507,7.601645911854826
MD_SDSS_l2_4517,9.631685100895364
MD_SDSS_l2_4521,13.365298356808314
MD_SDSS_l2_4510,5.526908961429582
MD_SDSS_l2_4522,11.095245523531279
MD_SDSS_l2_4524,4.767060455798854
MD_SDSS_l2_450,16.21017537664654
MD_SDSS_l2_4514,15.742749830651391
MD_SDSS_l2_451,11.369997989308434
MD_SDSS_l2_4528,8.510771540571735
MD_SDSS_l2_4525,7.922151232968426
MD_SDSS_l2_4533,7.594610783953577
MD_SDSS_l2_4531,11.367018983016653
MD_SDSS_l2_4523,19.220579039445095
MD_SDSS_l2_4520,4.868780057283262
MD_SDSS_l2_4539,15.745556213167182
MD_SDSS_l2_4530,5.353668811511264
MD_SDSS_l2_452,8.442231462294838
MD_SDSS_l2_4540,8.275255264354866
MD_SDSS_l2_4538,8.517751948326406
MD_SDSS_l2_4542,10.40865910200349
MD_SDSS_l2_453,11.483298645411514
MD_SDSS_l2_4534,8.74474943457797
MD_SDSS_l2_4526,10.382318158205983
MD_SDSS_l2_4545,21.19530931653371
MD_SDSS_l2_4535,11.313084978248458
MD_SDSS_l2_4532,15.322671362055493
MD_SDSS_l2_4546,14.146568019698744
MD_SDSS_l2_4527,9.174818157506902
MD_SDSS_l2_4529,8.229869245212075
MD_SDSS_l2_4536,6.019235517166669
MD_SDSS_l2_4544,8.411845484537334
MD_SDSS_l2_454,6.361262569160575
MD_SDSS_l2_4541,13.200598582461959
MD_SDSS_l2_4543,16.271595636947833
MD_SDSS_l2_4549,11.760194950961385
MD_SDSS_l2_4554,12.842245169483036
MD_SDSS_l2_4537,6.980192945762729
MD_SDSS_l2_4555,9.145381173577471
MD_SDSS_l2_4547,7.552432622576319
MD_SDSS_l2_4550,6.508314697598223
MD_SDSS_l2_455,12.924030973235666
MD_SDSS_l2_4560,9.133756396395384
MD_SDSS_l2_4551,18.618496380149693
MD_SDSS_l2_4548,2.1727816098108708
MD_SDSS_l2_4566,11.143184964862805
MD_SDSS_l2_4563,12.91520996028021
MD_SDSS_l2_4552,10.196058149852398
MD_SDSS_l2_4557,12.107515200658568
MD_SDSS_l2_4569,10.306537205143654
MD_SDSS_l2_4553,13.199952788260802
MD_SDSS_l2_4556,12.859036428216701
MD_SDSS_l2_4570,12.899189193185428
MD_SDSS_l2_4567,12.432100236536948
MD_SDSS_l2_4574,8.818938234370503
MD_SDSS_l2_4559,8.207583976256913
MD_SDSS_l2_4561,11.091343859107376
MD_SDSS_l2_4571,11.53501366693067
MD_SDSS_l2_4562,15.263916802637905
MD_SDSS_l2_4576,8.006154976608071
MD_SDSS_l2_4558,8.257508745911661
MD_SDSS_l2_4577,8.416235751780935
MD_SDSS_l2_4578,12.640381130587075
MD_SDSS_l2_457,14.868018342093979
MD_SDSS_l2_4565,9.052968920652166
MD_SDSS_l2_4575,19.486201408794926
MD_SDSS_l2_4564,8.61504402281448
MD_SDSS_l2_4568,15.30622134562836
MD_SDSS_l2_4579,11.331664569299676
MD_SDSS_l2_4581,4.169703199412307
MD_SDSS_l2_4580,7.55493433439711
MD_SDSS_l2_4582,6.107653033405933
MD_SDSS_l2_456,11.86372595976366
MD_SDSS_l2_4585,10.323800120032306
MD_SDSS_l2_4572,6.971791359558507
MD_SDSS_l2_4588,8.453472763267616
MD_SDSS_l2_4589,11.160178007475288
MD_SDSS_l2_458,8.541091238587047
MD_SDSS_l2_4595,18.193626124513077
MD_SDSS_l2_4586,11.684477668029803
MD_SDSS_l2_4583,9.351022553703086
MD_SDSS_l2_4597,10.268604119698946
MD_SDSS_l2_4598,10.30331810195548
MD_SDSS_l2_4584,12.258656499629783
MD_SDSS_l2_4599,9.109872655312126
MD_SDSS_l2_4596,17.20683690562288
MD_SDSS_l2_4600,6.716084202402458
MD_SDSS_l2_4592,4.814493388578134
MD_SDSS_l2_4587,10.295774235962178
MD_SDSS_l2_4602,4.032808503964382
MD_SDSS_l2_4594,7.24722541479465
MD_SDSS_l2_4590,13.534880375180023
MD_SDSS_l2_4591,15.834021645332182
MD_SDSS_l2_459,10.686243508449252
MD_SDSS_l2_4593,17.84522702317174
MD_SDSS_l2_45,9.852823507631019
MD_SDSS_l2_4611,11.096243918341301
MD_SDSS_l2_4610,9.765455709157122
MD_SDSS_l2_4606,8.944006146864238
MD_SDSS_l2_4608,9.177282101619124
MD_SDSS_l2_4604,5.819826869283796
MD_SDSS_l2_4615,9.353166008298182
MD_SDSS_l2_4607,10.848322272933501
MD_SDSS_l2_4603,7.433992849933886
MD_SDSS_l2_461,12.96143287442035
MD_SDSS_l2_4601,10.777597588925481
MD_SDSS_l2_4620,11.49281425994844
MD_SDSS_l2_4605,10.826716100445733
MD_SDSS_l2_4621,9.856598415372375
MD_SDSS_l2_4617,11.468294727549287
MD_SDSS_l2_4609,5.260688884662928
MD_SDSS_l2_4612,8.667108817831178
MD_SDSS_l2_4626,7.228105533729201
MD_SDSS_l2_4613,7.43286544682254
MD_SDSS_l2_4629,10.574102437365447
MD_SDSS_l2_4618,6.122360056633758
MD_SDSS_l2_4619,7.998733698191727
MD_SDSS_l2_4631,18.66249585562231
MD_SDSS_l2_4614,4.503121765843092
MD_SDSS_l2_4634,6.609822214307458
MD_SDSS_l2_4616,12.567491357389317
MD_SDSS_l2_4624,9.331543357313594
MD_SDSS_l2_4627,11.685084616766762
MD_SDSS_l2_4637,7.981618774772203
MD_SDSS_l2_4636,6.6752402848608305
MD_SDSS_l2_4623,13.042364164595519
MD_SDSS_l2_4622,7.005106011347927
MD_SDSS_l2_463,12.676397444698551
MD_SDSS_l2_4639,8.972083943292425
MD_SDSS_l2_4638,2.40469689765988
MD_SDSS_l2_4628,7.272942443875696
MD_SDSS_l2_4640,9.067570557788427
MD_SDSS_l2_4643,14.193177253372124
MD_SDSS_l2_4641,20.01354535498439
MD_SDSS_l2_4632,7.594849209746508
MD_SDSS_l2_4625,10.191008680965018
MD_SDSS_l2_462,11.88177696113476
MD_SDSS_l2_4630,10.737257520736163
MD_SDSS_l2_4635,11.261475452812908
MD_SDSS_l2_4642,11.06489631164137
MD_SDSS_l2_464,14.893885566599913
MD_SDSS_l2_4645,8.318919922547929
MD_SDSS_l2_4644,11.884119591111276
MD_SDSS_l2_4650,8.607253056581886
MD_SDSS_l2_4651,22.977344676398584
MD_SDSS_l2_4652,7.3020970410451636
MD_SDSS_l2_4655,9.906751059089837
MD_SDSS_l2_4648,7.096677777687022
MD_SDSS_l2_4647,10.896195557077007
MD_SDSS_l2_4649,5.540129982795181
MD_SDSS_l2_4646,11.683602814691623
MD_SDSS_l2_4657,10.902452671550286
MD_SDSS_l2_465,4.304614667650709
MD_SDSS_l2_4662,11.361670881343828
MD_SDSS_l2_4659,4.366632956534049
MD_SDSS_l2_4654,10.93720933601875
MD_SDSS_l2_4656,6.73292558995119
MD_SDSS_l2_4658,8.671637390715176
MD_SDSS_l2_4665,8.319347925342296
MD_SDSS_l2_4653,10.637854104439368
MD_SDSS_l2_4670,4.769132226861929
MD_SDSS_l2_4672,10.438594317969578
MD_SDSS_l2_4671,6.83811570801179
MD_SDSS_l2_4661,7.427528844418783
MD_SDSS_l2_4668,6.7933393597276766
MD_SDSS_l2_4663,8.59840543188438
MD_SDSS_l2_4664,9.146878775694
MD_SDSS_l2_4679,10.4095964023613
MD_SDSS_l2_4666,11.578076613419475
MD_SDSS_l2_4660,14.102516036183438
MD_SDSS_l2_466,15.481036557931834
MD_SDSS_l2_4680,3.5093833411904036
MD_SDSS_l2_4669,12.014475714406455
MD_SDSS_l2_467,12.753793318116234
MD_SDSS_l2_4684,8.985755277756484
MD_SDSS_l2_4667,6.668466979479543
MD_SDSS_l2_4674,8.075842492579472
MD_SDSS_l2_4687,7.147532243850739
MD_SDSS_l2_4676,13.169395298553589
MD_SDSS_l2_4689,16.51609419695936
MD_SDSS_l2_4677,10.067166876522725
MD_SDSS_l2_4678,9.237449949122828
MD_SDSS_l2_4673,11.106199306914483
MD_SDSS_l2_4682,14.932120007198488
MD_SDSS_l2_4690,9.571914412554268
MD_SDSS_l2_4675,14.278727845238224
MD_SDSS_l2_4681,9.627227426502635
MD_SDSS_l2_4697,12.165177378020573
MD_SDSS_l2_468,10.626596298799317
MD_SDSS_l2_4686,10.07161662637468
MD_SDSS_l2_46,5.898146614021362
MD_SDSS_l2_4688,4.989368364766447
MD_SDSS_l2_4692,7.979384331172291
MD_SDSS_l2_4685,9.138649182454847
MD_SDSS_l2_4691,13.56682510532529
MD_SDSS_l2_4699,6.512538536990615
MD_SDSS_l2_4704,5.680748615902527
MD_SDSS_l2_4703,15.6785290951459
MD_SDSS_l2_4696,7.299955436235717
MD_SDSS_l2_4705,14.636593569662244
MD_SDSS_l2_4695,10.090154552980344
MD_SDSS_l2_4693,8.497489313231235
MD_SDSS_l2_4694,10.874853824448818
MD_SDSS_l2_4698,7.8047630193215065
MD_SDSS_l2_4711,13.404559625861678
MD_SDSS_l2_4702,16.62190016239887
MD_SDSS_l2_469,14.600342965906254
MD_SDSS_l2_4712,12.808740982432223
MD_SDSS_l2_4700,11.661800650339428
MD_SDSS_l2_4707,11.250204581330877
MD_SDSS_l2_4715,14.966006367873582
MD_SDSS_l2_4713,13.92782876625115
MD_SDSS_l2_4709,9.010649312934714
MD_SDSS_l2_4708,10.643369494301155
MD_SDSS_l2_4719,15.51719633707588
MD_SDSS_l2_4714,11.296702684501447
MD_SDSS_l2_4718,8.470049654868024
MD_SDSS_l2_4701,12.37143626954979
MD_SDSS_l2_4720,9.130396068891379
MD_SDSS_l2_4706,12.231741719048793
MD_SDSS_l2_4723,13.095885250031081
MD_SDSS_l2_470,9.712315988613012
MD_SDSS_l2_4724,17.622298953416156
MD_SDSS_l2_4710,9.02642956755072
MD_SDSS_l2_4716,10.069674775729329
MD_SDSS_l2_4725,5.89520590797566
MD_SDSS_l2_4721,13.620363175977506
MD_SDSS_l2_472,-0.2944588895587241
MD_SDSS_l2_4729,6.164854396453515
MD_SDSS_l2_4732,5.033167376623597
MD_SDSS_l2_4722,4.945840647800692
MD_SDSS_l2_4717,19.146280562597752
MD_SDSS_l2_4737,14.055593569889648
MD_SDSS_l2_4738,11.305106843140788
MD_SDSS_l2_471,7.4828831453800335
MD_SDSS_l2_4728,17.175689909869597
MD_SDSS_l2_4735,9.694156548720729
MD_SDSS_l2_473,10.43083268293037
MD_SDSS_l2_4741,7.655436009762448
MD_SDSS_l2_4727,10.683910800427647
MD_SDSS_l2_4726,10.760021064237684
MD_SDSS_l2_4744,11.253916003362216
MD_SDSS_l2_4731,8.658857407550581
MD_SDSS_l2_4730,9.493018791787694
MD_SDSS_l2_4745,8.947307697574859
MD_SDSS_l2_4746,8.148632739197506
MD_SDSS_l2_4734,9.391320239620224
MD_SDSS_l2_4747,6.134046093199094
MD_SDSS_l2_4743,5.751216092991717
MD_SDSS_l2_4733,7.752019984374057
MD_SDSS_l2_4749,10.107316005329466
MD_SDSS_l2_4736,5.792483482364974
MD_SDSS_l2_4739,9.477448861516525
MD_SDSS_l2_4742,16.368781777048817
MD_SDSS_l2_4750,10.83733851125428
MD_SDSS_l2_4757,10.818842631458375
MD_SDSS_l2_4740,3.215466802665473
MD_SDSS_l2_4753,20.43046435748508
MD_SDSS_l2_4748,5.456603066466739
MD_SDSS_l2_474,13.342410262685265
MD_SDSS_l2_4752,4.31341047043969
MD_SDSS_l2_4759,9.810923004038393
MD_SDSS_l2_4755,9.258541888182908
MD_SDSS_l2_4751,6.205358515026383
MD_SDSS_l2_4758,10.362166869976408
MD_SDSS_l2_4760,14.38522745060621
MD_SDSS_l2_4756,7.102193272960514
MD_SDSS_l2_4754,13.057033616512912
MD_SDSS_l2_4766,6.762019521217047
MD_SDSS_l2_4762,18.807921149851307
MD_SDSS_l2_4764,8.709133965212175
MD_SDSS_l2_4763,12.105698030275615
MD_SDSS_l2_4773,8.852848543667264
MD_SDSS_l2_4769,8.820745422594783
MD_SDSS_l2_4767,9.37791589034598
MD_SDSS_l2_475,8.575884717394013
MD_SDSS_l2_4765,5.412402163227567
MD_SDSS_l2_4774,6.647105040227137
MD_SDSS_l2_4775,15.081047932842088
MD_SDSS_l2_4776,14.181023287347882
MD_SDSS_l2_4768,8.428696739215763
MD_SDSS_l2_4761,9.47624097182048
MD_SDSS_l2_4772,16.946203504325894
MD_SDSS_l2_476,4.652588374024569
MD_SDSS_l2_4781,7.502993959174185
MD_SDSS_l2_477,7.7763516387934875
MD_SDSS_l2_4770,7.932817404826789
MD_SDSS_l2_4771,19.512761940900237
MD_SDSS_l2_4786,9.101576431934141
MD_SDSS_l2_4783,15.019605307623891
MD_SDSS_l2_4787,10.38643796786446
MD_SDSS_l2_4789,12.63402110672022
MD_SDSS_l2_4790,9.621384952414529
MD_SDSS_l2_4777,7.372433514399941
MD_SDSS_l2_4778,4.719705543003586
MD_SDSS_l2_4793,14.85145359140646
MD_SDSS_l2_4780,12.81303952653791
MD_SDSS_l2_4794,11.491699292184402
MD_SDSS_l2_4795,12.32721980282289
MD_SDSS_l2_4785,6.50393077967896
MD_SDSS_l2_4798,9.543808616698861
MD_SDSS_l2_4782,7.095184763975192
MD_SDSS_l2_4779,11.718479023854103
MD_SDSS_l2_4799,14.40449416520077
MD_SDSS_l2_4784,6.943658198381566
MD_SDSS_l2_4800,9.257128512840968
MD_SDSS_l2_4796,9.051323872361934
MD_SDSS_l2_478,6.736636181639856
MD_SDSS_l2_47,14.35127637387269
MD_SDSS_l2_479,8.281589119285927
MD_SDSS_l2_4788,5.675551563456741
MD_SDSS_l2_4797,11.505530485187133
MD_SDSS_l2_4792,11.676335715294346
MD_SDSS_l2_4803,12.693826565703425
MD_SDSS_l2_4804,10.010073844578383
MD_SDSS_l2_4802,8.923768239905915
MD_SDSS_l2_4791,19.594016322984434
MD_SDSS_l2_4801,8.38235295286157
MD_SDSS_l2_4805,7.043894165068229
MD_SDSS_l2_4806,21.753125931987434
MD_SDSS_l2_4808,9.395726677310034
MD_SDSS_l2_4809,5.262062996577503
MD_SDSS_l2_4807,9.652756215522952
MD_SDSS_l2_480,4.079036791003869
MD_SDSS_l2_4812,13.844006933856075
MD_SDSS_l2_4810,5.986086481314752
MD_SDSS_l2_4815,9.349214473597954
MD_SDSS_l2_4814,16.38924164527551
MD_SDSS_l2_4813,16.478589869777494
MD_SDSS_l2_4816,5.478551820771461
MD_SDSS_l2_4817,11.795115507844814
MD_SDSS_l2_4824,10.228707994237617
MD_SDSS_l2_4820,11.288540845266148
MD_SDSS_l2_4823,1.9800093668632925
MD_SDSS_l2_4818,8.428666563497451
MD_SDSS_l2_4811,7.541409749203374
MD_SDSS_l2_4819,6.668424460626975
MD_SDSS_l2_4828,16.961242212048372
MD_SDSS_l2_481,6.442269889935746
MD_SDSS_l2_4830,7.898641475966367
MD_SDSS_l2_4829,12.034040212642651
MD_SDSS_l2_4821,8.665523643719585
MD_SDSS_l2_4832,18.476304532795496
MD_SDSS_l2_4831,7.684377147391187
MD_SDSS_l2_4825,6.5321940464257615
MD_SDSS_l2_4836,12.153114782666742
MD_SDSS_l2_4837,5.518183793692161
MD_SDSS_l2_4840,10.15028890170124
MD_SDSS_l2_4826,10.057536734221223
MD_SDSS_l2_482,10.43808016273419
MD_SDSS_l2_4822,11.269103277939228
MD_SDSS_l2_4827,8.303577065314661
MD_SDSS_l2_4834,13.873555778214225
MD_SDSS_l2_4833,13.554797523779246
MD_SDSS_l2_4835,13.86605208541014
MD_SDSS_l2_4845,9.712646920560847
MD_SDSS_l2_4838,7.478258908003532
MD_SDSS_l2_4849,7.0646059348725245
MD_SDSS_l2_4839,12.340992946175936
MD_SDSS_l2_4850,7.746196968209599
MD_SDSS_l2_484,7.010577221404269
MD_SDSS_l2_4852,9.491994191436266
MD_SDSS_l2_4847,5.423167753365105
MD_SDSS_l2_4851,6.475366761419872
MD_SDSS_l2_4842,5.2813999262191444
MD_SDSS_l2_4853,6.609868059543631
MD_SDSS_l2_4848,6.522232014985045
MD_SDSS_l2_4844,11.930792687946784
MD_SDSS_l2_4843,6.95023006530189
MD_SDSS_l2_4841,4.1522348872283334
MD_SDSS_l2_4846,12.639551711620895
MD_SDSS_l2_4854,12.65655974659904
MD_SDSS_l2_4856,8.63806456841661
MD_SDSS_l2_4855,14.081176078162525
MD_SDSS_l2_4858,10.406501008695377
MD_SDSS_l2_485,8.271709510787161
MD_SDSS_l2_4859,7.825919922027627
MD_SDSS_l2_4857,11.38156818060998
MD_SDSS_l2_4860,9.078532782006107
MD_SDSS_l2_4862,15.513508789895553
MD_SDSS_l2_4866,9.962475620069501
MD_SDSS_l2_4863,7.620571283484525
MD_SDSS_l2_4870,15.202601486216
MD_SDSS_l2_4868,6.788602477695592
MD_SDSS_l2_4864,7.862472785198644
MD_SDSS_l2_4872,14.894664546249526
MD_SDSS_l2_4871,6.8741307304799815
MD_SDSS_l2_4865,11.488807137058338
MD_SDSS_l2_4874,18.316345908834244
MD_SDSS_l2_4869,21.110454604154853
MD_SDSS_l2_4861,5.65926048491764
MD_SDSS_l2_4867,7.382182123301766
MD_SDSS_l2_4878,12.429118899566406
MD_SDSS_l2_4877,9.342346350986745
MD_SDSS_l2_4873,7.7490359082984686
MD_SDSS_l2_4876,5.521837898631675
MD_SDSS_l2_4880,9.84823406952584
MD_SDSS_l2_4875,11.276545277733401
MD_SDSS_l2_4879,10.976023581875083
MD_SDSS_l2_4881,13.954084992099064
MD_SDSS_l2_4882,5.023973334842593
MD_SDSS_l2_487,7.849375177225146
MD_SDSS_l2_4885,8.459106677883547
MD_SDSS_l2_4886,5.368049837052167
MD_SDSS_l2_4884,8.196359554502495
MD_SDSS_l2_4883,7.922187606494204
MD_SDSS_l2_4887,5.912804936915748
MD_SDSS_l2_4889,7.497991204099582
MD_SDSS_l2_4888,18.15592911395924
MD_SDSS_l2_488,10.91569007986527
MD_SDSS_l2_4890,12.367581727679518
MD_SDSS_l2_4892,15.180100794170816
MD_SDSS_l2_4891,15.088165843734128
MD_SDSS_l2_4897,10.567191620449895
MD_SDSS_l2_4899,12.431623499850415
MD_SDSS_l2_4898,9.908753270997599
MD_SDSS_l2_4893,7.350271021356445
MD_SDSS_l2_4902,8.008806465284973
MD_SDSS_l2_4903,8.182353189978599
MD_SDSS_l2_4905,13.741357114221628
MD_SDSS_l2_48,4.433861360720639
MD_SDSS_l2_489,10.025969648490383
MD_SDSS_l2_4896,7.598900387798493
MD_SDSS_l2_4900,12.123224896219888
MD_SDSS_l2_4895,6.94013448417183
MD_SDSS_l2_4894,6.353959444181061
MD_SDSS_l2_4912,2.557065093858771
MD_SDSS_l2_490,4.3649566050802715
MD_SDSS_l2_4909,12.692972945058827
MD_SDSS_l2_4915,6.71379104016019
MD_SDSS_l2_4901,9.135288752597024
MD_SDSS_l2_4918,11.89199229996678
MD_SDSS_l2_4904,8.563403740928322
MD_SDSS_l2_4906,10.596330188038412
MD_SDSS_l2_491,6.2387007178775225
MD_SDSS_l2_4907,7.085899123905524
MD_SDSS_l2_4921,15.38830357312158
MD_SDSS_l2_4908,18.39444494037101
MD_SDSS_l2_4922,10.121211316355275
MD_SDSS_l2_4910,6.5321565365549805
MD_SDSS_l2_4911,23.127808271852743
MD_SDSS_l2_4914,8.240056207277568
MD_SDSS_l2_4913,13.573875251418222
MD_SDSS_l2_4916,7.585852861950428
MD_SDSS_l2_4928,17.384055007198807
MD_SDSS_l2_4929,15.243232496040964
MD_SDSS_l2_4931,11.310462149889602
MD_SDSS_l2_4919,10.91204054688706
MD_SDSS_l2_4923,10.373899595561841
MD_SDSS_l2_4934,7.384130580485694
MD_SDSS_l2_4917,13.139509624206271
MD_SDSS_l2_4932,7.099388440603416
MD_SDSS_l2_4924,13.319173789764164
MD_SDSS_l2_4927,9.02106085163067
MD_SDSS_l2_492,8.717090863045765
MD_SDSS_l2_4925,16.953336450688365
MD_SDSS_l2_4926,6.690839872837868
MD_SDSS_l2_4939,5.537456396265437
MD_SDSS_l2_4941,11.371541974031967
MD_SDSS_l2_4930,6.409296485766639
MD_SDSS_l2_4943,12.77841804646344
MD_SDSS_l2_4933,14.37519238973833
MD_SDSS_l2_4937,7.168994072103299
MD_SDSS_l2_4942,9.338429612858999
MD_SDSS_l2_4935,4.257512134010261
MD_SDSS_l2_4936,11.907200305994946
MD_SDSS_l2_494,6.6341269640892175
MD_SDSS_l2_4940,12.542557128397442
MD_SDSS_l2_493,9.876701974780824
MD_SDSS_l2_4938,7.572057771132038
MD_SDSS_l2_4945,6.043636966560113
MD_SDSS_l2_4956,14.84328876010501
MD_SDSS_l2_4947,9.535524434948115
MD_SDSS_l2_4950,9.386944531984412
MD_SDSS_l2_4957,9.466531181259716
MD_SDSS_l2_4955,11.501388005307348
MD_SDSS_l2_4952,9.009234661890018
MD_SDSS_l2_495,10.152411730937597
MD_SDSS_l2_4948,8.406934713526004
MD_SDSS_l2_4944,9.518920309104658
MD_SDSS_l2_4960,9.650249847114846
MD_SDSS_l2_4946,7.301925822551974
MD_SDSS_l2_4962,5.555720455703506
MD_SDSS_l2_4949,9.297383261471113
MD_SDSS_l2_4965,8.596731246778885
MD_SDSS_l2_4953,12.911216802774069
MD_SDSS_l2_4958,11.069707317085129
MD_SDSS_l2_4967,9.172647159415131
MD_SDSS_l2_4969,9.958415967328836
MD_SDSS_l2_4970,5.457723215886029
MD_SDSS_l2_4954,5.583466908672667
MD_SDSS_l2_4961,10.688092304214644
MD_SDSS_l2_4963,6.692467665659894
MD_SDSS_l2_4975,8.063663044719302
MD_SDSS_l2_4972,9.61327475605912
MD_SDSS_l2_4974,8.158001031225325
MD_SDSS_l2_4976,9.20636889381683
MD_SDSS_l2_4966,11.810416402139344
MD_SDSS_l2_4959,8.64949509498976
MD_SDSS_l2_4978,19.018093698440026
MD_SDSS_l2_4980,17.936881520301426
MD_SDSS_l2_497,8.01412233174334
MD_SDSS_l2_4982,19.813378598462315
MD_SDSS_l2_4981,9.14405931884947
MD_SDSS_l2_4983,22.809302585044804
MD_SDSS_l2_4977,14.657782366432256
MD_SDSS_l2_4979,9.1119353881301
MD_SDSS_l2_4985,15.108601829616829
MD_SDSS_l2_4984,16.03126738551039
MD_SDSS_l2_4971,12.127904325447517
MD_SDSS_l2_4964,6.6665378687270085
MD_SDSS_l2_4973,13.132907991059392
MD_SDSS_l2_4987,10.566266517792608
MD_SDSS_l2_4968,10.550326234667565
MD_SDSS_l2_4986,5.89054443593176
MD_SDSS_l2_4988,11.292886612423395
MD_SDSS_l2_498,10.235336270267354
MD_SDSS_l2_4991,9.139610522937394
MD_SDSS_l2_4989,8.706137398011535
MD_SDSS_l2_4990,6.459620114546267
MD_SDSS_l2_4993,6.437257841611258
MD_SDSS_l2_4998,10.706817570586585
MD_SDSS_l2_4999,11.451071197602133
MD_SDSS_l2_4994,15.366061454356045
MD_SDSS_l2_4995,16.141413321721366
MD_SDSS_l2_499,8.543939466754473
MD_SDSS_l2_4992,18.966668796011504
MD_SDSS_l2_4,4.573742836429693
MD_SDSS_l2_4997,10.727157109733712
MD_SDSS_l2_49,17.869532675377506
MD_SDSS_l2_4996,7.521693662069694
MD_SDSS_l2_500,11.795160324502104
MD_SDSS_l2_504,2.745694847727753
MD_SDSS_l2_502,9.946454899780008
MD_SDSS_l2_506,10.607680088322816
MD_SDSS_l2_503,11.498907679607294
MD_SDSS_l2_505,8.329306220102142
MD_SDSS_l2_501,7.146494663502734
MD_SDSS_l2_507,9.705653952251083
MD_SDSS_l2_50,7.357189293392986
MD_SDSS_l2_508,6.540742282601929
MD_SDSS_l2_511,10.303977605021842
MD_SDSS_l2_509,11.23085210400361
MD_SDSS_l2_514,13.513207381125477
MD_SDSS_l2_513,14.863370254238212
MD_SDSS_l2_510,7.547710855866485
MD_SDSS_l2_512,19.19097658610017
MD_SDSS_l2_517,15.635190297634725
MD_SDSS_l2_515,4.052619923316181
MD_SDSS_l2_518,15.054189556615244
MD_SDSS_l2_519,8.902590465512015
MD_SDSS_l2_516,19.38054947425297
MD_SDSS_l2_51,18.466082935225636
MD_SDSS_l2_520,9.045126726890725
MD_SDSS_l2_523,9.781629304681871
MD_SDSS_l2_525,8.614648704144512
MD_SDSS_l2_526,11.289883729354385
MD_SDSS_l2_522,9.22946026366359
MD_SDSS_l2_521,7.88442498598641
MD_SDSS_l2_52,17.747926326795476
MD_SDSS_l2_528,8.489327448081413
MD_SDSS_l2_536,9.646103395788057
MD_SDSS_l2_530,11.021878658213609
MD_SDSS_l2_531,18.397344984848054
MD_SDSS_l2_538,6.858000359111738
MD_SDSS_l2_535,12.962008279128916
MD_SDSS_l2_539,8.85635111139741
MD_SDSS_l2_527,10.135243227376318
MD_SDSS_l2_537,10.477821226521348
MD_SDSS_l2_524,11.432681238777922
MD_SDSS_l2_542,9.577439651687932
MD_SDSS_l2_543,7.627758626989799
MD_SDSS_l2_544,6.0468366690922455
MD_SDSS_l2_545,6.294319887249111
MD_SDSS_l2_532,6.350989946504365
MD_SDSS_l2_529,-2.2261905680640144
MD_SDSS_l2_533,12.720941008902837
MD_SDSS_l2_534,15.642317034484035
MD_SDSS_l2_53,12.893181549042101
MD_SDSS_l2_540,9.975801211693426
MD_SDSS_l2_547,12.917949322431614
MD_SDSS_l2_553,11.642403400131052
MD_SDSS_l2_548,7.04818186932348
MD_SDSS_l2_551,13.956363580061975
MD_SDSS_l2_549,11.126560796953173
MD_SDSS_l2_557,5.774677904041079
MD_SDSS_l2_558,5.964241345941556
MD_SDSS_l2_552,7.5085959286201485
MD_SDSS_l2_55,13.624017869708432
MD_SDSS_l2_54,11.090757747373774
MD_SDSS_l2_541,10.464097301035277
MD_SDSS_l2_555,10.611689113051526
MD_SDSS_l2_546,11.75615889709335
MD_SDSS_l2_554,10.145865847379486
MD_SDSS_l2_550,13.161451619405916
MD_SDSS_l2_562,9.288066294622364
MD_SDSS_l2_565,2.610705089183961
MD_SDSS_l2_567,11.00989773201725
MD_SDSS_l2_570,13.345700303106721
MD_SDSS_l2_559,6.689392551177903
MD_SDSS_l2_571,12.210476998280232
MD_SDSS_l2_563,4.062963099660749
MD_SDSS_l2_569,8.045548331296427
MD_SDSS_l2_560,8.315000901323693
MD_SDSS_l2_556,18.119665067068993
MD_SDSS_l2_561,7.8108575108512195
MD_SDSS_l2_575,7.2824706309500105
MD_SDSS_l2_576,19.514331225374747
MD_SDSS_l2_566,15.813089764582774
MD_SDSS_l2_572,5.086721601908998
MD_SDSS_l2_578,9.599266308541576
MD_SDSS_l2_564,10.287079937624995
MD_SDSS_l2_568,13.369889156176846
MD_SDSS_l2_56,10.446687317001944
MD_SDSS_l2_580,10.904349020535248
MD_SDSS_l2_585,12.668280463207012
MD_SDSS_l2_574,9.680332327172955
MD_SDSS_l2_579,9.5038556945064
MD_SDSS_l2_588,8.790549324702614
MD_SDSS_l2_584,13.524873210289694
MD_SDSS_l2_590,5.47152912153493
MD_SDSS_l2_57,8.387276030079452
MD_SDSS_l2_573,8.871702999971042
MD_SDSS_l2_577,10.225501503484502
MD_SDSS_l2_583,8.517428931687517
MD_SDSS_l2_592,9.4052274798915
MD_SDSS_l2_581,7.849827460469968
MD_SDSS_l2_582,15.809199155832344
MD_SDSS_l2_593,14.811833617294527
MD_SDSS_l2_586,13.327483023589766
MD_SDSS_l2_59,7.799207968889582
MD_SDSS_l2_5,9.169498816264905
MD_SDSS_l2_587,17.966163404278266
MD_SDSS_l2_591,12.651965533734947
MD_SDSS_l2_589,6.4551060999535785
MD_SDSS_l2_58,9.83812418342914
MD_SDSS_l2_597,9.791496030574292
MD_SDSS_l2_598,13.781423490605103
MD_SDSS_l2_606,20.282385164841322
MD_SDSS_l2_599,17.612905794036386
MD_SDSS_l2_596,17.450578063603917
MD_SDSS_l2_595,2.3509709731798036
MD_SDSS_l2_594,4.914468017603026
MD_SDSS_l2_607,8.733043296033932
MD_SDSS_l2_60,14.853765821938445
MD_SDSS_l2_609,12.61955476453803
MD_SDSS_l2_601,6.102143170963815
MD_SDSS_l2_600,7.13166012439841
MD_SDSS_l2_610,7.4862891084965675
MD_SDSS_l2_602,9.37999101210385
MD_SDSS_l2_605,16.51964447674851
MD_SDSS_l2_604,15.281216595349777
MD_SDSS_l2_612,12.362591366739807
MD_SDSS_l2_618,10.305242428322217
MD_SDSS_l2_622,12.352396218322408
MD_SDSS_l2_608,9.058766518014872
MD_SDSS_l2_611,8.017788676386782
MD_SDSS_l2_603,9.33372974404905
MD_SDSS_l2_624,6.639343977358781
MD_SDSS_l2_626,7.493081613620636
MD_SDSS_l2_614,8.127326648449877
MD_SDSS_l2_616,7.8885920608847435
MD_SDSS_l2_623,17.35976389499207
MD_SDSS_l2_613,12.518140398494355
MD_SDSS_l2_615,7.2322024027462835
MD_SDSS_l2_620,15.02361422698785
MD_SDSS_l2_62,9.715016973895509
MD_SDSS_l2_629,10.332811125707888
MD_SDSS_l2_619,13.765174094304772
MD_SDSS_l2_621,9.614194409079918
MD_SDSS_l2_61,11.526953476473608
MD_SDSS_l2_627,6.9567805958078335
MD_SDSS_l2_638,11.77525910939901
MD_SDSS_l2_633,14.599075096262359
MD_SDSS_l2_637,7.074561749971343
MD_SDSS_l2_625,14.142085914154244
MD_SDSS_l2_63,17.032212752763
MD_SDSS_l2_628,15.709951823019763
MD_SDSS_l2_631,8.911543611162365
MD_SDSS_l2_642,11.262882769836091
MD_SDSS_l2_634,14.784420707890106
MD_SDSS_l2_630,6.85846569924923
MD_SDSS_l2_643,17.40140539894959
MD_SDSS_l2_632,10.263087011704956
MD_SDSS_l2_635,-3.255101588075517
MD_SDSS_l2_639,10.68540037893271
MD_SDSS_l2_647,11.93621148822739
MD_SDSS_l2_640,7.638889269220837
MD_SDSS_l2_636,8.63685542544201
MD_SDSS_l2_648,7.421749874722443
MD_SDSS_l2_646,5.516098487674755
MD_SDSS_l2_641,9.992456965447504
MD_SDSS_l2_655,12.242028247357041
MD_SDSS_l2_644,7.554191616755692
MD_SDSS_l2_656,7.613422940384366
MD_SDSS_l2_658,15.430751529658341
MD_SDSS_l2_649,10.626698606053228
MD_SDSS_l2_652,9.10614942924973
MD_SDSS_l2_653,5.551547922413521
MD_SDSS_l2_645,15.634275106295643
MD_SDSS_l2_651,15.515843024327948
MD_SDSS_l2_660,8.924628303246427
MD_SDSS_l2_64,11.115245203356787
MD_SDSS_l2_654,16.74147543341829
MD_SDSS_l2_650,7.155026953817909
MD_SDSS_l2_662,9.572992407360962
MD_SDSS_l2_668,13.590964450224064
MD_SDSS_l2_657,10.657345274812698
MD_SDSS_l2_669,1.857458908520039
MD_SDSS_l2_667,7.269838998357154
MD_SDSS_l2_659,18.34298539375124
MD_SDSS_l2_65,13.91039957612942
MD_SDSS_l2_665,9.99981527623785
MD_SDSS_l2_664,6.880254095071335
MD_SDSS_l2_677,11.236052072514607
MD_SDSS_l2_661,3.2504449786541603
MD_SDSS_l2_663,17.847706089788012
MD_SDSS_l2_666,14.733515462553468
MD_SDSS_l2_670,7.390108228990992
MD_SDSS_l2_66,10.328747282161336
MD_SDSS_l2_672,10.423895564713677
MD_SDSS_l2_680,9.488516317913334
MD_SDSS_l2_683,11.073727466860927
MD_SDSS_l2_678,11.104721812282785
MD_SDSS_l2_676,8.988845362321687
MD_SDSS_l2_674,12.587224897837714
MD_SDSS_l2_68,9.626306255374988
MD_SDSS_l2_673,10.660139425212575
MD_SDSS_l2_688,8.103461769300342
MD_SDSS_l2_67,10.764202599730645
MD_SDSS_l2_690,10.092598278316755
MD_SDSS_l2_679,13.180947885580139
MD_SDSS_l2_689,7.156720944643517
MD_SDSS_l2_681,12.441685858565226
MD_SDSS_l2_682,14.50275562370243
MD_SDSS_l2_693,7.939884221093485
MD_SDSS_l2_694,15.236970415386574
MD_SDSS_l2_686,10.880794106807752
MD_SDSS_l2_697,9.286272851517646
MD_SDSS_l2_685,5.229056390586189
MD_SDSS_l2_684,6.25186835089316
MD_SDSS_l2_69,7.422567927096962
MD_SDSS_l2_687,12.012337702015433
MD_SDSS_l2_699,17.485146176841116
MD_SDSS_l2_691,12.718010038083303
MD_SDSS_l2_702,8.453351094980793
MD_SDSS_l2_700,8.067320092948144
MD_SDSS_l2_695,13.18884276841559
MD_SDSS_l2_696,8.304766237093617
MD_SDSS_l2_692,12.2864711028911
MD_SDSS_l2_701,9.183862173404899
MD_SDSS_l2_703,11.283306978575194
MD_SDSS_l2_698,9.23746454879222
MD_SDSS_l2_704,11.78344174498099
MD_SDSS_l2_6,16.740465312423108
MD_SDSS_l2_710,5.217901258633708
MD_SDSS_l2_706,10.153735394272271
MD_SDSS_l2_705,13.559062441862421
MD_SDSS_l2_707,7.4971091604882005
MD_SDSS_l2_709,4.673524881032488
MD_SDSS_l2_714,6.676640536635761
MD_SDSS_l2_715,8.231346433454753
MD_SDSS_l2_717,9.52412387200454
MD_SDSS_l2_711,10.49357951680573
MD_SDSS_l2_70,9.531244223481075
MD_SDSS_l2_708,14.89606664939034
MD_SDSS_l2_721,18.306529177062146
MD_SDSS_l2_712,5.427951528010073
MD_SDSS_l2_716,11.794801809941934
MD_SDSS_l2_722,2.2683336822796765
MD_SDSS_l2_726,13.314075974225466
MD_SDSS_l2_720,0.1031952182493665
MD_SDSS_l2_71,10.404923900573117
MD_SDSS_l2_719,10.681237531112039
MD_SDSS_l2_727,10.85148177077814
MD_SDSS_l2_713,15.548308006477168
MD_SDSS_l2_723,13.64483777312049
MD_SDSS_l2_718,8.368490342302238
MD_SDSS_l2_732,11.416083538384955
MD_SDSS_l2_72,16.025858774422172
MD_SDSS_l2_734,4.490487280337549
MD_SDSS_l2_735,7.970148822617263
MD_SDSS_l2_724,13.305126444930561
MD_SDSS_l2_739,16.6208976906982
MD_SDSS_l2_725,5.540385600659011
MD_SDSS_l2_729,20.68873487783457
MD_SDSS_l2_733,11.33835847011211
MD_SDSS_l2_736,8.547160836739273
MD_SDSS_l2_738,8.52969788128425
MD_SDSS_l2_728,6.651611082626003
MD_SDSS_l2_731,15.638886098577071
MD_SDSS_l2_741,11.54398564485848
MD_SDSS_l2_730,19.880848364025383
MD_SDSS_l2_737,7.463740654628763
MD_SDSS_l2_73,9.029579569280635
MD_SDSS_l2_743,10.48590653072374
MD_SDSS_l2_742,10.793914941045532
MD_SDSS_l2_740,6.454969190263817
MD_SDSS_l2_745,6.2084653982060125
MD_SDSS_l2_746,7.640426495409249
MD_SDSS_l2_744,13.053027453102626
MD_SDSS_l2_749,14.917696585773617
MD_SDSS_l2_748,11.637086119471258
MD_SDSS_l2_755,16.708705715712426
MD_SDSS_l2_754,7.4265048693610325
MD_SDSS_l2_757,8.922763193145236
MD_SDSS_l2_747,0.10278196299276665
MD_SDSS_l2_750,14.227280978746938
MD_SDSS_l2_758,8.117059553717565
MD_SDSS_l2_751,3.2842239021828217
MD_SDSS_l2_752,5.188493317452579
MD_SDSS_l2_74,8.904798405036665
MD_SDSS_l2_75,10.452792566255962
MD_SDSS_l2_765,11.41172142708001
MD_SDSS_l2_760,13.899319361945395
MD_SDSS_l2_763,15.811377517789065
MD_SDSS_l2_759,8.856539610370389
MD_SDSS_l2_756,8.002766603926785
MD_SDSS_l2_762,0.7219814814084256
MD_SDSS_l2_753,9.236382478140978
MD_SDSS_l2_768,12.565967307584938
MD_SDSS_l2_770,16.537586931399705
MD_SDSS_l2_761,11.226912936889505
MD_SDSS_l2_772,7.797062610340374
MD_SDSS_l2_764,19.142414152430515
MD_SDSS_l2_776,11.179823254182232
MD_SDSS_l2_771,14.177232441029703
MD_SDSS_l2_777,4.799284899238126
MD_SDSS_l2_76,12.539345294370163
MD_SDSS_l2_779,13.274805682923661
MD_SDSS_l2_766,9.631153927635317
MD_SDSS_l2_782,12.20114147302972
MD_SDSS_l2_767,20.84706125671245
MD_SDSS_l2_783,9.522231316665918
MD_SDSS_l2_773,6.94636450877214
MD_SDSS_l2_786,4.414281369032812
MD_SDSS_l2_769,9.591410236614525
MD_SDSS_l2_775,15.472878480796592
MD_SDSS_l2_787,8.777395795369555
MD_SDSS_l2_788,9.422701602547715
MD_SDSS_l2_774,14.901233641453242
MD_SDSS_l2_77,9.320394274814152
MD_SDSS_l2_781,5.613092085074358
MD_SDSS_l2_778,7.217922003373046
MD_SDSS_l2_780,11.189160368052928
MD_SDSS_l2_784,8.771476987473038
MD_SDSS_l2_791,9.77772488761831
MD_SDSS_l2_785,11.463422169036022
MD_SDSS_l2_789,7.191741850737866
MD_SDSS_l2_790,6.4540089462105055
MD_SDSS_l2_792,7.601379946060373
MD_SDSS_l2_7,11.047117016898497
MD_SDSS_l2_794,9.151776711337808
MD_SDSS_l2_793,10.594114628748123
MD_SDSS_l2_79,9.961732900234745
MD_SDSS_l2_799,10.689991939553767
MD_SDSS_l2_795,5.696422010269952
MD_SDSS_l2_805,5.288440601021529
MD_SDSS_l2_800,8.176075674292127
MD_SDSS_l2_78,5.808350737430876
MD_SDSS_l2_806,5.4666972416665995
MD_SDSS_l2_798,11.679811162740068
MD_SDSS_l2_796,15.077712744531873
MD_SDSS_l2_797,9.302498978342154
MD_SDSS_l2_812,10.628019094546971
MD_SDSS_l2_815,-2.4400996699096975
MD_SDSS_l2_810,8.079265798678811
MD_SDSS_l2_802,8.895399993610976
MD_SDSS_l2_817,17.302394890266022
MD_SDSS_l2_808,8.527948514157925
MD_SDSS_l2_818,18.097319845769732
MD_SDSS_l2_803,9.787278854447454
MD_SDSS_l2_819,4.850975101732166
MD_SDSS_l2_807,9.302114548728234
MD_SDSS_l2_821,12.675442731499508
MD_SDSS_l2_824,8.492445547969968
MD_SDSS_l2_814,9.600827070199141
MD_SDSS_l2_813,5.362659487566484
MD_SDSS_l2_804,13.998842410202812
MD_SDSS_l2_816,12.016881999702694
MD_SDSS_l2_826,10.005868902745181
MD_SDSS_l2_811,3.778514389146908
MD_SDSS_l2_825,9.779562347217976
MD_SDSS_l2_809,6.2301420645163414
MD_SDSS_l2_81,9.895920287416402
MD_SDSS_l2_829,11.67907232328966
MD_SDSS_l2_832,4.714365282907043
MD_SDSS_l2_820,9.663194293860348
MD_SDSS_l2_833,13.507201555263153
MD_SDSS_l2_835,13.848585330099706
MD_SDSS_l2_830,19.35377780009615
MD_SDSS_l2_822,16.731069678306188
MD_SDSS_l2_823,11.909229294478859
MD_SDSS_l2_827,10.20853287850375
MD_SDSS_l2_82,8.186320708274401
MD_SDSS_l2_83,13.555065569167047
MD_SDSS_l2_831,11.334216372653465
MD_SDSS_l2_843,10.356185211610203
MD_SDSS_l2_828,8.983190262486499
MD_SDSS_l2_834,13.055376126821
MD_SDSS_l2_847,5.940125779497151
MD_SDSS_l2_845,16.637983854753294
MD_SDSS_l2_842,3.659559377290531
MD_SDSS_l2_836,11.46139343684783
MD_SDSS_l2_848,9.451912725781266
MD_SDSS_l2_84,13.475577875395432
MD_SDSS_l2_846,9.244629671014954
MD_SDSS_l2_851,5.41796580756268
MD_SDSS_l2_849,8.148564824470828
MD_SDSS_l2_837,6.1805798794762
MD_SDSS_l2_852,4.992661338877252
MD_SDSS_l2_839,14.260648882096639
MD_SDSS_l2_853,14.735156927326987
MD_SDSS_l2_850,10.64877599295394
MD_SDSS_l2_838,16.537986140553066
MD_SDSS_l2_840,9.54820142260996
MD_SDSS_l2_841,15.940446404212636
MD_SDSS_l2_844,9.458448249026006
MD_SDSS_l2_854,9.998476700455855
MD_SDSS_l2_856,13.908371907319692
MD_SDSS_l2_855,5.536451388631642
MD_SDSS_l2_860,8.520858201093642
MD_SDSS_l2_85,12.362594035631782
MD_SDSS_l2_861,9.33572936532287
MD_SDSS_l2_868,13.90354915702177
MD_SDSS_l2_86,8.07892368272483
MD_SDSS_l2_858,16.759756606184844
MD_SDSS_l2_864,9.55174122487223
MD_SDSS_l2_857,4.068171664454617
MD_SDSS_l2_866,11.2910790804309
MD_SDSS_l2_859,11.881306253842935
MD_SDSS_l2_872,3.9921003566996855
MD_SDSS_l2_874,12.690394576444977
MD_SDSS_l2_875,17.139661133880566
MD_SDSS_l2_865,8.641306145587428
MD_SDSS_l2_869,14.692732001552049
MD_SDSS_l2_870,15.015524038977631
MD_SDSS_l2_863,10.969592168030546
MD_SDSS_l2_862,12.724642754633361
MD_SDSS_l2_878,4.528894797370375
MD_SDSS_l2_871,12.526726703956198
MD_SDSS_l2_881,6.535761122204546
MD_SDSS_l2_882,11.301574778388057
MD_SDSS_l2_867,15.304606895838551
MD_SDSS_l2_880,8.597671468713632
MD_SDSS_l2_885,18.032244806723888
MD_SDSS_l2_873,13.042988802799975
MD_SDSS_l2_877,13.033235161847456
MD_SDSS_l2_876,18.915620450909636
MD_SDSS_l2_887,11.659748460857909
MD_SDSS_l2_88,15.506135723834936
MD_SDSS_l2_879,7.942122582324571
MD_SDSS_l2_889,13.142889387269726
MD_SDSS_l2_888,11.02868100271673
MD_SDSS_l2_884,7.934508881793316
MD_SDSS_l2_891,9.748280448788655
MD_SDSS_l2_883,11.22473480459846
MD_SDSS_l2_896,5.605131142920639
MD_SDSS_l2_87,13.011223020177725
MD_SDSS_l2_895,10.419549693013844
MD_SDSS_l2_897,16.045495350999136
MD_SDSS_l2_89,20.521763308452215
MD_SDSS_l2_899,10.901129572755035
MD_SDSS_l2_901,11.426704310832726
MD_SDSS_l2_892,3.636149435589827
MD_SDSS_l2_886,8.01973795347899
MD_SDSS_l2_903,5.572005682869829
MD_SDSS_l2_904,3.8940615560325753
MD_SDSS_l2_900,7.7022339086567975
MD_SDSS_l2_890,10.916951895553495
MD_SDSS_l2_894,9.525185254883569
MD_SDSS_l2_907,11.844249593049026
MD_SDSS_l2_908,6.406079233800618
MD_SDSS_l2_893,15.855908921681205
MD_SDSS_l2_910,11.322034204137593
MD_SDSS_l2_902,9.165751215156998
MD_SDSS_l2_911,13.762320591458248
MD_SDSS_l2_906,10.70298184642914
MD_SDSS_l2_8,5.364190190134954
MD_SDSS_l2_898,8.008207253438508
MD_SDSS_l2_912,10.679844385773873
MD_SDSS_l2_913,14.916812540950163
MD_SDSS_l2_909,11.024337803038385
MD_SDSS_l2_918,13.084154566344735
MD_SDSS_l2_905,9.490254906716068
MD_SDSS_l2_91,22.454779284627783
MD_SDSS_l2_914,9.73644819202806
MD_SDSS_l2_920,11.384255884030388
MD_SDSS_l2_915,6.60218439703552
MD_SDSS_l2_90,12.296810949084463
MD_SDSS_l2_922,1.3127395135767959
MD_SDSS_l2_923,8.845259132344761
MD_SDSS_l2_924,18.94499480550781
MD_SDSS_l2_926,14.150724463925632
MD_SDSS_l2_92,8.391218825468691
MD_SDSS_l2_930,2.9061088780187436
MD_SDSS_l2_929,10.059060461060952
MD_SDSS_l2_919,10.822553281238712
MD_SDSS_l2_932,9.21004686577806
MD_SDSS_l2_921,10.05630444990678
MD_SDSS_l2_934,19.132234826949833
MD_SDSS_l2_917,7.038817745128684
MD_SDSS_l2_936,11.124926504232675
MD_SDSS_l2_935,6.844197930554259
MD_SDSS_l2_925,9.149355993511517
MD_SDSS_l2_938,8.028436319410016
MD_SDSS_l2_939,10.192222425258958
MD_SDSS_l2_916,11.272237745777291
MD_SDSS_l2_931,8.36120873059545
MD_SDSS_l2_93,11.857943451371035
MD_SDSS_l2_940,9.426815484008825
MD_SDSS_l2_928,7.147404775652346
MD_SDSS_l2_927,6.044387570911477
MD_SDSS_l2_944,7.50799522306868
MD_SDSS_l2_933,13.304036709238385
MD_SDSS_l2_941,21.721182617454858
MD_SDSS_l2_946,4.530128870781741
MD_SDSS_l2_937,3.2506009765841544
MD_SDSS_l2_949,4.524903524980681
MD_SDSS_l2_943,2.446913373410373
MD_SDSS_l2_952,10.927704891234356
MD_SDSS_l2_942,6.556046807886597
MD_SDSS_l2_947,16.421241822075263
MD_SDSS_l2_954,11.08872150599652
MD_SDSS_l2_945,10.879835350467829
MD_SDSS_l2_953,15.076000500209124
MD_SDSS_l2_948,8.613949183731457
MD_SDSS_l2_960,12.288187743772639
MD_SDSS_l2_950,3.64329912322569
MD_SDSS_l2_94,6.879836628169457
MD_SDSS_l2_955,11.827380730375262
MD_SDSS_l2_951,4.121862097179106
MD_SDSS_l2_966,4.014277215747784
MD_SDSS_l2_957,8.207212118346254
MD_SDSS_l2_96,11.29696143717662
MD_SDSS_l2_956,12.035749583799284
MD_SDSS_l2_970,9.916881595088398
MD_SDSS_l2_958,6.969989825938464
MD_SDSS_l2_967,13.663982238471416
MD_SDSS_l2_963,14.881029264182226
MD_SDSS_l2_959,14.148287306870795
MD_SDSS_l2_969,5.768892295719979
MD_SDSS_l2_962,4.783367822142706
MD_SDSS_l2_961,7.174473354026569
MD_SDSS_l2_973,5.487708962927266
MD_SDSS_l2_972,23.327158779421573
MD_SDSS_l2_975,6.863255977279653
MD_SDSS_l2_95,8.040301153082334
MD_SDSS_l2_968,14.495223087006499
MD_SDSS_l2_976,3.762150687647223
MD_SDSS_l2_965,7.582809219574155
MD_SDSS_l2_964,11.229676594003184
MD_SDSS_l2_977,13.940677656089122
MD_SDSS_l2_971,5.700301923887354
MD_SDSS_l2_974,5.429801582008535
MD_SDSS_l2_978,7.794786756903433
MD_SDSS_l2_979,14.253593563641985
MD_SDSS_l2_97,13.777481104562728
MD_SDSS_l2_980,14.369176894372869
MD_SDSS_l2_981,11.219759358658388
MD_SDSS_l2_985,10.980179720890732
MD_SDSS_l2_987,11.886791622674663
MD_SDSS_l2_983,10.64888333740653
MD_SDSS_l2_990,10.257161069558482
MD_SDSS_l2_98,14.839444649716508
MD_SDSS_l2_986,8.23743895118117
MD_SDSS_l2_988,5.402624718476035
MD_SDSS_l2_989,11.778541018107385
MD_SDSS_l2_982,9.246262688729137
MD_SDSS_l2_984,12.46192217883628
MD_SDSS_l2_996,13.108144040274919
MD_SDSS_l2_994,5.94411545223312
MD_SDSS_l2_993,3.7583760485240614
MD_SDSS_l2_991,10.842679277498572
MD_SDSS_l2_992,6.186970453807351
MD_SDSS_l2_99,10.984772854682658
MD_SDSS_l2_998,17.424643737976602
MD_SDSS_l2_997,11.789770108576988
MD_SDSS_l2_995,5.947241337793519
MD_SDSS_l2_999,-2.3129294580502933
MD_SDSS_l2_9,12.234955372421908
