system_id,ln_B_LU,B_LU
MD_SDSS_l2_1692,-233548889396.90652,0.0
MD_SDSS_l2_1546,-593020460635.3514,0.0
MD_SDSS_l2_1469,-645434884056.03,0.0
MD_SDSS_l2_1184,-829913794435.6831,0.0
MD_SDSS_l2_3456,-977677301228.2859,0.0
MD_SDSS_l2_445,-980049733265.1106,0.0
MD_SDSS_l2_3375,-1102084233141.3684,0.0
MD_SDSS_l2_2011,-1556457946603.9592,0.0
MD_SDSS_l2_945,-1767562336712.2104,0.0
MD_SDSS_l2_4503,-1841064072221.1448,0.0
MD_SDSS_l2_4751,-2939464271824.7583,0.0
MD_SDSS_l2_4729,-3450846618666.7354,0.0
MD_SDSS_l2_1569,-5369418666691.278,0.0
MD_SDSS_l2_4578,-5987166874487.292,0.0
MD_SDSS_l2_2155,-6779858047453.27,0.0
MD_SDSS_l2_360,-6936133922949.8,0.0
MD_SDSS_l2_2009,-7188967694371.776,0.0
MD_SDSS_l2_2510,-7514706745376.439,0.0
MD_SDSS_l2_1567,-8089073070241.36,0.0
MD_SDSS_l2_221,-8754795921953.178,0.0
MD_SDSS_l2_4818,-9736440876291.127,0.0
MD_SDSS_l2_442,-9932884796453.82,0.0
MD_SDSS_l2_1748,-11353143733399.408,0.0
MD_SDSS_l2_364,-12551699764243.77,0.0
MD_SDSS_l2_1772,-12646884968560.691,0.0
MD_SDSS_l2_4935,-16771540142767.812,0.0
MD_SDSS_l2_36,-16929994417491.58,0.0
MD_SDSS_l2_3099,-18397348355444.668,0.0
MD_SDSS_l2_3256,-18603067979599.227,0.0
MD_SDSS_l2_4279,-19364403161459.797,0.0
MD_SDSS_l2_2442,-19391217518010.254,0.0
MD_SDSS_l2_3990,-19554284070423.953,0.0
MD_SDSS_l2_4282,-20382857603986.97,0.0
MD_SDSS_l2_1473,-20788950407563.207,0.0
MD_SDSS_l2_3986,-21145250065655.688,0.0
MD_SDSS_l2_4745,-21816483998113.004,0.0
MD_SDSS_l2_3380,-23728375042307.324,0.0
MD_SDSS_l2_2081,-24085011689215.367,0.0
MD_SDSS_l2_2410,-25330601552275.445,0.0
MD_SDSS_l2_857,-27126378842636.316,0.0
MD_SDSS_l2_3353,-29789811916159.797,0.0
MD_SDSS_l2_1615,-29887217342743.402,0.0
MD_SDSS_l2_4391,-30486721994400.44,0.0
MD_SDSS_l2_1491,-31587291197411.38,0.0
MD_SDSS_l2_4486,-32991029072080.77,0.0
MD_SDSS_l2_332,-36029062624561.875,0.0
MD_SDSS_l2_4934,-38113424191916.88,0.0
MD_SDSS_l2_1855,-38278784579811.46,0.0
MD_SDSS_l2_1004,-42926273094702.9,0.0
MD_SDSS_l2_799,-44239246604074.78,0.0
MD_SDSS_l2_4722,-45558780884631.24,0.0
MD_SDSS_l2_2386,-45932338005876.27,0.0
MD_SDSS_l2_1467,-46723297630023.28,0.0
MD_SDSS_l2_2150,-47384682595977.55,0.0
MD_SDSS_l2_1897,-48766410477842.91,0.0
MD_SDSS_l2_3204,-49099054644536.82,0.0
MD_SDSS_l2_4756,-52808406798982.11,0.0
MD_SDSS_l2_2841,-62411801311289.63,0.0
MD_SDSS_l2_3947,-64239684511955.93,0.0
MD_SDSS_l2_2769,-65957116925375.664,0.0
MD_SDSS_l2_1325,-66981526608705.85,0.0
MD_SDSS_l2_2621,-70502703589389.23,0.0
MD_SDSS_l2_4243,-72801582953260.48,0.0
MD_SDSS_l2_306,-73454362166928.17,0.0
MD_SDSS_l2_3054,-76164160336652.69,0.0
MD_SDSS_l2_4622,-79931716142381.33,0.0
MD_SDSS_l2_1272,-85148692703665.36,0.0
MD_SDSS_l2_1632,-85832063156454.12,0.0
MD_SDSS_l2_3228,-94291192279005.42,0.0
MD_SDSS_l2_3159,-98709306547710.17,0.0
MD_SDSS_l2_3231,-103980529711031.89,0.0
MD_SDSS_l2_2688,-105977092122846.36,0.0
MD_SDSS_l2_2344,-108852401965314.72,0.0
MD_SDSS_l2_762,-111678462063706.84,0.0
MD_SDSS_l2_2808,-113660201480142.22,0.0
MD_SDSS_l2_431,-115873180436526.69,0.0
MD_SDSS_l2_2304,-118101564209360.88,0.0
MD_SDSS_l2_1370,-124279900633955.95,0.0
MD_SDSS_l2_785,-126279567920124.77,0.0
MD_SDSS_l2_4914,-127581554423797.5,0.0
MD_SDSS_l2_2981,-128840197457791.89,0.0
MD_SDSS_l2_62,-131496090836675.77,0.0
MD_SDSS_l2_1433,-133420091657587.56,0.0
MD_SDSS_l2_2154,-136262181519382.89,0.0
MD_SDSS_l2_991,-137460307301524.19,0.0
MD_SDSS_l2_1246,-137693480790294.95,0.0
MD_SDSS_l2_2328,-139545819795374.88,0.0
MD_SDSS_l2_2285,-141143917799304.12,0.0
MD_SDSS_l2_3100,-144669439927323.72,0.0
MD_SDSS_l2_4288,-155678317963733.94,0.0
MD_SDSS_l2_3406,-158186188300060.34,0.0
MD_SDSS_l2_4594,-165670854975022.84,0.0
MD_SDSS_l2_2273,-167504049651880.28,0.0
MD_SDSS_l2_4020,-168185490304773.16,0.0
MD_SDSS_l2_3156,-169881531368580.47,0.0
MD_SDSS_l2_1156,-173767706153702.78,0.0
MD_SDSS_l2_2856,-174187155523581.2,0.0
MD_SDSS_l2_4618,-180864133430179.5,0.0
MD_SDSS_l2_484,-185768599547012.5,0.0
MD_SDSS_l2_3453,-187218906526317.94,0.0
MD_SDSS_l2_2282,-189226405077914.75,0.0
MD_SDSS_l2_693,-189278290596013.44,0.0
MD_SDSS_l2_4019,-191052465433882.44,0.0
MD_SDSS_l2_3285,-197016756155592.4,0.0
MD_SDSS_l2_3552,-197960857525248.5,0.0
MD_SDSS_l2_4331,-199497820664521.53,0.0
MD_SDSS_l2_4284,-203800811274427.8,0.0
MD_SDSS_l2_4617,-204356359277989.7,0.0
MD_SDSS_l2_2923,-205241505578343.16,0.0
MD_SDSS_l2_226,-229319955167126.78,0.0
MD_SDSS_l2_280,-239183611528522.5,0.0
MD_SDSS_l2_3306,-241105747954852.78,0.0
MD_SDSS_l2_3425,-241882836526402.84,0.0
MD_SDSS_l2_480,-245502385172637.16,0.0
MD_SDSS_l2_11,-246773527839983.7,0.0
MD_SDSS_l2_3004,-254367565923191.3,0.0
MD_SDSS_l2_4775,-256601657627446.3,0.0
MD_SDSS_l2_1528,-257101867277199.12,0.0
MD_SDSS_l2_4350,-261123107988607.8,0.0
MD_SDSS_l2_4293,-268584266717260.1,0.0
MD_SDSS_l2_3732,-270988259644511.66,0.0
MD_SDSS_l2_4231,-286816950257242.1,0.0
MD_SDSS_l2_4843,-293149274734693.06,0.0
MD_SDSS_l2_532,-296600699752023.56,0.0
MD_SDSS_l2_1731,-299952990086793.1,0.0
MD_SDSS_l2_2322,-313871671162912.94,0.0
MD_SDSS_l2_1288,-314872376997060.5,0.0
MD_SDSS_l2_3174,-322475903060765.4,0.0
MD_SDSS_l2_1603,-325766408013107.7,0.0
MD_SDSS_l2_1144,-326191630133281.8,0.0
MD_SDSS_l2_165,-326267365261663.44,0.0
MD_SDSS_l2_1990,-328559730437079.2,0.0
MD_SDSS_l2_434,-333729132810173.25,0.0
MD_SDSS_l2_3280,-340623053046631.94,0.0
MD_SDSS_l2_415,-348530487790617.25,0.0
MD_SDSS_l2_3050,-349833697675793.8,0.0
MD_SDSS_l2_591,-351230230393690.5,0.0
MD_SDSS_l2_2321,-359498629048412.9,0.0
MD_SDSS_l2_4334,-370011955998569.7,0.0
MD_SDSS_l2_4457,-370558950275742.9,0.0
MD_SDSS_l2_1505,-371187104844420.0,0.0
MD_SDSS_l2_3593,-378116459991344.1,0.0
MD_SDSS_l2_3691,-385480084787276.7,0.0
MD_SDSS_l2_3239,-392460417420888.1,0.0
MD_SDSS_l2_4626,-396090796032687.7,0.0
MD_SDSS_l2_747,-405203654498575.8,0.0
MD_SDSS_l2_1461,-409636524565407.8,0.0
MD_SDSS_l2_3599,-415570259456084.6,0.0
MD_SDSS_l2_3330,-417453098172438.6,0.0
MD_SDSS_l2_2237,-421154772938417.44,0.0
MD_SDSS_l2_1662,-424668379707469.9,0.0
MD_SDSS_l2_4344,-425291470984052.94,0.0
MD_SDSS_l2_4210,-429194752286985.4,0.0
MD_SDSS_l2_2821,-435904095751713.9,0.0
MD_SDSS_l2_4413,-437519528459370.0,0.0
MD_SDSS_l2_430,-441228174662077.75,0.0
MD_SDSS_l2_3470,-447353336648134.8,0.0
MD_SDSS_l2_4494,-450267627504167.1,0.0
MD_SDSS_l2_4003,-455322947322038.8,0.0
MD_SDSS_l2_3297,-466205290327367.6,0.0
MD_SDSS_l2_1545,-475397369442397.44,0.0
MD_SDSS_l2_4687,-483195308026024.9,0.0
MD_SDSS_l2_1683,-483696424288784.8,0.0
MD_SDSS_l2_2956,-486409773391646.0,0.0
MD_SDSS_l2_2676,-487463234712357.8,0.0
MD_SDSS_l2_1444,-487592711236975.0,0.0
MD_SDSS_l2_2267,-500411533323756.0,0.0
MD_SDSS_l2_2238,-501431456887161.8,0.0
MD_SDSS_l2_2504,-504068290406821.1,0.0
MD_SDSS_l2_2403,-511788339566758.2,0.0
MD_SDSS_l2_605,-525579405204817.94,0.0
MD_SDSS_l2_2170,-547529923977083.0,0.0
MD_SDSS_l2_4172,-554287947469072.8,0.0
MD_SDSS_l2_979,-557132933665353.9,0.0
MD_SDSS_l2_2347,-559511350341219.56,0.0
MD_SDSS_l2_2736,-566058140473828.5,0.0
MD_SDSS_l2_2585,-567969252306603.6,0.0
MD_SDSS_l2_789,-572771489453002.1,0.0
MD_SDSS_l2_4849,-585372186204135.8,0.0
MD_SDSS_l2_14,-594835602551758.8,0.0
MD_SDSS_l2_4684,-600416372305564.8,0.0
MD_SDSS_l2_4414,-609317778700960.8,0.0
MD_SDSS_l2_757,-610951849915005.0,0.0
MD_SDSS_l2_4129,-615331503430469.8,0.0
MD_SDSS_l2_3671,-617645327565847.2,0.0
MD_SDSS_l2_1350,-618957702553553.8,0.0
MD_SDSS_l2_1775,-618983640576566.5,0.0
MD_SDSS_l2_3130,-626896135849541.4,0.0
MD_SDSS_l2_4805,-639024547625795.0,0.0
MD_SDSS_l2_59,-642244770478349.4,0.0
MD_SDSS_l2_4781,-659189617677307.5,0.0
MD_SDSS_l2_4410,-666669230774027.1,0.0
MD_SDSS_l2_1623,-669966851936948.2,0.0
MD_SDSS_l2_4939,-679222369406672.6,0.0
MD_SDSS_l2_4151,-691783198634407.1,0.0
MD_SDSS_l2_1036,-694021608239476.2,0.0
MD_SDSS_l2_4550,-695660221186776.1,0.0
MD_SDSS_l2_3727,-702734591016257.1,0.0
MD_SDSS_l2_27,-709766310551581.0,0.0
MD_SDSS_l2_4930,-710221670856434.5,0.0
MD_SDSS_l2_2352,-719308595299187.9,0.0
MD_SDSS_l2_4191,-722197749972160.2,0.0
MD_SDSS_l2_3400,-733702064587182.2,0.0
MD_SDSS_l2_2687,-749021671603174.4,0.0
MD_SDSS_l2_792,-749371911562948.9,0.0
MD_SDSS_l2_4610,-753726805170171.0,0.0
MD_SDSS_l2_649,-785515220614139.2,0.0
MD_SDSS_l2_4373,-787012917252287.4,0.0
MD_SDSS_l2_2264,-787750333411527.2,0.0
MD_SDSS_l2_4603,-800771322828578.8,0.0
MD_SDSS_l2_3921,-807544182934546.0,0.0
MD_SDSS_l2_2489,-810402968451468.0,0.0
MD_SDSS_l2_2047,-814438738903674.8,0.0
MD_SDSS_l2_1382,-817075468999342.0,0.0
MD_SDSS_l2_1182,-817700623543695.5,0.0
MD_SDSS_l2_1332,-825708809423001.2,0.0
MD_SDSS_l2_647,-830592928486725.2,0.0
MD_SDSS_l2_4536,-833456111725490.4,0.0
MD_SDSS_l2_3912,-833518697470677.5,0.0
MD_SDSS_l2_287,-852872401493837.6,0.0
MD_SDSS_l2_1087,-854095472353278.5,0.0
MD_SDSS_l2_3148,-863396090153449.1,0.0
MD_SDSS_l2_3361,-864861120840772.4,0.0
MD_SDSS_l2_3804,-875255553853962.1,0.0
MD_SDSS_l2_688,-884450112681714.5,0.0
MD_SDSS_l2_2244,-891827243528536.8,0.0
MD_SDSS_l2_4964,-895313398279622.1,0.0
MD_SDSS_l2_3433,-897332215827837.0,0.0
MD_SDSS_l2_2682,-899319603804272.4,0.0
MD_SDSS_l2_1668,-900219347250390.6,0.0
MD_SDSS_l2_1859,-905137282554641.6,0.0
MD_SDSS_l2_1942,-912172734914314.8,0.0
MD_SDSS_l2_2010,-938703966302450.1,0.0
MD_SDSS_l2_192,-942427099298255.2,0.0
MD_SDSS_l2_4746,-947040909488867.5,0.0
MD_SDSS_l2_303,-960368491903244.5,0.0
MD_SDSS_l2_3277,-964789955715877.1,0.0
MD_SDSS_l2_3097,-969821977820948.8,0.0
MD_SDSS_l2_1573,-974087341948024.6,0.0
MD_SDSS_l2_1886,-974440230003375.4,0.0
MD_SDSS_l2_4868,-976284503505274.4,0.0
MD_SDSS_l2_3977,-978903444893464.0,0.0
MD_SDSS_l2_251,-1000753877604313.8,0.0
MD_SDSS_l2_4384,-1000995481396954.2,0.0
MD_SDSS_l2_3006,-1021223898654650.8,0.0
MD_SDSS_l2_2743,-1045467317943884.0,0.0
MD_SDSS_l2_791,-1110470250570081.5,0.0
MD_SDSS_l2_1027,-1114164898531133.4,0.0
MD_SDSS_l2_4639,-1125974215668007.5,0.0
MD_SDSS_l2_4841,-1132582034258762.5,0.0
MD_SDSS_l2_3462,-1142666085075786.5,0.0
MD_SDSS_l2_1150,-1165401677461385.8,0.0
MD_SDSS_l2_3227,-1170938725926947.2,0.0
MD_SDSS_l2_3180,-1180533580160063.8,0.0
MD_SDSS_l2_2142,-1186072954317246.5,0.0
MD_SDSS_l2_3041,-1187380663138531.2,0.0
MD_SDSS_l2_3255,-1197872702819668.8,0.0
MD_SDSS_l2_1581,-1197938686013695.2,0.0
MD_SDSS_l2_3328,-1199460672247000.0,0.0
MD_SDSS_l2_1122,-1202764153249307.5,0.0
MD_SDSS_l2_2107,-1204953945052866.8,0.0
MD_SDSS_l2_2577,-1206684965075853.5,0.0
MD_SDSS_l2_2145,-1210725157769265.2,0.0
MD_SDSS_l2_4493,-1218112268832576.0,0.0
MD_SDSS_l2_374,-1218702946339361.2,0.0
MD_SDSS_l2_3982,-1219504982917172.2,0.0
MD_SDSS_l2_4732,-1225832899187159.8,0.0
MD_SDSS_l2_4278,-1231900836742137.0,0.0
MD_SDSS_l2_4691,-1238275595823200.5,0.0
MD_SDSS_l2_1492,-1246035982172273.2,0.0
MD_SDSS_l2_2562,-1251190963822062.5,0.0
MD_SDSS_l2_1602,-1258790507057297.8,0.0
MD_SDSS_l2_4474,-1263503888655924.0,0.0
MD_SDSS_l2_850,-1265224578494047.2,0.0
MD_SDSS_l2_1921,-1280953897689090.8,0.0
MD_SDSS_l2_4884,-1299143974136382.2,0.0
MD_SDSS_l2_2006,-1304639430492960.2,0.0
MD_SDSS_l2_209,-1309678255796390.0,0.0
MD_SDSS_l2_1172,-1310234959824744.2,0.0
MD_SDSS_l2_3282,-1360818218964637.8,0.0
MD_SDSS_l2_544,-1396165845110111.0,0.0
MD_SDSS_l2_2256,-1396805129715833.0,0.0
MD_SDSS_l2_1779,-1399758700481700.8,0.0
MD_SDSS_l2_4834,-1403046173509411.0,0.0
MD_SDSS_l2_132,-1403227937902756.2,0.0
MD_SDSS_l2_4370,-1410274614655077.0,0.0
MD_SDSS_l2_450,-1430755459770539.5,0.0
MD_SDSS_l2_498,-1441443212099211.0,0.0
MD_SDSS_l2_745,-1445879987781391.0,0.0
MD_SDSS_l2_4355,-1452058352926448.2,0.0
MD_SDSS_l2_511,-1469460940064757.5,0.0
MD_SDSS_l2_4150,-1490819827115014.0,0.0
MD_SDSS_l2_4574,-1497038913371682.5,0.0
MD_SDSS_l2_4883,-1501532334167752.5,0.0
MD_SDSS_l2_2060,-1508263258731802.8,0.0
MD_SDSS_l2_500,-1518264812275090.5,0.0
MD_SDSS_l2_466,-1519840887024946.2,0.0
MD_SDSS_l2_327,-1521144087874553.2,0.0
MD_SDSS_l2_2032,-1527141475746488.8,0.0
MD_SDSS_l2_297,-1559113436165726.8,0.0
MD_SDSS_l2_1201,-1561984460886146.8,0.0
MD_SDSS_l2_1044,-1562242888640561.5,0.0
MD_SDSS_l2_4624,-1580683808682519.5,0.0
MD_SDSS_l2_377,-1596612316478591.5,0.0
MD_SDSS_l2_3511,-1600047711730130.2,0.0
MD_SDSS_l2_2065,-1623254482468708.8,0.0
MD_SDSS_l2_915,-1642228638131944.8,0.0
MD_SDSS_l2_1361,-1644405475636694.5,0.0
MD_SDSS_l2_3519,-1647895472624460.5,0.0
MD_SDSS_l2_1215,-1669581071277928.8,0.0
MD_SDSS_l2_2933,-1680311623041824.5,0.0
MD_SDSS_l2_4817,-1680703373927858.2,0.0
MD_SDSS_l2_1571,-1693944002428589.8,0.0
MD_SDSS_l2_4070,-1700864476597094.5,0.0
MD_SDSS_l2_529,-1711304532339900.5,0.0
MD_SDSS_l2_814,-1716623884692216.5,0.0
MD_SDSS_l2_2318,-1735007477544022.2,0.0
MD_SDSS_l2_3658,-1739135498083941.2,0.0
MD_SDSS_l2_1916,-1749255471724456.5,0.0
MD_SDSS_l2_1169,-1758020522703143.2,0.0
MD_SDSS_l2_504,-1760832981608299.8,0.0
MD_SDSS_l2_203,-1771081717985247.8,0.0
MD_SDSS_l2_3613,-1784879335780617.0,0.0
MD_SDSS_l2_4782,-1797860492477539.5,0.0
MD_SDSS_l2_3981,-1814947757701572.0,0.0
MD_SDSS_l2_1021,-1829801199576597.5,0.0
MD_SDSS_l2_4109,-1845809851121357.2,0.0
MD_SDSS_l2_1612,-1854376742176331.2,0.0
MD_SDSS_l2_509,-1855402539784553.0,0.0
MD_SDSS_l2_397,-1864136992567180.8,0.0
MD_SDSS_l2_2963,-1877035855911527.5,0.0
MD_SDSS_l2_2213,-1887635699850715.2,0.0
MD_SDSS_l2_1774,-1897096142049063.8,0.0
MD_SDSS_l2_4788,-1905458068709464.8,0.0
MD_SDSS_l2_149,-1908037953634150.5,0.0
MD_SDSS_l2_2833,-1911232088933908.2,0.0
MD_SDSS_l2_3529,-1926299155536062.5,0.0
MD_SDSS_l2_3625,-1934733205729028.5,0.0
MD_SDSS_l2_1006,-1938374918866600.2,0.0
MD_SDSS_l2_4403,-1952324895964979.8,0.0
MD_SDSS_l2_2339,-1954045272355358.5,0.0
MD_SDSS_l2_3229,-1957463187795175.2,0.0
MD_SDSS_l2_2905,-1959096649683545.8,0.0
MD_SDSS_l2_903,-1960509523797474.2,0.0
MD_SDSS_l2_2518,-1969277814514929.5,0.0
MD_SDSS_l2_4122,-1981330989086160.0,0.0
MD_SDSS_l2_3779,-1994367069725519.0,0.0
MD_SDSS_l2_435,-2011256529819981.2,0.0
MD_SDSS_l2_357,-2015520131550079.5,0.0
MD_SDSS_l2_522,-2023587955471417.0,0.0
MD_SDSS_l2_2053,-2043758363096834.2,0.0
MD_SDSS_l2_2057,-2045594407249824.0,0.0
MD_SDSS_l2_2434,-2052424104516835.5,0.0
MD_SDSS_l2_1388,-2081668768783144.2,0.0
MD_SDSS_l2_1439,-2103274911351623.2,0.0
MD_SDSS_l2_2715,-2109946350997211.8,0.0
MD_SDSS_l2_3974,-2123057084061106.2,0.0
MD_SDSS_l2_2543,-2141763906709112.5,0.0
MD_SDSS_l2_3935,-2157605484400979.2,0.0
MD_SDSS_l2_4692,-2163875522745385.2,0.0
MD_SDSS_l2_1527,-2165212665514721.8,0.0
MD_SDSS_l2_3298,-2205750952204187.5,0.0
MD_SDSS_l2_1832,-2208104941516487.0,0.0
MD_SDSS_l2_3129,-2214010914814437.2,0.0
MD_SDSS_l2_2748,-2293387337646594.5,0.0
MD_SDSS_l2_367,-2300537519685162.5,0.0
MD_SDSS_l2_4947,-2322100005220417.0,0.0
MD_SDSS_l2_4645,-2360614353564517.5,0.0
MD_SDSS_l2_2871,-2389662220538378.5,0.0
MD_SDSS_l2_900,-2402260327399390.0,0.0
MD_SDSS_l2_2648,-2436185272891473.5,0.0
MD_SDSS_l2_4316,-2436214551863093.0,0.0
MD_SDSS_l2_613,-2444355083616249.0,0.0
MD_SDSS_l2_3349,-2450417213318388.5,0.0
MD_SDSS_l2_1582,-2474461456582266.0,0.0
MD_SDSS_l2_1345,-2474466343881530.0,0.0
MD_SDSS_l2_722,-2478248092631830.5,0.0
MD_SDSS_l2_3386,-2481663670129849.5,0.0
MD_SDSS_l2_3789,-2520112319582776.5,0.0
MD_SDSS_l2_3337,-2521251424619792.5,0.0
MD_SDSS_l2_1657,-2569948907696303.0,0.0
MD_SDSS_l2_641,-2572986294666941.5,0.0
MD_SDSS_l2_1378,-2576829207772746.5,0.0
MD_SDSS_l2_1770,-2580678766273348.0,0.0
MD_SDSS_l2_3569,-2586368053894363.0,0.0
MD_SDSS_l2_4255,-2600045084827923.0,0.0
MD_SDSS_l2_565,-2610800138095408.5,0.0
MD_SDSS_l2_943,-2638680688651398.5,0.0
MD_SDSS_l2_1114,-2638721802866638.5,0.0
MD_SDSS_l2_3565,-2642455323730570.5,0.0
MD_SDSS_l2_2129,-2658431462595123.0,0.0
MD_SDSS_l2_3884,-2683884618621667.0,0.0
MD_SDSS_l2_1140,-2687738176031823.0,0.0
MD_SDSS_l2_454,-2688501723978885.5,0.0
MD_SDSS_l2_3994,-2689284074667624.5,0.0
MD_SDSS_l2_2382,-2707790626689243.5,0.0
MD_SDSS_l2_4563,-2714168695470313.5,0.0
MD_SDSS_l2_3134,-2726788014560784.0,0.0
MD_SDSS_l2_4154,-2728006376853399.0,0.0
MD_SDSS_l2_4540,-2732460362718078.0,0.0
MD_SDSS_l2_2203,-2764692644450076.5,0.0
MD_SDSS_l2_2641,-2767286912090498.5,0.0
MD_SDSS_l2_2766,-2784993162529146.0,0.0
MD_SDSS_l2_265,-2785765182246868.5,0.0
MD_SDSS_l2_4731,-2791872990617682.0,0.0
MD_SDSS_l2_983,-2793910242172115.0,0.0
MD_SDSS_l2_2872,-2805354020142922.5,0.0
MD_SDSS_l2_3596,-2819114344135266.0,0.0
MD_SDSS_l2_2887,-2826454009217810.5,0.0
MD_SDSS_l2_4831,-2854208181760235.5,0.0
MD_SDSS_l2_3616,-2868258365857901.5,0.0
MD_SDSS_l2_1780,-2888461122662728.0,0.0
MD_SDSS_l2_3800,-2920715202475972.0,0.0
MD_SDSS_l2_1983,-2935213153638986.0,0.0
MD_SDSS_l2_3502,-2936303810198619.5,0.0
MD_SDSS_l2_3728,-2942612048713013.0,0.0
MD_SDSS_l2_1850,-2952104586383540.0,0.0
MD_SDSS_l2_1763,-2954023791426714.5,0.0
MD_SDSS_l2_1488,-2974563249398088.5,0.0
MD_SDSS_l2_2694,-2984461094461900.0,0.0
MD_SDSS_l2_4671,-2986502912018066.5,0.0
MD_SDSS_l2_4851,-3008312091477122.5,0.0
MD_SDSS_l2_3742,-3019760578752805.5,0.0
MD_SDSS_l2_3840,-3024319694167478.0,0.0
MD_SDSS_l2_4446,-3030751067189591.0,0.0
MD_SDSS_l2_2231,-3052268775542380.0,0.0
MD_SDSS_l2_2296,-3059369126729443.5,0.0
MD_SDSS_l2_1861,-3107481446373849.5,0.0
MD_SDSS_l2_4023,-3113281994734561.0,0.0
MD_SDSS_l2_337,-3113945959777405.5,0.0
MD_SDSS_l2_2217,-3121368786093108.5,0.0
MD_SDSS_l2_3475,-3121381314824336.0,0.0
MD_SDSS_l2_3530,-3128071312183855.0,0.0
MD_SDSS_l2_4826,-3133210454029235.5,0.0
MD_SDSS_l2_2459,-3162397088389158.5,0.0
MD_SDSS_l2_1449,-3178432449922027.5,0.0
MD_SDSS_l2_4124,-3237276675728679.5,0.0
MD_SDSS_l2_3554,-3242955661893874.0,0.0
MD_SDSS_l2_1996,-3290514215503163.0,0.0
MD_SDSS_l2_3879,-3301212364926580.5,0.0
MD_SDSS_l2_4332,-3318032674993360.0,0.0
MD_SDSS_l2_1322,-3325698606171271.0,0.0
MD_SDSS_l2_4375,-3348613891536993.5,0.0
MD_SDSS_l2_4552,-3378385008139569.0,0.0
MD_SDSS_l2_3612,-3407551032472921.5,0.0
MD_SDSS_l2_2782,-3437755194876777.5,0.0
MD_SDSS_l2_4291,-3441716271802147.0,0.0
MD_SDSS_l2_214,-3459328703452489.0,0.0
MD_SDSS_l2_4959,-3464511542906257.0,0.0
MD_SDSS_l2_4861,-3467562470196536.0,0.0
MD_SDSS_l2_4416,-3498139485651865.5,0.0
MD_SDSS_l2_2685,-3506374804241819.0,0.0
MD_SDSS_l2_2780,-3512279866107842.5,0.0
MD_SDSS_l2_2989,-3517658642193476.5,0.0
MD_SDSS_l2_4871,-3536570151247175.0,0.0
MD_SDSS_l2_699,-3559508786774211.5,0.0
MD_SDSS_l2_2365,-3588670648351815.0,0.0
MD_SDSS_l2_4927,-3621048055866961.0,0.0
MD_SDSS_l2_412,-3623881773123321.0,0.0
MD_SDSS_l2_1929,-3671389774791703.0,0.0
MD_SDSS_l2_1628,-3679228280806832.0,0.0
MD_SDSS_l2_4125,-3713531528981705.5,0.0
MD_SDSS_l2_1247,-3726169007333610.0,0.0
MD_SDSS_l2_2882,-3732493533854414.5,0.0
MD_SDSS_l2_4158,-3777766846843123.5,0.0
MD_SDSS_l2_3478,-3812389371984285.5,0.0
MD_SDSS_l2_4778,-3823419321375649.5,0.0
MD_SDSS_l2_2792,-3824130789103603.0,0.0
MD_SDSS_l2_1729,-3828801821930788.5,0.0
MD_SDSS_l2_3897,-3833135590256471.5,0.0
MD_SDSS_l2_1746,-3835635106296436.5,0.0
MD_SDSS_l2_4101,-3858204747234210.5,0.0
MD_SDSS_l2_4040,-3863699502688080.5,0.0
MD_SDSS_l2_2036,-3877223591554287.5,0.0
MD_SDSS_l2_1710,-3895304419863929.0,0.0
MD_SDSS_l2_4784,-3905572298007093.5,0.0
MD_SDSS_l2_2677,-3925800226793419.5,0.0
MD_SDSS_l2_4130,-3932277441157627.5,0.0
MD_SDSS_l2_2332,-3946957239461549.5,0.0
MD_SDSS_l2_48,-3985381615616785.0,0.0
MD_SDSS_l2_4492,-4013757678842583.5,0.0
MD_SDSS_l2_2456,-4024884804182837.0,0.0
MD_SDSS_l2_3043,-4044596518763725.0,0.0
MD_SDSS_l2_3783,-4048438299671204.5,0.0
MD_SDSS_l2_1372,-4064950308382147.0,0.0
MD_SDSS_l2_3133,-4084465598307443.5,0.0
MD_SDSS_l2_906,-4090316196790996.5,0.0
MD_SDSS_l2_328,-4097235074841173.5,0.0
MD_SDSS_l2_3030,-4099820383081530.5,0.0
MD_SDSS_l2_691,-4114098673121465.0,0.0
MD_SDSS_l2_962,-4122024575756024.0,0.0
MD_SDSS_l2_1286,-4139774521272158.0,0.0
MD_SDSS_l2_391,-4154485755758418.5,0.0
MD_SDSS_l2_3515,-4164552496984005.0,0.0
MD_SDSS_l2_261,-4205145609933755.0,0.0
MD_SDSS_l2_2361,-4214645457456748.0,0.0
MD_SDSS_l2_3570,-4219113494919918.5,0.0
MD_SDSS_l2_560,-4245482615319542.5,0.0
MD_SDSS_l2_237,-4247829511171580.5,0.0
MD_SDSS_l2_2355,-4251043677399498.0,0.0
MD_SDSS_l2_3996,-4266498664586749.0,0.0
MD_SDSS_l2_883,-4340891049987976.0,0.0
MD_SDSS_l2_1914,-4350164862134787.0,0.0
MD_SDSS_l2_4451,-4362463237227029.5,0.0
MD_SDSS_l2_335,-4393200041867762.0,0.0
MD_SDSS_l2_2734,-4399693886530559.0,0.0
MD_SDSS_l2_3514,-4454745578235738.5,0.0
MD_SDSS_l2_4954,-4500394726459061.0,0.0
MD_SDSS_l2_3901,-4502708104330408.0,0.0
MD_SDSS_l2_4830,-4506576107430645.0,0.0
MD_SDSS_l2_4132,-4559655239793577.0,0.0
MD_SDSS_l2_1058,-4563745992584208.0,0.0
MD_SDSS_l2_3503,-4587826526420830.0,0.0
MD_SDSS_l2_1438,-4601337118518819.0,0.0
MD_SDSS_l2_4068,-4610974803056875.0,0.0
MD_SDSS_l2_1468,-4632776262135796.0,0.0
MD_SDSS_l2_4762,-4639662309949538.0,0.0
MD_SDSS_l2_2397,-4656034329236548.0,0.0
MD_SDSS_l2_2904,-4673292271096605.0,0.0
MD_SDSS_l2_366,-4685934572092025.0,0.0
MD_SDSS_l2_2878,-4689759505403768.0,0.0
MD_SDSS_l2_4379,-4705277522008689.0,0.0
MD_SDSS_l2_3498,-4722957973100250.0,0.0
MD_SDSS_l2_1857,-4740012434700187.0,0.0
MD_SDSS_l2_2432,-4785244673008425.0,0.0
MD_SDSS_l2_3026,-4798127662024510.0,0.0
MD_SDSS_l2_4016,-4798474669376059.0,0.0
MD_SDSS_l2_4500,-4802202608564650.0,0.0
MD_SDSS_l2_4137,-4804767808032705.0,0.0
MD_SDSS_l2_2974,-4844340807208635.0,0.0
MD_SDSS_l2_275,-4854381416281550.0,0.0
MD_SDSS_l2_3725,-4896007368216745.0,0.0
MD_SDSS_l2_4207,-4901918610052548.0,0.0
MD_SDSS_l2_4808,-4966079086546599.0,0.0
MD_SDSS_l2_4755,-5019845163691248.0,0.0
MD_SDSS_l2_4450,-5036911180477889.0,0.0
MD_SDSS_l2_3972,-5038273675534430.0,0.0
MD_SDSS_l2_3733,-5044445970086420.0,0.0
MD_SDSS_l2_2813,-5050647801220074.0,0.0
MD_SDSS_l2_3936,-5071806611905961.0,0.0
MD_SDSS_l2_1565,-5094968807710089.0,0.0
MD_SDSS_l2_2177,-5117768452682375.0,0.0
MD_SDSS_l2_4188,-5135182935982449.0,0.0
MD_SDSS_l2_3669,-5148989931398246.0,0.0
MD_SDSS_l2_1285,-5163359089332582.0,0.0
MD_SDSS_l2_1276,-5179887383244203.0,0.0
MD_SDSS_l2_2696,-5332885576096114.0,0.0
MD_SDSS_l2_1760,-5357092318706431.0,0.0
MD_SDSS_l2_4620,-5379087766393351.0,0.0
MD_SDSS_l2_4248,-5390183540323939.0,0.0
MD_SDSS_l2_2668,-5410085386223488.0,0.0
MD_SDSS_l2_1354,-5454799286507280.0,0.0
MD_SDSS_l2_2754,-5468017455389431.0,0.0
MD_SDSS_l2_815,-5501878632432652.0,0.0
MD_SDSS_l2_3648,-5540495928203994.0,0.0
MD_SDSS_l2_2627,-5562736937588046.0,0.0
MD_SDSS_l2_4638,-5619718914164672.0,0.0
MD_SDSS_l2_1421,-5634417190570740.0,0.0
MD_SDSS_l2_3686,-5760784847832066.0,0.0
MD_SDSS_l2_1321,-5799937801306281.0,0.0
MD_SDSS_l2_262,-5830801895177792.0,0.0
MD_SDSS_l2_3918,-5852622277685389.0,0.0
MD_SDSS_l2_4770,-5862225019568365.0,0.0
MD_SDSS_l2_4380,-5866055138504362.0,0.0
MD_SDSS_l2_4670,-5869028136808068.0,0.0
MD_SDSS_l2_4877,-5895067898556526.0,0.0
MD_SDSS_l2_3748,-5898145541305943.0,0.0
MD_SDSS_l2_3057,-5914057233205876.0,0.0
MD_SDSS_l2_1065,-5926282717571020.0,0.0
MD_SDSS_l2_2035,-6010270584626554.0,0.0
MD_SDSS_l2_1431,-6049649235955162.0,0.0
MD_SDSS_l2_3188,-6065630241626304.0,0.0
MD_SDSS_l2_3392,-6070757208599941.0,0.0
MD_SDSS_l2_4625,-6082200492539717.0,0.0
MD_SDSS_l2_4673,-6089406760997834.0,0.0
MD_SDSS_l2_3721,-6094766445911999.0,0.0
MD_SDSS_l2_1139,-6103887874429189.0,0.0
MD_SDSS_l2_4143,-6158224031366031.0,0.0
MD_SDSS_l2_2944,-6162737359173007.0,0.0
MD_SDSS_l2_334,-6166656180467347.0,0.0
MD_SDSS_l2_238,-6197106157421379.0,0.0
MD_SDSS_l2_1863,-6213287604684283.0,0.0
MD_SDSS_l2_835,-6214410596207685.0,0.0
MD_SDSS_l2_19,-6221239768590180.0,0.0
MD_SDSS_l2_1404,-6223903738155032.0,0.0
MD_SDSS_l2_978,-6232832626649726.0,0.0
MD_SDSS_l2_4532,-6236012306577899.0,0.0
MD_SDSS_l2_1883,-6268697844081886.0,0.0
MD_SDSS_l2_2779,-6273489593929856.0,0.0
MD_SDSS_l2_3284,-6289460939705598.0,0.0
MD_SDSS_l2_1413,-6295446293503907.0,0.0
MD_SDSS_l2_318,-6305882661410105.0,0.0
MD_SDSS_l2_1600,-6322087481398616.0,0.0
MD_SDSS_l2_2242,-6330697554164205.0,0.0
MD_SDSS_l2_2805,-6341153375608907.0,0.0
MD_SDSS_l2_4948,-6344984037064883.0,0.0
MD_SDSS_l2_4313,-6356534697642132.0,0.0
MD_SDSS_l2_3675,-6358443709068731.0,0.0
MD_SDSS_l2_2727,-6367656237086212.0,0.0
MD_SDSS_l2_2812,-6379726362814371.0,0.0
MD_SDSS_l2_368,-6388177840414422.0,0.0
MD_SDSS_l2_438,-6513697955620078.0,0.0
MD_SDSS_l2_1261,-6547833096276596.0,0.0
MD_SDSS_l2_874,-6551797779673812.0,0.0
MD_SDSS_l2_4434,-6581045372332929.0,0.0
MD_SDSS_l2_2701,-6614712381842420.0,0.0
MD_SDSS_l2_2801,-6623937029494126.0,0.0
MD_SDSS_l2_4864,-6689825187740488.0,0.0
MD_SDSS_l2_3512,-6699589994727093.0,0.0
MD_SDSS_l2_4008,-6701695469776671.0,0.0
MD_SDSS_l2_3450,-6708391294365703.0,0.0
MD_SDSS_l2_2536,-6730668161983136.0,0.0
MD_SDSS_l2_4092,-6735667272661426.0,0.0
MD_SDSS_l2_1434,-6738193712386961.0,0.0
MD_SDSS_l2_717,-6752348628103591.0,0.0
MD_SDSS_l2_3760,-6802139507573736.0,0.0
MD_SDSS_l2_1202,-6815911577669549.0,0.0
MD_SDSS_l2_3989,-6829877684900276.0,0.0
MD_SDSS_l2_90,-6835714501350100.0,0.0
MD_SDSS_l2_79,-6872554209140189.0,0.0
MD_SDSS_l2_2307,-6880318817058712.0,0.0
MD_SDSS_l2_535,-6929901079760394.0,0.0
MD_SDSS_l2_3522,-6949237503456841.0,0.0
MD_SDSS_l2_2597,-6965143283337859.0,0.0
MD_SDSS_l2_168,-6986502487827353.0,0.0
MD_SDSS_l2_1874,-7065855539670112.0,0.0
MD_SDSS_l2_4902,-7076549143427832.0,0.0
MD_SDSS_l2_224,-7088335317776551.0,0.0
MD_SDSS_l2_1706,-7090389417287650.0,0.0
MD_SDSS_l2_2535,-7096804469071070.0,0.0
MD_SDSS_l2_495,-7123900269715025.0,0.0
MD_SDSS_l2_1627,-7127413127787171.0,0.0
MD_SDSS_l2_2731,-7139948683338665.0,0.0
MD_SDSS_l2_1629,-7149132459784681.0,0.0
MD_SDSS_l2_3756,-7159760239547872.0,0.0
MD_SDSS_l2_3598,-7174524476177178.0,0.0
MD_SDSS_l2_3886,-7195152224968340.0,0.0
MD_SDSS_l2_1711,-7218339162414534.0,0.0
MD_SDSS_l2_3870,-7228265978013369.0,0.0
MD_SDSS_l2_1060,-7247227832334377.0,0.0
MD_SDSS_l2_4666,-7289005272960717.0,0.0
MD_SDSS_l2_133,-7300526182927603.0,0.0
MD_SDSS_l2_3388,-7349157552657045.0,0.0
MD_SDSS_l2_924,-7351605983712237.0,0.0
MD_SDSS_l2_1547,-7378774677309609.0,0.0
MD_SDSS_l2_832,-7414109737663761.0,0.0
MD_SDSS_l2_2366,-7502954914047460.0,0.0
MD_SDSS_l2_384,-7506598736035783.0,0.0
MD_SDSS_l2_3641,-7517700602448254.0,0.0
MD_SDSS_l2_4863,-7525546008895539.0,0.0
MD_SDSS_l2_4562,-7530086257189721.0,0.0
MD_SDSS_l2_1667,-7539077756644328.0,0.0
MD_SDSS_l2_2320,-7575713099009653.0,0.0
MD_SDSS_l2_406,-7593669061870703.0,0.0
MD_SDSS_l2_961,-7614118435525816.0,0.0
MD_SDSS_l2_1718,-7658924263394037.0,0.0
MD_SDSS_l2_4265,-7660562162140911.0,0.0
MD_SDSS_l2_3836,-7742743402477102.0,0.0
MD_SDSS_l2_665,-7745492412088750.0,0.0
MD_SDSS_l2_4501,-7823888320070165.0,0.0
MD_SDSS_l2_3308,-7874781960929592.0,0.0
MD_SDSS_l2_138,-7895014517682655.0,0.0
MD_SDSS_l2_4752,-7926762898504526.0,0.0
MD_SDSS_l2_1277,-7938946881648977.0,0.0
MD_SDSS_l2_508,-7940620474042453.0,0.0
MD_SDSS_l2_4339,-7961367332926181.0,0.0
MD_SDSS_l2_2613,-7998359871391173.0,0.0
MD_SDSS_l2_2164,-8036500442801758.0,0.0
MD_SDSS_l2_4967,-8039025910890228.0,0.0
MD_SDSS_l2_3443,-8097451877709188.0,0.0
MD_SDSS_l2_2031,-8105340214793532.0,0.0
MD_SDSS_l2_3774,-8136420494759411.0,0.0
MD_SDSS_l2_3014,-8145840176341117.0,0.0
MD_SDSS_l2_461,-8201390502796636.0,0.0
MD_SDSS_l2_464,-8224080036509370.0,0.0
MD_SDSS_l2_26,-8225353590259060.0,0.0
MD_SDSS_l2_2400,-8232823235559881.0,0.0
MD_SDSS_l2_4290,-8308103531120257.0,0.0
MD_SDSS_l2_2895,-8311095293548202.0,0.0
MD_SDSS_l2_2593,-8313435687128877.0,0.0
MD_SDSS_l2_1333,-8357254027157470.0,0.0
MD_SDSS_l2_582,-8361809549363517.0,0.0
MD_SDSS_l2_2277,-8365001609691249.0,0.0
MD_SDSS_l2_3222,-8413655757165830.0,0.0
MD_SDSS_l2_3659,-8423376337693466.0,0.0
MD_SDSS_l2_2380,-8451330777242783.0,0.0
MD_SDSS_l2_3623,-8459793960063448.0,0.0
MD_SDSS_l2_1013,-8481745704435998.0,0.0
MD_SDSS_l2_4685,-8512283525223996.0,0.0
MD_SDSS_l2_1636,-8521780324919575.0,0.0
MD_SDSS_l2_1218,-8544356886722686.0,0.0
MD_SDSS_l2_901,-8582543703994928.0,0.0
MD_SDSS_l2_2312,-8592858194310516.0,0.0
MD_SDSS_l2_972,-8610347771113533.0,0.0
MD_SDSS_l2_1900,-8628145498257139.0,0.0
MD_SDSS_l2_3868,-8702261358805984.0,0.0
MD_SDSS_l2_468,-8704105883675494.0,0.0
MD_SDSS_l2_1790,-8769787544631626.0,0.0
MD_SDSS_l2_156,-8817211109991725.0,0.0
MD_SDSS_l2_1649,-8835380961778928.0,0.0
MD_SDSS_l2_3039,-8865143248939087.0,0.0
MD_SDSS_l2_3108,-8894665136912548.0,0.0
MD_SDSS_l2_758,-8920018294194542.0,0.0
MD_SDSS_l2_1062,-8927636055405149.0,0.0
MD_SDSS_l2_3166,-8933116812567332.0,0.0
MD_SDSS_l2_1943,-8978090665627168.0,0.0
MD_SDSS_l2_2914,-9064404738807846.0,0.0
MD_SDSS_l2_2174,-9148934859002260.0,0.0
MD_SDSS_l2_1521,-9155366491253264.0,0.0
MD_SDSS_l2_3291,-9186763614499430.0,0.0
MD_SDSS_l2_3524,-9307070040110664.0,0.0
MD_SDSS_l2_1754,-9428341891128960.0,0.0
MD_SDSS_l2_4876,-9431911123523330.0,0.0
MD_SDSS_l2_2042,-9445253719666568.0,0.0
MD_SDSS_l2_4134,-9448301348477728.0,0.0
MD_SDSS_l2_3576,-9455473952585284.0,0.0
MD_SDSS_l2_3160,-9460319028146456.0,0.0
MD_SDSS_l2_92,-9479471751162980.0,0.0
MD_SDSS_l2_531,-9485398746624594.0,0.0
MD_SDSS_l2_2926,-9519749433064954.0,0.0
MD_SDSS_l2_4367,-9599797329821906.0,0.0
MD_SDSS_l2_4819,-9618534495305796.0,0.0
MD_SDSS_l2_3583,-9626601777208694.0,0.0
MD_SDSS_l2_3492,-9652390370844084.0,0.0
MD_SDSS_l2_3965,-9676173596227010.0,0.0
MD_SDSS_l2_177,-9707074687990228.0,0.0
MD_SDSS_l2_1471,-9727467586693904.0,0.0
MD_SDSS_l2_3660,-9763694281400482.0,0.0
MD_SDSS_l2_4833,-9772634247332916.0,0.0
MD_SDSS_l2_207,-9800293912983328.0,0.0
MD_SDSS_l2_3488,-9815927532443982.0,0.0
MD_SDSS_l2_2863,-9879702650531236.0,0.0
MD_SDSS_l2_3385,-9910791593813408.0,0.0
MD_SDSS_l2_1371,-9930382982232598.0,0.0
MD_SDSS_l2_626,-9946106537341528.0,0.0
MD_SDSS_l2_4842,-9958117217502436.0,0.0
MD_SDSS_l2_1456,-9986197768452194.0,0.0
MD_SDSS_l2_932,-1.0005326356704948e+16,0.0
MD_SDSS_l2_2889,-1.0027909652898286e+16,0.0
MD_SDSS_l2_4945,-1.0056230645431e+16,0.0
MD_SDSS_l2_2188,-1.0073784325050198e+16,0.0
MD_SDSS_l2_1341,-1.011882514185935e+16,0.0
MD_SDSS_l2_4659,-1.012653341115559e+16,0.0
MD_SDSS_l2_4045,-1.016903592971115e+16,0.0
MD_SDSS_l2_1701,-1.0206085340999694e+16,0.0
MD_SDSS_l2_2804,-1.0225725298787604e+16,0.0
MD_SDSS_l2_4816,-1.0242970655821664e+16,0.0
MD_SDSS_l2_2643,-1.0296745467838562e+16,0.0
MD_SDSS_l2_1752,-1.0327060548603424e+16,0.0
MD_SDSS_l2_3088,-1.035995435355001e+16,0.0
MD_SDSS_l2_2261,-1.0362590964669248e+16,0.0
MD_SDSS_l2_1742,-1.0376728271100522e+16,0.0
MD_SDSS_l2_4650,-1.04212601706113e+16,0.0
MD_SDSS_l2_3847,-1.0433957486494296e+16,0.0
MD_SDSS_l2_4337,-1.0466674602604848e+16,0.0
MD_SDSS_l2_2108,-1.0496754768333766e+16,0.0
MD_SDSS_l2_1803,-1.0523083971479446e+16,0.0
MD_SDSS_l2_369,-1.059238903223432e+16,0.0
MD_SDSS_l2_1949,-1.0619840113715542e+16,0.0
MD_SDSS_l2_2669,-1.062058130996832e+16,0.0
MD_SDSS_l2_2503,-1.0636836691680798e+16,0.0
MD_SDSS_l2_1191,-1.065115898785846e+16,0.0
MD_SDSS_l2_296,-1.0662780728626662e+16,0.0
MD_SDSS_l2_1871,-1.0684913136768416e+16,0.0
MD_SDSS_l2_1988,-1.0690996360284452e+16,0.0
MD_SDSS_l2_298,-1.0707658909641674e+16,0.0
MD_SDSS_l2_1847,-1.0760443317471128e+16,0.0
MD_SDSS_l2_2454,-1.0774045768274876e+16,0.0
MD_SDSS_l2_232,-1.0799639509427054e+16,0.0
MD_SDSS_l2_780,-1.0918820113992428e+16,0.0
MD_SDSS_l2_2945,-1.0950567074684232e+16,0.0
MD_SDSS_l2_3540,-1.0965893130139886e+16,0.0
MD_SDSS_l2_4164,-1.097983319861872e+16,0.0
MD_SDSS_l2_1197,-1.1012420764831574e+16,0.0
MD_SDSS_l2_4310,-1.1031378809854338e+16,0.0
MD_SDSS_l2_3394,-1.1049459060433174e+16,0.0
MD_SDSS_l2_3139,-1.1050078386467814e+16,0.0
MD_SDSS_l2_2279,-1.1055397581216146e+16,0.0
MD_SDSS_l2_3762,-1.1082810744414014e+16,0.0
MD_SDSS_l2_3157,-1.1123321438815136e+16,0.0
MD_SDSS_l2_4483,-1.1137940199804076e+16,0.0
MD_SDSS_l2_1735,-1.1200856454206808e+16,0.0
MD_SDSS_l2_2762,-1.120194621291399e+16,0.0
MD_SDSS_l2_4972,-1.1203443957483854e+16,0.0
MD_SDSS_l2_2017,-1.1238771035785464e+16,0.0
MD_SDSS_l2_2122,-1.128715208143108e+16,0.0
MD_SDSS_l2_107,-1.1288512254978584e+16,0.0
MD_SDSS_l2_1057,-1.1340528727739784e+16,0.0
MD_SDSS_l2_880,-1.135266326594147e+16,0.0
MD_SDSS_l2_1827,-1.1354532077269472e+16,0.0
MD_SDSS_l2_1306,-1.1444828234454642e+16,0.0
MD_SDSS_l2_4054,-1.1491655768396158e+16,0.0
MD_SDSS_l2_3755,-1.1549609703815908e+16,0.0
MD_SDSS_l2_3743,-1.1695234381619566e+16,0.0
MD_SDSS_l2_47,-1.1718415283324302e+16,0.0
MD_SDSS_l2_2135,-1.1800340974859922e+16,0.0
MD_SDSS_l2_4558,-1.183145334709998e+16,0.0
MD_SDSS_l2_4989,-1.1859146985281026e+16,0.0
MD_SDSS_l2_4060,-1.1871129206734108e+16,0.0
MD_SDSS_l2_4398,-1.1934141371853148e+16,0.0
MD_SDSS_l2_3352,-1.1973652704252076e+16,0.0
MD_SDSS_l2_1076,-1.1989100625812018e+16,0.0
MD_SDSS_l2_2527,-1.2050115955305672e+16,0.0
MD_SDSS_l2_1793,-1.2051230279277762e+16,0.0
MD_SDSS_l2_3296,-1.2059706764430818e+16,0.0
MD_SDSS_l2_70,-1.2078320352804406e+16,0.0
MD_SDSS_l2_53,-1.211802416991503e+16,0.0
MD_SDSS_l2_2102,-1.2138112237451e+16,0.0
MD_SDSS_l2_3415,-1.215935240111241e+16,0.0
MD_SDSS_l2_4311,-1.2203949451020504e+16,0.0
MD_SDSS_l2_444,-1.2210144810944392e+16,0.0
MD_SDSS_l2_3844,-1.2338681753149208e+16,0.0
MD_SDSS_l2_325,-1.2370414375685656e+16,0.0
MD_SDSS_l2_1924,-1.2481906113932762e+16,0.0
MD_SDSS_l2_562,-1.2506044854996392e+16,0.0
MD_SDSS_l2_3640,-1.2513463124596436e+16,0.0
MD_SDSS_l2_713,-1.2556396619867146e+16,0.0
MD_SDSS_l2_2966,-1.2606184118999094e+16,0.0
MD_SDSS_l2_4383,-1.2609486595205746e+16,0.0
MD_SDSS_l2_4879,-1.2636104496912698e+16,0.0
MD_SDSS_l2_2235,-1.2662436550527416e+16,0.0
MD_SDSS_l2_4095,-1.2674937078255532e+16,0.0
MD_SDSS_l2_788,-1.2700619603746034e+16,0.0
MD_SDSS_l2_3299,-1.2759759866408234e+16,0.0
MD_SDSS_l2_2327,-1.2798014524426348e+16,0.0
MD_SDSS_l2_4487,-1.2818430065166112e+16,0.0
MD_SDSS_l2_4797,-1.2855148433746944e+16,0.0
MD_SDSS_l2_3791,-1.2861286636037518e+16,0.0
MD_SDSS_l2_888,-1.2889827347224118e+16,0.0
MD_SDSS_l2_1126,-1.2895830685594278e+16,0.0
MD_SDSS_l2_380,-1.2922680450103794e+16,0.0
MD_SDSS_l2_3893,-1.3036134753980936e+16,0.0
MD_SDSS_l2_4714,-1.3079951847120398e+16,0.0
MD_SDSS_l2_3735,-1.3115779657183448e+16,0.0
MD_SDSS_l2_1100,-1.3142719023920546e+16,0.0
MD_SDSS_l2_3225,-1.3181709386323298e+16,0.0
MD_SDSS_l2_4075,-1.3187574699908298e+16,0.0
MD_SDSS_l2_2929,-1.3205655224421856e+16,0.0
MD_SDSS_l2_802,-1.3210796115618938e+16,0.0
MD_SDSS_l2_191,-1.3295372829453066e+16,0.0
MD_SDSS_l2_248,-1.3305275843780652e+16,0.0
MD_SDSS_l2_1912,-1.3313645797169468e+16,0.0
MD_SDSS_l2_4219,-1.3502656465652646e+16,0.0
MD_SDSS_l2_604,-1.3559149405610036e+16,0.0
MD_SDSS_l2_4086,-1.3565258329588572e+16,0.0
MD_SDSS_l2_7,-1.3570152075989618e+16,0.0
MD_SDSS_l2_228,-1.3587779217755336e+16,0.0
MD_SDSS_l2_3610,-1.3613630578885404e+16,0.0
MD_SDSS_l2_4733,-1.3670724551459012e+16,0.0
MD_SDSS_l2_923,-1.37070795391655e+16,0.0
MD_SDSS_l2_2115,-1.3766072370301278e+16,0.0
MD_SDSS_l2_58,-1.3837466452936224e+16,0.0
MD_SDSS_l2_702,-1.3882141266135898e+16,0.0
MD_SDSS_l2_2148,-1.3905302144039438e+16,0.0
MD_SDSS_l2_720,-1.3989797845862284e+16,0.0
MD_SDSS_l2_2197,-1.3990148144869748e+16,0.0
MD_SDSS_l2_956,-1.4009848970594672e+16,0.0
MD_SDSS_l2_3959,-1.4054302556654228e+16,0.0
MD_SDSS_l2_465,-1.4137835782144976e+16,0.0
MD_SDSS_l2_2056,-1.4166069308122656e+16,0.0
MD_SDSS_l2_4904,-1.4284845905150376e+16,0.0
MD_SDSS_l2_4661,-1.4537227083567526e+16,0.0
MD_SDSS_l2_1446,-1.4563723503783754e+16,0.0
MD_SDSS_l2_4342,-1.4566985651293458e+16,0.0
MD_SDSS_l2_4906,-1.4618720010535882e+16,0.0
MD_SDSS_l2_1590,-1.4649754702735912e+16,0.0
MD_SDSS_l2_4962,-1.46560244629426e+16,0.0
MD_SDSS_l2_3533,-1.4680884901840616e+16,0.0
MD_SDSS_l2_4916,-1.4770378084941426e+16,0.0
MD_SDSS_l2_1121,-1.4830699965658402e+16,0.0
MD_SDSS_l2_3928,-1.4909562309136868e+16,0.0
MD_SDSS_l2_4285,-1.492113106755175e+16,0.0
MD_SDSS_l2_2141,-1.4925810150924766e+16,0.0
MD_SDSS_l2_212,-1.5061390279509998e+16,0.0
MD_SDSS_l2_887,-1.5141809911416908e+16,0.0
MD_SDSS_l2_718,-1.5143608047574428e+16,0.0
MD_SDSS_l2_4658,-1.5175640673681352e+16,0.0
MD_SDSS_l2_184,-1.5176815441522062e+16,0.0
MD_SDSS_l2_1165,-1.5226810463283474e+16,0.0
MD_SDSS_l2_1290,-1.5235067303913794e+16,0.0
MD_SDSS_l2_4010,-1.523960165854315e+16,0.0
MD_SDSS_l2_557,-1.5305075094314434e+16,0.0
MD_SDSS_l2_701,-1.5386586696606134e+16,0.0
MD_SDSS_l2_2037,-1.5419720098410388e+16,0.0
MD_SDSS_l2_4346,-1.5436900499083394e+16,0.0
MD_SDSS_l2_1616,-1.5441541044732158e+16,0.0
MD_SDSS_l2_1324,-1.5552097564077376e+16,0.0
MD_SDSS_l2_4619,-1.5565720224049228e+16,0.0
MD_SDSS_l2_2977,-1.5609803823093788e+16,0.0
MD_SDSS_l2_4699,-1.5673678166079776e+16,0.0
MD_SDSS_l2_3316,-1.5736872194578322e+16,0.0
MD_SDSS_l2_1187,-1.5743550208985144e+16,0.0
MD_SDSS_l2_3588,-1.5784260487593794e+16,0.0
MD_SDSS_l2_3656,-1.5827414093064344e+16,0.0
MD_SDSS_l2_938,-1.5876901479443836e+16,0.0
MD_SDSS_l2_393,-1.589096891796334e+16,0.0
MD_SDSS_l2_708,-1.5912270589136818e+16,0.0
MD_SDSS_l2_2210,-1.5954230145895152e+16,0.0
MD_SDSS_l2_3147,-1.598614631963905e+16,0.0
MD_SDSS_l2_974,-1.5989697557067646e+16,0.0
MD_SDSS_l2_1011,-1.6070534947298086e+16,0.0
MD_SDSS_l2_733,-1.6168715531237238e+16,0.0
MD_SDSS_l2_257,-1.6198510318857736e+16,0.0
MD_SDSS_l2_4,-1.622907851136863e+16,0.0
MD_SDSS_l2_4314,-1.6301436444177644e+16,0.0
MD_SDSS_l2_2396,-1.6317213118003034e+16,0.0
MD_SDSS_l2_2149,-1.6384613752759354e+16,0.0
MD_SDSS_l2_2525,-1.6494658282541158e+16,0.0
MD_SDSS_l2_2257,-1.651471894453222e+16,0.0
MD_SDSS_l2_914,-1.656918245569286e+16,0.0
MD_SDSS_l2_2457,-1.663434356437784e+16,0.0
MD_SDSS_l2_4584,-1.6658210786865232e+16,0.0
MD_SDSS_l2_3172,-1.670866005071896e+16,0.0
MD_SDSS_l2_3138,-1.67171861526852e+16,0.0
MD_SDSS_l2_539,-1.6770657190246584e+16,0.0
MD_SDSS_l2_2745,-1.678367832207223e+16,0.0
MD_SDSS_l2_2561,-1.6786453683180574e+16,0.0
MD_SDSS_l2_4885,-1.6938706960665998e+16,0.0
MD_SDSS_l2_2834,-1.6955615030378644e+16,0.0
MD_SDSS_l2_200,-1.697905795678388e+16,0.0
MD_SDSS_l2_3627,-1.6987682677296742e+16,0.0
MD_SDSS_l2_2565,-1.7011229859126228e+16,0.0
MD_SDSS_l2_1018,-1.701322808771409e+16,0.0
MD_SDSS_l2_847,-1.7056732788536022e+16,0.0
MD_SDSS_l2_2214,-1.7060440566070908e+16,0.0
MD_SDSS_l2_1358,-1.7094329843359688e+16,0.0
MD_SDSS_l2_3062,-1.7099230405404508e+16,0.0
MD_SDSS_l2_1243,-1.7143923575074492e+16,0.0
MD_SDSS_l2_1880,-1.7213111677055e+16,0.0
MD_SDSS_l2_4340,-1.7215501532590966e+16,0.0
MD_SDSS_l2_4848,-1.7245893419263786e+16,0.0
MD_SDSS_l2_3056,-1.7257488236752616e+16,0.0
MD_SDSS_l2_1425,-1.7298437807395526e+16,0.0
MD_SDSS_l2_2660,-1.7329150507091544e+16,0.0
MD_SDSS_l2_2635,-1.7356475421142456e+16,0.0
MD_SDSS_l2_622,-1.7379941192498954e+16,0.0
MD_SDSS_l2_2758,-1.742378006031329e+16,0.0
MD_SDSS_l2_3485,-1.75054967181893e+16,0.0
MD_SDSS_l2_1828,-1.7509632834671646e+16,0.0
MD_SDSS_l2_1402,-1.7557905031409648e+16,0.0
MD_SDSS_l2_119,-1.7596142516902522e+16,0.0
MD_SDSS_l2_3269,-1.766648754969874e+16,0.0
MD_SDSS_l2_2219,-1.7693912058857194e+16,0.0
MD_SDSS_l2_995,-1.7723258843739198e+16,0.0
MD_SDSS_l2_1405,-1.7758125655303992e+16,0.0
MD_SDSS_l2_34,-1.7822713454379184e+16,0.0
MD_SDSS_l2_4425,-1.782941520335816e+16,0.0
MD_SDSS_l2_139,-1.7874631289624398e+16,0.0
MD_SDSS_l2_4244,-1.7914426345071e+16,0.0
MD_SDSS_l2_2286,-1.7914797443107876e+16,0.0
MD_SDSS_l2_4996,-1.8067251915859336e+16,0.0
MD_SDSS_l2_2675,-1.8141879739162092e+16,0.0
MD_SDSS_l2_1538,-1.8146115263391104e+16,0.0
MD_SDSS_l2_1236,-1.8237301496427896e+16,0.0
MD_SDSS_l2_3632,-1.8272237480392828e+16,0.0
MD_SDSS_l2_1726,-1.8441879699303484e+16,0.0
MD_SDSS_l2_709,-1.847468421354985e+16,0.0
MD_SDSS_l2_2014,-1.850291989525167e+16,0.0
MD_SDSS_l2_949,-1.8603158730414588e+16,0.0
MD_SDSS_l2_4197,-1.8694562835880716e+16,0.0
MD_SDSS_l2_1000,-1.8755450921003464e+16,0.0
MD_SDSS_l2_3005,-1.876416312116607e+16,0.0
MD_SDSS_l2_151,-1.882929451574628e+16,0.0
MD_SDSS_l2_2370,-1.8906879814829508e+16,0.0
MD_SDSS_l2_4859,-1.8922947987280484e+16,0.0
MD_SDSS_l2_2423,-1.8941033316761468e+16,0.0
MD_SDSS_l2_56,-1.8998524288364788e+16,0.0
MD_SDSS_l2_2447,-1.9014778992117296e+16,0.0
MD_SDSS_l2_650,-1.9196433175017884e+16,0.0
MD_SDSS_l2_3310,-1.9277025346087972e+16,0.0
MD_SDSS_l2_1672,-1.9406617592309356e+16,0.0
MD_SDSS_l2_3086,-1.940834578669133e+16,0.0
MD_SDSS_l2_3028,-1.947166900443196e+16,0.0
MD_SDSS_l2_4767,-1.95089639046648e+16,0.0
MD_SDSS_l2_2223,-1.953417097485998e+16,0.0
MD_SDSS_l2_1509,-1.95550285794445e+16,0.0
MD_SDSS_l2_4021,-1.957388580473481e+16,0.0
MD_SDSS_l2_311,-1.957739044990367e+16,0.0
MD_SDSS_l2_3065,-1.963596919893756e+16,0.0
MD_SDSS_l2_3852,-1.9658091800579704e+16,0.0
MD_SDSS_l2_2781,-1.968411781240724e+16,0.0
MD_SDSS_l2_1340,-1.9859854076868376e+16,0.0
MD_SDSS_l2_774,-1.987675044179016e+16,0.0
MD_SDSS_l2_794,-1.9896532202598276e+16,0.0
MD_SDSS_l2_455,-1.9915137245520984e+16,0.0
MD_SDSS_l2_2894,-2.0013746724891316e+16,0.0
MD_SDSS_l2_20,-2.0045372094646588e+16,0.0
MD_SDSS_l2_2854,-2.008986319379323e+16,0.0
MD_SDSS_l2_3101,-2.0180140984303736e+16,0.0
MD_SDSS_l2_2055,-2.0227829910887464e+16,0.0
MD_SDSS_l2_1268,-2.0258620762208988e+16,0.0
MD_SDSS_l2_105,-2.0281996749372464e+16,0.0
MD_SDSS_l2_2116,-2.0296080720763824e+16,0.0
MD_SDSS_l2_4433,-2.0340253065266444e+16,0.0
MD_SDSS_l2_1052,-2.036984144366471e+16,0.0
MD_SDSS_l2_3644,-2.0423786789402452e+16,0.0
MD_SDSS_l2_753,-2.0610830981962388e+16,0.0
MD_SDSS_l2_4261,-2.0662818582836172e+16,0.0
MD_SDSS_l2_590,-2.071514023631703e+16,0.0
MD_SDSS_l2_1570,-2.0723682363726404e+16,0.0
MD_SDSS_l2_3532,-2.0730973803836196e+16,0.0
MD_SDSS_l2_1347,-2.077308802509701e+16,0.0
MD_SDSS_l2_4083,-2.078919655980013e+16,0.0
MD_SDSS_l2_4720,-2.0804214080701252e+16,0.0
MD_SDSS_l2_884,-2.081742250094286e+16,0.0
MD_SDSS_l2_4744,-2.087949971570809e+16,0.0
MD_SDSS_l2_3387,-2.090176869625e+16,0.0
MD_SDSS_l2_2670,-2.0926517387835308e+16,0.0
MD_SDSS_l2_721,-2.0928423158419464e+16,0.0
MD_SDSS_l2_2506,-2.108735951564236e+16,0.0
MD_SDSS_l2_740,-2.114950605556397e+16,0.0
MD_SDSS_l2_2317,-2.1154395640345564e+16,0.0
MD_SDSS_l2_3991,-2.1181710571616052e+16,0.0
MD_SDSS_l2_2659,-2.1199564801485716e+16,0.0
MD_SDSS_l2_692,-2.1412284649118108e+16,0.0
MD_SDSS_l2_3327,-2.1412365197188896e+16,0.0
MD_SDSS_l2_2902,-2.144015883698158e+16,0.0
MD_SDSS_l2_611,-2.1440761216657504e+16,0.0
MD_SDSS_l2_4896,-2.144081750906326e+16,0.0
MD_SDSS_l2_592,-2.1473484937224948e+16,0.0
MD_SDSS_l2_3412,-2.149728271246985e+16,0.0
MD_SDSS_l2_3667,-2.163176429492701e+16,0.0
MD_SDSS_l2_2589,-2.168766128549415e+16,0.0
MD_SDSS_l2_1674,-2.1700724505822604e+16,0.0
MD_SDSS_l2_574,-2.1729779763291864e+16,0.0
MD_SDSS_l2_1852,-2.173333457398511e+16,0.0
MD_SDSS_l2_3812,-2.1764111393863856e+16,0.0
MD_SDSS_l2_1151,-2.1774439345547964e+16,0.0
MD_SDSS_l2_4140,-2.1909415235797844e+16,0.0
MD_SDSS_l2_4335,-2.1927393308044812e+16,0.0
MD_SDSS_l2_1784,-2.1951153066635236e+16,0.0
MD_SDSS_l2_2225,-2.2065143512711636e+16,0.0
MD_SDSS_l2_773,-2.2301695061197944e+16,0.0
MD_SDSS_l2_1457,-2.231196967786595e+16,0.0
MD_SDSS_l2_842,-2.236033720414791e+16,0.0
MD_SDSS_l2_2071,-2.2444238686788668e+16,0.0
MD_SDSS_l2_3307,-2.2451817061636304e+16,0.0
MD_SDSS_l2_600,-2.250374750463692e+16,0.0
MD_SDSS_l2_1335,-2.2545390232355036e+16,0.0
MD_SDSS_l2_2156,-2.2567530527532984e+16,0.0
MD_SDSS_l2_3547,-2.2642280177795104e+16,0.0
MD_SDSS_l2_317,-2.270361900176165e+16,0.0
MD_SDSS_l2_2772,-2.2709691467295936e+16,0.0
MD_SDSS_l2_3354,-2.275782906981659e+16,0.0
MD_SDSS_l2_10,-2.2781327804715332e+16,0.0
MD_SDSS_l2_264,-2.279948490108072e+16,0.0
MD_SDSS_l2_1817,-2.2867192125578884e+16,0.0
MD_SDSS_l2_4297,-2.2882850652078576e+16,0.0
MD_SDSS_l2_4301,-2.289518115930041e+16,0.0
MD_SDSS_l2_2019,-2.2914727580847732e+16,0.0
MD_SDSS_l2_63,-2.3040074881140212e+16,0.0
MD_SDSS_l2_1026,-2.3084147460478572e+16,0.0
MD_SDSS_l2_1185,-2.3115126216047076e+16,0.0
MD_SDSS_l2_3288,-2.3175749213449336e+16,0.0
MD_SDSS_l2_3910,-2.3274106949901876e+16,0.0
MD_SDSS_l2_663,-2.3281142397253276e+16,0.0
MD_SDSS_l2_3484,-2.329655300278461e+16,0.0
MD_SDSS_l2_656,-2.3314823492684796e+16,0.0
MD_SDSS_l2_3872,-2.3318447086161064e+16,0.0
MD_SDSS_l2_2970,-2.333017620092624e+16,0.0
MD_SDSS_l2_3865,-2.3333848027275776e+16,0.0
MD_SDSS_l2_389,-2.344833040615356e+16,0.0
MD_SDSS_l2_2855,-2.348482295764339e+16,0.0
MD_SDSS_l2_173,-2.351419634563401e+16,0.0
MD_SDSS_l2_2300,-2.3578760550925564e+16,0.0
MD_SDSS_l2_3622,-2.3614014059017196e+16,0.0
MD_SDSS_l2_684,-2.363020014426435e+16,0.0
MD_SDSS_l2_2528,-2.3670430903806524e+16,0.0
MD_SDSS_l2_705,-2.369151085033623e+16,0.0
MD_SDSS_l2_4249,-2.376250358148342e+16,0.0
MD_SDSS_l2_4347,-2.3804690735630012e+16,0.0
MD_SDSS_l2_2707,-2.3817073055699536e+16,0.0
MD_SDSS_l2_4208,-2.3914723438334356e+16,0.0
MD_SDSS_l2_3677,-2.3962150376220724e+16,0.0
MD_SDSS_l2_1740,-2.4020192742815184e+16,0.0
MD_SDSS_l2_4189,-2.4024351632152304e+16,0.0
MD_SDSS_l2_347,-2.407446210649064e+16,0.0
MD_SDSS_l2_1248,-2.4096703373945656e+16,0.0
MD_SDSS_l2_4336,-2.4193253114564784e+16,0.0
MD_SDSS_l2_4990,-2.4257275358014092e+16,0.0
MD_SDSS_l2_2681,-2.4257367751545836e+16,0.0
MD_SDSS_l2_1051,-2.4262913029640184e+16,0.0
MD_SDSS_l2_234,-2.4268704384539564e+16,0.0
MD_SDSS_l2_4404,-2.427704859471576e+16,0.0
MD_SDSS_l2_4809,-2.4345038079396104e+16,0.0
MD_SDSS_l2_2393,-2.45892904154066e+16,0.0
MD_SDSS_l2_3805,-2.459619304872295e+16,0.0
MD_SDSS_l2_3355,-2.4642431583389844e+16,0.0
MD_SDSS_l2_4838,-2.467410604136929e+16,0.0
MD_SDSS_l2_1851,-2.4702675973164376e+16,0.0
MD_SDSS_l2_3024,-2.4719352318778544e+16,0.0
MD_SDSS_l2_4006,-2.4730832835738136e+16,0.0
MD_SDSS_l2_990,-2.4824015609430564e+16,0.0
MD_SDSS_l2_821,-2.4984243143349612e+16,0.0
MD_SDSS_l2_3241,-2.5092898223853388e+16,0.0
MD_SDSS_l2_1728,-2.518698754235451e+16,0.0
MD_SDSS_l2_4847,-2.521678695750645e+16,0.0
MD_SDSS_l2_4852,-2.522658070483325e+16,0.0
MD_SDSS_l2_2415,-2.526313525185851e+16,0.0
MD_SDSS_l2_1989,-2.532923769290544e+16,0.0
MD_SDSS_l2_2829,-2.5442568706605656e+16,0.0
MD_SDSS_l2_1389,-2.5474297391368904e+16,0.0
MD_SDSS_l2_4084,-2.5565356375842744e+16,0.0
MD_SDSS_l2_1776,-2.5629633206555836e+16,0.0
MD_SDSS_l2_1814,-2.582961441957623e+16,0.0
MD_SDSS_l2_1416,-2.5895680921314068e+16,0.0
MD_SDSS_l2_3963,-2.595023193160634e+16,0.0
MD_SDSS_l2_946,-2.6037075084127196e+16,0.0
MD_SDSS_l2_3541,-2.6062726936063776e+16,0.0
MD_SDSS_l2_49,-2.606582561048985e+16,0.0
MD_SDSS_l2_3932,-2.606907981749427e+16,0.0
MD_SDSS_l2_744,-2.616934245690595e+16,0.0
MD_SDSS_l2_1821,-2.6191225846664572e+16,0.0
MD_SDSS_l2_3046,-2.6310356315893e+16,0.0
MD_SDSS_l2_520,-2.637285748905354e+16,0.0
MD_SDSS_l2_2383,-2.6388131066291708e+16,0.0
MD_SDSS_l2_881,-2.641955509744193e+16,0.0
MD_SDSS_l2_71,-2.645002099284511e+16,0.0
MD_SDSS_l2_3074,-2.650190623149421e+16,0.0
MD_SDSS_l2_2375,-2.65234208841131e+16,0.0
MD_SDSS_l2_2179,-2.664036385589086e+16,0.0
MD_SDSS_l2_646,-2.667027392355864e+16,0.0
MD_SDSS_l2_331,-2.6675395215626224e+16,0.0
MD_SDSS_l2_4256,-2.6685734703312892e+16,0.0
MD_SDSS_l2_1111,-2.67253269706789e+16,0.0
MD_SDSS_l2_2811,-2.6741893110839224e+16,0.0
MD_SDSS_l2_3023,-2.6921756384625828e+16,0.0
MD_SDSS_l2_3642,-2.692955148088096e+16,0.0
MD_SDSS_l2_2936,-2.6978193589954156e+16,0.0
MD_SDSS_l2_2392,-2.7092234504454316e+16,0.0
MD_SDSS_l2_4119,-2.7104975681876332e+16,0.0
MD_SDSS_l2_1141,-2.7171313716380332e+16,0.0
MD_SDSS_l2_3018,-2.721151165925209e+16,0.0
MD_SDSS_l2_3243,-2.7349874832250016e+16,0.0
MD_SDSS_l2_4931,-2.7369949848999984e+16,0.0
MD_SDSS_l2_951,-2.738310630356181e+16,0.0
MD_SDSS_l2_2796,-2.7393765487868476e+16,0.0
MD_SDSS_l2_2127,-2.748306577555339e+16,0.0
MD_SDSS_l2_4741,-2.765565417693534e+16,0.0
MD_SDSS_l2_2620,-2.7675134881867668e+16,0.0
MD_SDSS_l2_686,-2.77390486183844e+16,0.0
MD_SDSS_l2_110,-2.784205130619291e+16,0.0
MD_SDSS_l2_1305,-2.786079216796872e+16,0.0
MD_SDSS_l2_3191,-2.7881152888245064e+16,0.0
MD_SDSS_l2_476,-2.7940797072485508e+16,0.0
MD_SDSS_l2_4467,-2.800157476685616e+16,0.0
MD_SDSS_l2_1497,-2.805541921480223e+16,0.0
MD_SDSS_l2_2678,-2.814800466195192e+16,0.0
MD_SDSS_l2_4571,-2.8167269191753956e+16,0.0
MD_SDSS_l2_1045,-2.8276964843398364e+16,0.0
MD_SDSS_l2_985,-2.8281878525380812e+16,0.0
MD_SDSS_l2_3179,-2.8366943005824532e+16,0.0
MD_SDSS_l2_4561,-2.8425062153967596e+16,0.0
MD_SDSS_l2_820,-2.844870019007658e+16,0.0
MD_SDSS_l2_4236,-2.8482110631042948e+16,0.0
MD_SDSS_l2_4114,-2.8506389296436932e+16,0.0
MD_SDSS_l2_731,-2.8529949376021412e+16,0.0
MD_SDSS_l2_4001,-2.866677868607076e+16,0.0
MD_SDSS_l2_2298,-2.877525795627769e+16,0.0
MD_SDSS_l2_316,-2.88120747161112e+16,0.0
MD_SDSS_l2_3536,-2.8852223103087988e+16,0.0
MD_SDSS_l2_2295,-2.8970472074224384e+16,0.0
MD_SDSS_l2_4792,-2.8975479835669884e+16,0.0
MD_SDSS_l2_2104,-2.915335741747524e+16,0.0
MD_SDSS_l2_2844,-2.9218645160477244e+16,0.0
MD_SDSS_l2_3060,-2.9235414563401656e+16,0.0
MD_SDSS_l2_687,-2.9355105425800412e+16,0.0
MD_SDSS_l2_3955,-2.935749588734282e+16,0.0
MD_SDSS_l2_3887,-2.9380212162812876e+16,0.0
MD_SDSS_l2_2455,-2.938317092541472e+16,0.0
MD_SDSS_l2_1555,-2.9390773736095076e+16,0.0
MD_SDSS_l2_615,-2.9488149770599176e+16,0.0
MD_SDSS_l2_1357,-2.9493537645052584e+16,0.0
MD_SDSS_l2_3494,-2.9581578603884364e+16,0.0
MD_SDSS_l2_1881,-2.969098023173305e+16,0.0
MD_SDSS_l2_194,-2.969243772906892e+16,0.0
MD_SDSS_l2_383,-2.97002221768109e+16,0.0
MD_SDSS_l2_2453,-2.9795310917944216e+16,0.0
MD_SDSS_l2_1063,-2.9916844774448948e+16,0.0
MD_SDSS_l2_4903,-2.992933479492351e+16,0.0
MD_SDSS_l2_2005,-2.997962124401754e+16,0.0
MD_SDSS_l2_1820,-3.001925422589909e+16,0.0
MD_SDSS_l2_4709,-3.006744738542613e+16,0.0
MD_SDSS_l2_2167,-3.0234507509546424e+16,0.0
MD_SDSS_l2_1316,-3.0342133456731828e+16,0.0
MD_SDSS_l2_4141,-3.03464958693891e+16,0.0
MD_SDSS_l2_1395,-3.036655187038424e+16,0.0
MD_SDSS_l2_1240,-3.0395257076359784e+16,0.0
MD_SDSS_l2_1211,-3.051929087311856e+16,0.0
MD_SDSS_l2_538,-3.0571300130885932e+16,0.0
MD_SDSS_l2_2814,-3.069415995910749e+16,0.0
MD_SDSS_l2_3368,-3.070804253572128e+16,0.0
MD_SDSS_l2_3287,-3.0712462366886828e+16,0.0
MD_SDSS_l2_1530,-3.0852964113788504e+16,0.0
MD_SDSS_l2_301,-3.086352552055877e+16,0.0
MD_SDSS_l2_2686,-3.091430378485618e+16,0.0
MD_SDSS_l2_2385,-3.0930646014379504e+16,0.0
MD_SDSS_l2_2517,-3.107985457482039e+16,0.0
MD_SDSS_l2_3752,-3.1153639078239484e+16,0.0
MD_SDSS_l2_3933,-3.1181798534124336e+16,0.0
MD_SDSS_l2_1755,-3.120479075915628e+16,0.0
MD_SDSS_l2_9,-3.1304004041922852e+16,0.0
MD_SDSS_l2_1002,-3.1599966086789572e+16,0.0
MD_SDSS_l2_3666,-3.1602283417547844e+16,0.0
MD_SDSS_l2_2713,-3.1633150771742084e+16,0.0
MD_SDSS_l2_1424,-3.1821028123180588e+16,0.0
MD_SDSS_l2_3391,-3.189727815334205e+16,0.0
MD_SDSS_l2_3125,-3.198767133672632e+16,0.0
MD_SDSS_l2_1809,-3.208674993011919e+16,0.0
MD_SDSS_l2_2407,-3.219160597763296e+16,0.0
MD_SDSS_l2_4694,-3.2207580759439204e+16,0.0
MD_SDSS_l2_2192,-3.2248725164093044e+16,0.0
MD_SDSS_l2_3207,-3.2267602466574868e+16,0.0
MD_SDSS_l2_898,-3.241621489929432e+16,0.0
MD_SDSS_l2_4281,-3.2542368511766476e+16,0.0
MD_SDSS_l2_4888,-3.2602604252983776e+16,0.0
MD_SDSS_l2_1967,-3.266826060872175e+16,0.0
MD_SDSS_l2_2433,-3.2676074678309212e+16,0.0
MD_SDSS_l2_3150,-3.269722642666082e+16,0.0
MD_SDSS_l2_4958,-3.270158860976362e+16,0.0
MD_SDSS_l2_1040,-3.270865820430861e+16,0.0
MD_SDSS_l2_1805,-3.2874483854859044e+16,0.0
MD_SDSS_l2_2817,-3.2905201584303664e+16,0.0
MD_SDSS_l2_1591,-3.2983358271539868e+16,0.0
MD_SDSS_l2_3408,-3.30784547579676e+16,0.0
MD_SDSS_l2_2950,-3.3150621433040772e+16,0.0
MD_SDSS_l2_1081,-3.3220571208123892e+16,0.0
MD_SDSS_l2_1822,-3.324098327923316e+16,0.0
MD_SDSS_l2_4009,-3.3246926899046976e+16,0.0
MD_SDSS_l2_4028,-3.3268358677816904e+16,0.0
MD_SDSS_l2_1055,-3.3323571949599036e+16,0.0
MD_SDSS_l2_1633,-3.342055490723202e+16,0.0
MD_SDSS_l2_4656,-3.344572206724418e+16,0.0
MD_SDSS_l2_166,-3.3580921980662412e+16,0.0
MD_SDSS_l2_1517,-3.3587006210736896e+16,0.0
MD_SDSS_l2_4184,-3.3662145558260136e+16,0.0
MD_SDSS_l2_3169,-3.3672326845463116e+16,0.0
MD_SDSS_l2_3537,-3.367384479984149e+16,0.0
MD_SDSS_l2_3396,-3.3996532369811336e+16,0.0
MD_SDSS_l2_1589,-3.4099948148154836e+16,0.0
MD_SDSS_l2_965,-3.4126314502347816e+16,0.0
MD_SDSS_l2_5,-3.4152825693239904e+16,0.0
MD_SDSS_l2_4097,-3.4188434831983344e+16,0.0
MD_SDSS_l2_1795,-3.424332033358415e+16,0.0
MD_SDSS_l2_1503,-3.4458266176991372e+16,0.0
MD_SDSS_l2_1744,-3.4458456983230224e+16,0.0
MD_SDSS_l2_4091,-3.4495292893628348e+16,0.0
MD_SDSS_l2_3778,-3.455957541385008e+16,0.0
MD_SDSS_l2_2356,-3.4622041999122724e+16,0.0
MD_SDSS_l2_4257,-3.4691764341871576e+16,0.0
MD_SDSS_l2_4405,-3.470467883650297e+16,0.0
MD_SDSS_l2_3153,-3.471845272454136e+16,0.0
MD_SDSS_l2_4970,-3.4743340940044664e+16,0.0
MD_SDSS_l2_141,-3.475848481003591e+16,0.0
MD_SDSS_l2_4764,-3.4771556985470052e+16,0.0
MD_SDSS_l2_3093,-3.480244271141977e+16,0.0
MD_SDSS_l2_825,-3.481523858611083e+16,0.0
MD_SDSS_l2_2875,-3.4840192768451476e+16,0.0
MD_SDSS_l2_4005,-3.4856206191328336e+16,0.0
MD_SDSS_l2_3979,-3.49490681929803e+16,0.0
MD_SDSS_l2_1522,-3.499880332317182e+16,0.0
MD_SDSS_l2_124,-3.5027014172781844e+16,0.0
MD_SDSS_l2_4717,-3.5028572585268164e+16,0.0
MD_SDSS_l2_2954,-3.5089841864884044e+16,0.0
MD_SDSS_l2_4952,-3.520634828870464e+16,0.0
MD_SDSS_l2_3154,-3.5209574826023932e+16,0.0
MD_SDSS_l2_3820,-3.5242723588627336e+16,0.0
MD_SDSS_l2_2246,-3.5261425282032572e+16,0.0
MD_SDSS_l2_3313,-3.5277438446242756e+16,0.0
MD_SDSS_l2_308,-3.5300924034462948e+16,0.0
MD_SDSS_l2_3708,-3.5310488080024136e+16,0.0
MD_SDSS_l2_1176,-3.537065590989332e+16,0.0
MD_SDSS_l2_1525,-3.550127513404721e+16,0.0
MD_SDSS_l2_549,-3.554404628577349e+16,0.0
MD_SDSS_l2_1952,-3.567794347777698e+16,0.0
MD_SDSS_l2_2900,-3.5684870722696756e+16,0.0
MD_SDSS_l2_3707,-3.5694763454521612e+16,0.0
MD_SDSS_l2_3037,-3.573451566616088e+16,0.0
MD_SDSS_l2_2602,-3.597803674025626e+16,0.0
MD_SDSS_l2_35,-3.604604976225028e+16,0.0
MD_SDSS_l2_4796,-3.608759887906756e+16,0.0
MD_SDSS_l2_95,-3.625440328625794e+16,0.0
MD_SDSS_l2_3841,-3.626780213596667e+16,0.0
MD_SDSS_l2_4674,-3.646592109750715e+16,0.0
MD_SDSS_l2_363,-3.6472023222530776e+16,0.0
MD_SDSS_l2_4013,-3.658318245167786e+16,0.0
MD_SDSS_l2_2706,-3.6609343181839384e+16,0.0
MD_SDSS_l2_3038,-3.669305215986888e+16,0.0
MD_SDSS_l2_3898,-3.6700457871734456e+16,0.0
MD_SDSS_l2_2645,-3.671931220004935e+16,0.0
MD_SDSS_l2_3563,-3.684143901551898e+16,0.0
MD_SDSS_l2_505,-3.684179382303594e+16,0.0
MD_SDSS_l2_3343,-3.710001288087918e+16,0.0
MD_SDSS_l2_4825,-3.713898941867906e+16,0.0
MD_SDSS_l2_4069,-3.714402111117918e+16,0.0
MD_SDSS_l2_227,-3.717808751793436e+16,0.0
MD_SDSS_l2_4206,-3.75003168483575e+16,0.0
MD_SDSS_l2_1813,-3.7534126909945656e+16,0.0
MD_SDSS_l2_1960,-3.761793819371666e+16,0.0
MD_SDSS_l2_697,-3.76257700933571e+16,0.0
MD_SDSS_l2_642,-3.762617156721918e+16,0.0
MD_SDSS_l2_3975,-3.77007129130224e+16,0.0
MD_SDSS_l2_403,-3.788137261513157e+16,0.0
MD_SDSS_l2_1323,-3.8281662318770696e+16,0.0
MD_SDSS_l2_1223,-3.837955122056539e+16,0.0
MD_SDSS_l2_376,-3.84155926051194e+16,0.0
MD_SDSS_l2_2601,-3.84237243414972e+16,0.0
MD_SDSS_l2_3703,-3.843816866874436e+16,0.0
MD_SDSS_l2_4387,-3.845464808246761e+16,0.0
MD_SDSS_l2_3064,-3.8619499085687464e+16,0.0
MD_SDSS_l2_550,-3.878794009415383e+16,0.0
MD_SDSS_l2_270,-3.8800942832493e+16,0.0
MD_SDSS_l2_2119,-3.890276083426288e+16,0.0
MD_SDSS_l2_2468,-3.8987834826680024e+16,0.0
MD_SDSS_l2_4037,-3.903531780681432e+16,0.0
MD_SDSS_l2_4665,-3.9081657777967496e+16,0.0
MD_SDSS_l2_3336,-3.915491231788926e+16,0.0
MD_SDSS_l2_3187,-3.917991484385593e+16,0.0
MD_SDSS_l2_429,-3.928360341364271e+16,0.0
MD_SDSS_l2_278,-3.928405302803516e+16,0.0
MD_SDSS_l2_94,-3.9287192359366216e+16,0.0
MD_SDSS_l2_554,-3.931204677550577e+16,0.0
MD_SDSS_l2_1155,-3.952037311271859e+16,0.0
MD_SDSS_l2_1385,-3.956736533941485e+16,0.0
MD_SDSS_l2_4401,-3.9611436144241096e+16,0.0
MD_SDSS_l2_1207,-3.978250680263908e+16,0.0
MD_SDSS_l2_2091,-3.9784031884961016e+16,0.0
MD_SDSS_l2_3249,-3.9930737048431976e+16,0.0
MD_SDSS_l2_936,-4.00263621301221e+16,0.0
MD_SDSS_l2_1229,-4.0101525379480264e+16,0.0
MD_SDSS_l2_527,-4.011119539899745e+16,0.0
MD_SDSS_l2_2319,-4.016705841303593e+16,0.0
MD_SDSS_l2_1001,-4.017130397802814e+16,0.0
MD_SDSS_l2_940,-4.019065359997799e+16,0.0
MD_SDSS_l2_573,-4.04199284617167e+16,0.0
MD_SDSS_l2_2198,-4.054924681650528e+16,0.0
MD_SDSS_l2_551,-4.065489112836314e+16,0.0
MD_SDSS_l2_29,-4.078957497107492e+16,0.0
MD_SDSS_l2_4981,-4.085410412671841e+16,0.0
MD_SDSS_l2_694,-4.092852007499239e+16,0.0
MD_SDSS_l2_1102,-4.098391459951761e+16,0.0
MD_SDSS_l2_4031,-4.0998475244334584e+16,0.0
MD_SDSS_l2_575,-4.112383192892945e+16,0.0
MD_SDSS_l2_3794,-4.112389041856132e+16,0.0
MD_SDSS_l2_2541,-4.1132676279384376e+16,0.0
MD_SDSS_l2_1208,-4.123525111226919e+16,0.0
MD_SDSS_l2_1559,-4.128064954092749e+16,0.0
MD_SDSS_l2_4791,-4.146685025979197e+16,0.0
MD_SDSS_l2_545,-4.152021314675319e+16,0.0
MD_SDSS_l2_2663,-4.162423750876891e+16,0.0
MD_SDSS_l2_1588,-4.167843089422334e+16,0.0
MD_SDSS_l2_1310,-4.1763294166213416e+16,0.0
MD_SDSS_l2_2798,-4.178539177789825e+16,0.0
MD_SDSS_l2_748,-4.195522459320928e+16,0.0
MD_SDSS_l2_667,-4.1985113507405496e+16,0.0
MD_SDSS_l2_4941,-4.211394803477002e+16,0.0
MD_SDSS_l2_672,-4.21487030211218e+16,0.0
MD_SDSS_l2_1836,-4.218148893278087e+16,0.0
MD_SDSS_l2_1892,-4.2236175443812824e+16,0.0
MD_SDSS_l2_912,-4.240185184675953e+16,0.0
MD_SDSS_l2_2788,-4.242137751198806e+16,0.0
MD_SDSS_l2_2942,-4.247150372475398e+16,0.0
MD_SDSS_l2_260,-4.2717007805453176e+16,0.0
MD_SDSS_l2_4667,-4.275784300225346e+16,0.0
MD_SDSS_l2_1025,-4.284387748251666e+16,0.0
MD_SDSS_l2_3217,-4.29651823072822e+16,0.0
MD_SDSS_l2_3507,-4.3012492340728184e+16,0.0
MD_SDSS_l2_669,-4.30215137571821e+16,0.0
MD_SDSS_l2_2302,-4.313653508675185e+16,0.0
MD_SDSS_l2_2960,-4.3355655479118984e+16,0.0
MD_SDSS_l2_2315,-4.36487979566869e+16,0.0
MD_SDSS_l2_1791,-4.366078131681957e+16,0.0
MD_SDSS_l2_448,-4.369869059451336e+16,0.0
MD_SDSS_l2_1411,-4.371365847176605e+16,0.0
MD_SDSS_l2_4220,-4.3831249379143816e+16,0.0
MD_SDSS_l2_4682,-4.387851100657405e+16,0.0
MD_SDSS_l2_3367,-4.392183592951477e+16,0.0
MD_SDSS_l2_1484,-4.404900905648012e+16,0.0
MD_SDSS_l2_33,-4.418247448225645e+16,0.0
MD_SDSS_l2_458,-4.430787947801873e+16,0.0
MD_SDSS_l2_4051,-4.445907714084219e+16,0.0
MD_SDSS_l2_4565,-4.4472599834690696e+16,0.0
MD_SDSS_l2_362,-4.451483208315934e+16,0.0
MD_SDSS_l2_601,-4.465044575474369e+16,0.0
MD_SDSS_l2_2205,-4.467547367148065e+16,0.0
MD_SDSS_l2_4802,-4.47023792447756e+16,0.0
MD_SDSS_l2_3292,-4.492917682199464e+16,0.0
MD_SDSS_l2_136,-4.5016518641308696e+16,0.0
MD_SDSS_l2_786,-4.5247192861981864e+16,0.0
MD_SDSS_l2_4564,-4.549319013361649e+16,0.0
MD_SDSS_l2_2076,-4.554797928011041e+16,0.0
MD_SDSS_l2_1486,-4.558378156005273e+16,0.0
MD_SDSS_l2_3751,-4.5613402400952424e+16,0.0
MD_SDSS_l2_324,-4.56523829583106e+16,0.0
MD_SDSS_l2_1043,-4.576533629373529e+16,0.0
MD_SDSS_l2_3652,-4.5779158713298264e+16,0.0
MD_SDSS_l2_2775,-4.5816024646965304e+16,0.0
MD_SDSS_l2_2558,-4.588645266498404e+16,0.0
MD_SDSS_l2_101,-4.59080591086439e+16,0.0
MD_SDSS_l2_1356,-4.596666749398391e+16,0.0
MD_SDSS_l2_849,-4.604045891998317e+16,0.0
MD_SDSS_l2_4361,-4.618105352803934e+16,0.0
MD_SDSS_l2_3032,-4.637863518385284e+16,0.0
MD_SDSS_l2_4943,-4.638957529233646e+16,0.0
MD_SDSS_l2_954,-4.6402840114868664e+16,0.0
MD_SDSS_l2_1224,-4.645229534250842e+16,0.0
MD_SDSS_l2_770,-4.653924294093527e+16,0.0
MD_SDSS_l2_276,-4.695501145209149e+16,0.0
MD_SDSS_l2_918,-4.713752123217017e+16,0.0
MD_SDSS_l2_3896,-4.726540156279634e+16,0.0
MD_SDSS_l2_1953,-4.727084687615446e+16,0.0
MD_SDSS_l2_1666,-4.734850979166945e+16,0.0
MD_SDSS_l2_916,-4.739222840901667e+16,0.0
MD_SDSS_l2_2172,-4.739624743023782e+16,0.0
MD_SDSS_l2_1864,-4.7465853961581576e+16,0.0
MD_SDSS_l2_18,-4.759123714407838e+16,0.0
MD_SDSS_l2_3363,-4.766515506804178e+16,0.0
MD_SDSS_l2_1709,-4.773567783233729e+16,0.0
MD_SDSS_l2_2016,-4.776601649818486e+16,0.0
MD_SDSS_l2_834,-4.77859692410218e+16,0.0
MD_SDSS_l2_2655,-4.814183180248567e+16,0.0
MD_SDSS_l2_3,-4.820996589690662e+16,0.0
MD_SDSS_l2_4529,-4.823535374182642e+16,0.0
MD_SDSS_l2_1720,-4.825025407988359e+16,0.0
MD_SDSS_l2_4988,-4.827784458554507e+16,0.0
MD_SDSS_l2_2466,-4.828653299731838e+16,0.0
MD_SDSS_l2_2742,-4.8295488087762344e+16,0.0
MD_SDSS_l2_3146,-4.835553572468362e+16,0.0
MD_SDSS_l2_1454,-4.841024013501742e+16,0.0
MD_SDSS_l2_3072,-4.841854133984818e+16,0.0
MD_SDSS_l2_3322,-4.857345178764474e+16,0.0
MD_SDSS_l2_4910,-4.8640372725212344e+16,0.0
MD_SDSS_l2_2560,-4.878361898310426e+16,0.0
MD_SDSS_l2_2270,-4.884520544851569e+16,0.0
MD_SDSS_l2_4034,-4.898046395789842e+16,0.0
MD_SDSS_l2_1778,-4.898513774612039e+16,0.0
MD_SDSS_l2_4382,-4.904644798537063e+16,0.0
MD_SDSS_l2_2538,-4.911586284773936e+16,0.0
MD_SDSS_l2_181,-4.9133383582263784e+16,0.0
MD_SDSS_l2_716,-4.94563961757228e+16,0.0
MD_SDSS_l2_3324,-4.956550703803284e+16,0.0
MD_SDSS_l2_4026,-4.959280425150973e+16,0.0
MD_SDSS_l2_797,-4.9839458814587976e+16,0.0
MD_SDSS_l2_1611,-5.002208483624587e+16,0.0
MD_SDSS_l2_2413,-5.00557473804135e+16,0.0
MD_SDSS_l2_202,-5.014540767187871e+16,0.0
MD_SDSS_l2_1029,-5.037969870665263e+16,0.0
MD_SDSS_l2_1367,-5.038546993936002e+16,0.0
MD_SDSS_l2_3090,-5.060019918715139e+16,0.0
MD_SDSS_l2_3258,-5.0821272890455576e+16,0.0
MD_SDSS_l2_4223,-5.086870202353609e+16,0.0
MD_SDSS_l2_2336,-5.0966882747182264e+16,0.0
MD_SDSS_l2_333,-5.097062401306247e+16,0.0
MD_SDSS_l2_3407,-5.1215897334158616e+16,0.0
MD_SDSS_l2_1681,-5.121810721379628e+16,0.0
MD_SDSS_l2_3242,-5.128893965311189e+16,0.0
MD_SDSS_l2_3457,-5.141822374458719e+16,0.0
MD_SDSS_l2_1539,-5.144837775427564e+16,0.0
MD_SDSS_l2_2226,-5.157729889362267e+16,0.0
MD_SDSS_l2_1019,-5.159734645099031e+16,0.0
MD_SDSS_l2_1059,-5.161071045643091e+16,0.0
MD_SDSS_l2_3550,-5.177926919688886e+16,0.0
MD_SDSS_l2_1786,-5.18355619256981e+16,0.0
MD_SDSS_l2_4105,-5.196444739097647e+16,0.0
MD_SDSS_l2_1346,-5.206725706426694e+16,0.0
MD_SDSS_l2_1101,-5.2103916111285176e+16,0.0
MD_SDSS_l2_969,-5.216446039301577e+16,0.0
MD_SDSS_l2_1607,-5.226148890843564e+16,0.0
MD_SDSS_l2_1423,-5.242692255950067e+16,0.0
MD_SDSS_l2_1963,-5.24363505066127e+16,0.0
MD_SDSS_l2_388,-5.2589871004777336e+16,0.0
MD_SDSS_l2_1940,-5.266190980504713e+16,0.0
MD_SDSS_l2_2885,-5.26744485510609e+16,0.0
MD_SDSS_l2_715,-5.284305974884807e+16,0.0
MD_SDSS_l2_1038,-5.297418700573275e+16,0.0
MD_SDSS_l2_3889,-5.297424720722477e+16,0.0
MD_SDSS_l2_164,-5.314625421383802e+16,0.0
MD_SDSS_l2_1928,-5.318289549574583e+16,0.0
MD_SDSS_l2_1281,-5.318300253470915e+16,0.0
MD_SDSS_l2_4856,-5.33142108679058e+16,0.0
MD_SDSS_l2_2478,-5.352423790967784e+16,0.0
MD_SDSS_l2_3697,-5.3545627197200984e+16,0.0
MD_SDSS_l2_1986,-5.37462987376403e+16,0.0
MD_SDSS_l2_3796,-5.3791271082234824e+16,0.0
MD_SDSS_l2_4424,-5.382334655248189e+16,0.0
MD_SDSS_l2_2838,-5.38344396456564e+16,0.0
MD_SDSS_l2_707,-5.432319119978627e+16,0.0
MD_SDSS_l2_2965,-5.444689427958177e+16,0.0
MD_SDSS_l2_769,-5.463701332275594e+16,0.0
MD_SDSS_l2_4504,-5.468720188321235e+16,0.0
MD_SDSS_l2_1978,-5.471392532108897e+16,0.0
MD_SDSS_l2_4608,-5.4821397940710376e+16,0.0
MD_SDSS_l2_664,-5.49624683266427e+16,0.0
MD_SDSS_l2_4088,-5.504455192654009e+16,0.0
MD_SDSS_l2_2959,-5.5136115934663464e+16,0.0
MD_SDSS_l2_2350,-5.514923833823091e+16,0.0
MD_SDSS_l2_4581,-5.52638755654375e+16,0.0
MD_SDSS_l2_1138,-5.5322531782801336e+16,0.0
MD_SDSS_l2_2862,-5.551843246440305e+16,0.0
MD_SDSS_l2_67,-5.557133949455511e+16,0.0
MD_SDSS_l2_2962,-5.558268178648557e+16,0.0
MD_SDSS_l2_4636,-5.558307256355011e+16,0.0
MD_SDSS_l2_673,-5.565813560452014e+16,0.0
MD_SDSS_l2_1146,-5.5783783289607896e+16,0.0
MD_SDSS_l2_4294,-5.578454162229679e+16,0.0
MD_SDSS_l2_3940,-5.588416580610618e+16,0.0
MD_SDSS_l2_4157,-5.592925439657963e+16,0.0
MD_SDSS_l2_2443,-5.594463528420053e+16,0.0
MD_SDSS_l2_417,-5.599304191706052e+16,0.0
MD_SDSS_l2_3445,-5.605933214501225e+16,0.0
MD_SDSS_l2_4857,-5.615106765637202e+16,0.0
MD_SDSS_l2_378,-5.6251553267098616e+16,0.0
MD_SDSS_l2_676,-5.62723566592385e+16,0.0
MD_SDSS_l2_1393,-5.6487706420005496e+16,0.0
MD_SDSS_l2_3109,-5.652167120318453e+16,0.0
MD_SDSS_l2_1717,-5.66146406461098e+16,0.0
MD_SDSS_l2_1334,-5.6616240915570856e+16,0.0
MD_SDSS_l2_2147,-5.662768884735785e+16,0.0
MD_SDSS_l2_1030,-5.695429898096357e+16,0.0
MD_SDSS_l2_1343,-5.7049959196475336e+16,0.0
MD_SDSS_l2_436,-5.7050479812240984e+16,0.0
MD_SDSS_l2_2305,-5.7059994263434296e+16,0.0
MD_SDSS_l2_1112,-5.707792447713238e+16,0.0
MD_SDSS_l2_2532,-5.712255973876828e+16,0.0
MD_SDSS_l2_24,-5.732313598754004e+16,0.0
MD_SDSS_l2_2467,-5.738332048834096e+16,0.0
MD_SDSS_l2_3175,-5.73914264268012e+16,0.0
MD_SDSS_l2_1099,-5.747382149034431e+16,0.0
MD_SDSS_l2_783,-5.764919709231079e+16,0.0
MD_SDSS_l2_2162,-5.793472881872445e+16,0.0
MD_SDSS_l2_2534,-5.803707012528101e+16,0.0
MD_SDSS_l2_1128,-5.80936040022519e+16,0.0
MD_SDSS_l2_3338,-5.822021235607475e+16,0.0
MD_SDSS_l2_45,-5.8340888032602856e+16,0.0
MD_SDSS_l2_3196,-5.850911041620936e+16,0.0
MD_SDSS_l2_3002,-5.8542387073866744e+16,0.0
MD_SDSS_l2_1833,-5.857286285630084e+16,0.0
MD_SDSS_l2_4664,-5.864175797425345e+16,0.0
MD_SDSS_l2_2937,-5.8784335972973e+16,0.0
MD_SDSS_l2_1801,-5.885847592417524e+16,0.0
MD_SDSS_l2_1862,-5.9022237562053224e+16,0.0
MD_SDSS_l2_2842,-5.92220329551441e+16,0.0
MD_SDSS_l2_3509,-5.935078780787624e+16,0.0
MD_SDSS_l2_2337,-5.944326014133091e+16,0.0
MD_SDSS_l2_3824,-5.9829512130557496e+16,0.0
MD_SDSS_l2_3765,-6.001942123244822e+16,0.0
MD_SDSS_l2_668,-6.01812992659399e+16,0.0
MD_SDSS_l2_4676,-6.022349253650225e+16,0.0
MD_SDSS_l2_1071,-6.030257151019366e+16,0.0
MD_SDSS_l2_4803,-6.034779553876549e+16,0.0
MD_SDSS_l2_3344,-6.036388489326346e+16,0.0
MD_SDSS_l2_3185,-6.077614321103907e+16,0.0
MD_SDSS_l2_2137,-6.0895181309619e+16,0.0
MD_SDSS_l2_2044,-6.09823147791119e+16,0.0
MD_SDSS_l2_4456,-6.115965630406569e+16,0.0
MD_SDSS_l2_375,-6.130141265457648e+16,0.0
MD_SDSS_l2_2600,-6.133036982629787e+16,0.0
MD_SDSS_l2_2638,-6.165134266371491e+16,0.0
MD_SDSS_l2_4522,-6.192779620162926e+16,0.0
MD_SDSS_l2_2924,-6.207439466363594e+16,0.0
MD_SDSS_l2_4448,-6.208339742042844e+16,0.0
MD_SDSS_l2_3040,-6.227032024719017e+16,0.0
MD_SDSS_l2_2853,-6.234745916014935e+16,0.0
MD_SDSS_l2_4115,-6.241283046084269e+16,0.0
MD_SDSS_l2_3584,-6.248696871736841e+16,0.0
MD_SDSS_l2_4479,-6.251155943653877e+16,0.0
MD_SDSS_l2_157,-6.269330489597759e+16,0.0
MD_SDSS_l2_350,-6.286942643270024e+16,0.0
MD_SDSS_l2_1130,-6.294063836932517e+16,0.0
MD_SDSS_l2_3221,-6.326267459170983e+16,0.0
MD_SDSS_l2_4779,-6.3284344671135064e+16,0.0
MD_SDSS_l2_57,-6.3396920736334856e+16,0.0
MD_SDSS_l2_1962,-6.341653261156796e+16,0.0
MD_SDSS_l2_1644,-6.348189549489018e+16,0.0
MD_SDSS_l2_180,-6.352753172617712e+16,0.0
MD_SDSS_l2_3753,-6.361074673035315e+16,0.0
MD_SDSS_l2_1704,-6.367484830909803e+16,0.0
MD_SDSS_l2_3562,-6.379640166980532e+16,0.0
MD_SDSS_l2_1353,-6.381684110532549e+16,0.0
MD_SDSS_l2_644,-6.386838821421787e+16,0.0
MD_SDSS_l2_2265,-6.3971335091157784e+16,0.0
MD_SDSS_l2_1882,-6.406445296230021e+16,0.0
MD_SDSS_l2_2998,-6.416944540881378e+16,0.0
MD_SDSS_l2_4211,-6.424134847915974e+16,0.0
MD_SDSS_l2_766,-6.431905111906764e+16,0.0
MD_SDSS_l2_3814,-6.435716886368135e+16,0.0
MD_SDSS_l2_2111,-6.440138349321515e+16,0.0
MD_SDSS_l2_3894,-6.441371497267153e+16,0.0
MD_SDSS_l2_1695,-6.456117497731121e+16,0.0
MD_SDSS_l2_631,-6.456816373644758e+16,0.0
MD_SDSS_l2_4845,-6.492075060120314e+16,0.0
MD_SDSS_l2_1120,-6.495155192279919e+16,0.0
MD_SDSS_l2_3404,-6.495311045357449e+16,0.0
MD_SDSS_l2_1311,-6.53330589824191e+16,0.0
MD_SDSS_l2_619,-6.567464596068315e+16,0.0
MD_SDSS_l2_584,-6.5722633723900184e+16,0.0
MD_SDSS_l2_2495,-6.582247907642088e+16,0.0
MD_SDSS_l2_3827,-6.591452081405484e+16,0.0
MD_SDSS_l2_4875,-6.594815160234118e+16,0.0
MD_SDSS_l2_2439,-6.598986662395651e+16,0.0
MD_SDSS_l2_3340,-6.599359367763186e+16,0.0
MD_SDSS_l2_2618,-6.613156706545056e+16,0.0
MD_SDSS_l2_1781,-6.641251397127256e+16,0.0
MD_SDSS_l2_1549,-6.643650790553932e+16,0.0
MD_SDSS_l2_353,-6.658433474959113e+16,0.0
MD_SDSS_l2_921,-6.664386669126819e+16,0.0
MD_SDSS_l2_4315,-6.682262616297219e+16,0.0
MD_SDSS_l2_3332,-6.694089994573182e+16,0.0
MD_SDSS_l2_1614,-6.710567119191112e+16,0.0
MD_SDSS_l2_3370,-6.727820018326041e+16,0.0
MD_SDSS_l2_837,-6.737042780645038e+16,0.0
MD_SDSS_l2_4299,-6.779370008336389e+16,0.0
MD_SDSS_l2_2229,-6.7847818668267016e+16,0.0
MD_SDSS_l2_4611,-6.790232608300737e+16,0.0
MD_SDSS_l2_2391,-6.819427424042131e+16,0.0
MD_SDSS_l2_4307,-6.8221565774036056e+16,0.0
MD_SDSS_l2_293,-6.8265504874557224e+16,0.0
MD_SDSS_l2_2908,-6.830343929508347e+16,0.0
MD_SDSS_l2_710,-6.842382326012275e+16,0.0
MD_SDSS_l2_4477,-6.844589073268736e+16,0.0
MD_SDSS_l2_1599,-6.87766819945658e+16,0.0
MD_SDSS_l2_4510,-6.883140183597473e+16,0.0
MD_SDSS_l2_2497,-6.883238408648678e+16,0.0
MD_SDSS_l2_2281,-6.896668143735639e+16,0.0
MD_SDSS_l2_3346,-6.9218391720108776e+16,0.0
MD_SDSS_l2_1369,-6.9224878821356344e+16,0.0
MD_SDSS_l2_2611,-6.936060614499071e+16,0.0
MD_SDSS_l2_4590,-6.938035860282346e+16,0.0
MD_SDSS_l2_3999,-6.978290220551082e+16,0.0
MD_SDSS_l2_3941,-6.996976250361724e+16,0.0
MD_SDSS_l2_1556,-7.005466123888158e+16,0.0
MD_SDSS_l2_4629,-7.005998707666001e+16,0.0
MD_SDSS_l2_30,-7.016452345004034e+16,0.0
MD_SDSS_l2_824,-7.01946773549044e+16,0.0
MD_SDSS_l2_4232,-7.0210262677925736e+16,0.0
MD_SDSS_l2_3851,-7.037735627735182e+16,0.0
MD_SDSS_l2_4049,-7.051595281444697e+16,0.0
MD_SDSS_l2_2311,-7.053029778250613e+16,0.0
MD_SDSS_l2_4147,-7.06992004600366e+16,0.0
MD_SDSS_l2_2125,-7.0741477850605784e+16,0.0
MD_SDSS_l2_547,-7.09111756518379e+16,0.0
MD_SDSS_l2_437,-7.092215144630636e+16,0.0
MD_SDSS_l2_75,-7.102755444718873e+16,0.0
MD_SDSS_l2_266,-7.1583954594124584e+16,0.0
MD_SDSS_l2_1067,-7.164792529677597e+16,0.0
MD_SDSS_l2_2934,-7.166341512290685e+16,0.0
MD_SDSS_l2_3564,-7.179655129171579e+16,0.0
MD_SDSS_l2_1320,-7.195663488896174e+16,0.0
MD_SDSS_l2_2544,-7.2053255862326056e+16,0.0
MD_SDSS_l2_703,-7.213852912829107e+16,0.0
MD_SDSS_l2_3757,-7.220503666942818e+16,0.0
MD_SDSS_l2_2991,-7.224999658982792e+16,0.0
MD_SDSS_l2_4924,-7.228159719180718e+16,0.0
MD_SDSS_l2_4995,-7.229148747497606e+16,0.0
MD_SDSS_l2_74,-7.239172189343378e+16,0.0
MD_SDSS_l2_704,-7.24264639621355e+16,0.0
MD_SDSS_l2_2999,-7.244929757542315e+16,0.0
MD_SDSS_l2_457,-7.24912615374864e+16,0.0
MD_SDSS_l2_1959,-7.257858015094331e+16,0.0
MD_SDSS_l2_1601,-7.259107875736733e+16,0.0
MD_SDSS_l2_3560,-7.26055131484822e+16,0.0
MD_SDSS_l2_624,-7.261499791187603e+16,0.0
MD_SDSS_l2_3586,-7.282006866507496e+16,0.0
MD_SDSS_l2_808,-7.294695070376749e+16,0.0
MD_SDSS_l2_2196,-7.301021860101126e+16,0.0
MD_SDSS_l2_2408,-7.3275986589629e+16,0.0
MD_SDSS_l2_387,-7.328322512685941e+16,0.0
MD_SDSS_l2_154,-7.338553784072779e+16,0.0
MD_SDSS_l2_3201,-7.352897253137971e+16,0.0
MD_SDSS_l2_4698,-7.390946765096854e+16,0.0
MD_SDSS_l2_655,-7.412524158550368e+16,0.0
MD_SDSS_l2_204,-7.420086750749869e+16,0.0
MD_SDSS_l2_4911,-7.422094717275763e+16,0.0
MD_SDSS_l2_1889,-7.444166641295848e+16,0.0
MD_SDSS_l2_4252,-7.454278791512792e+16,0.0
MD_SDSS_l2_158,-7.458268224117522e+16,0.0
MD_SDSS_l2_2672,-7.460110130617478e+16,0.0
MD_SDSS_l2_4192,-7.466755261418734e+16,0.0
MD_SDSS_l2_681,-7.467917307923642e+16,0.0
MD_SDSS_l2_2152,-7.47234504030919e+16,0.0
MD_SDSS_l2_3031,-7.477326917181128e+16,0.0
MD_SDSS_l2_3276,-7.484289462918091e+16,0.0
MD_SDSS_l2_4706,-7.48546831561396e+16,0.0
MD_SDSS_l2_3549,-7.491772954190059e+16,0.0
MD_SDSS_l2_3861,-7.49291764470713e+16,0.0
MD_SDSS_l2_3218,-7.500018135616086e+16,0.0
MD_SDSS_l2_241,-7.510622572985626e+16,0.0
MD_SDSS_l2_1127,-7.516677238028883e+16,0.0
MD_SDSS_l2_1693,-7.517000996155082e+16,0.0
MD_SDSS_l2_2587,-7.517827442737331e+16,0.0
MD_SDSS_l2_652,-7.530305202889584e+16,0.0
MD_SDSS_l2_712,-7.53048605359752e+16,0.0
MD_SDSS_l2_3438,-7.531276047890494e+16,0.0
MD_SDSS_l2_4216,-7.531557182094654e+16,0.0
MD_SDSS_l2_1016,-7.542020870366862e+16,0.0
MD_SDSS_l2_2800,-7.555797125569088e+16,0.0
MD_SDSS_l2_3978,-7.56774394140792e+16,0.0
MD_SDSS_l2_2181,-7.603432941466826e+16,0.0
MD_SDSS_l2_307,-7.605225839131534e+16,0.0
MD_SDSS_l2_4686,-7.612746741857734e+16,0.0
MD_SDSS_l2_426,-7.613344554168566e+16,0.0
MD_SDSS_l2_3107,-7.613868330803576e+16,0.0
MD_SDSS_l2_2874,-7.613937905901555e+16,0.0
MD_SDSS_l2_648,-7.61795568787758e+16,0.0
MD_SDSS_l2_1557,-7.629662534937622e+16,0.0
MD_SDSS_l2_4597,-7.632028626473096e+16,0.0
MD_SDSS_l2_2479,-7.634698050157066e+16,0.0
MD_SDSS_l2_111,-7.644757826077677e+16,0.0
MD_SDSS_l2_3286,-7.663461858221904e+16,0.0
MD_SDSS_l2_516,-7.674756318777869e+16,0.0
MD_SDSS_l2_2892,-7.72658212808819e+16,0.0
MD_SDSS_l2_1039,-7.726739469175442e+16,0.0
MD_SDSS_l2_2325,-7.727502891656166e+16,0.0
MD_SDSS_l2_660,-7.74549015888134e+16,0.0
MD_SDSS_l2_928,-7.75003157377441e+16,0.0
MD_SDSS_l2_2194,-7.774402453382894e+16,0.0
MD_SDSS_l2_1640,-7.781807625670176e+16,0.0
MD_SDSS_l2_4377,-7.78216124674126e+16,0.0
MD_SDSS_l2_489,-7.78244415059128e+16,0.0
MD_SDSS_l2_394,-7.787249995940702e+16,0.0
MD_SDSS_l2_2921,-7.791125085415216e+16,0.0
MD_SDSS_l2_4159,-7.801215747304269e+16,0.0
MD_SDSS_l2_2062,-7.838979851044917e+16,0.0
MD_SDSS_l2_3162,-7.87297453135577e+16,0.0
MD_SDSS_l2_1575,-7.873627828942267e+16,0.0
MD_SDSS_l2_1838,-7.873689374736555e+16,0.0
MD_SDSS_l2_1526,-7.873823216965869e+16,0.0
MD_SDSS_l2_2326,-7.876867395383288e+16,0.0
MD_SDSS_l2_4325,-7.896110044686675e+16,0.0
MD_SDSS_l2_4531,-7.910990053460952e+16,0.0
MD_SDSS_l2_1818,-7.911372509960792e+16,0.0
MD_SDSS_l2_201,-7.921454847782326e+16,0.0
MD_SDSS_l2_4063,-7.92578329633282e+16,0.0
MD_SDSS_l2_1328,-7.937239502989997e+16,0.0
MD_SDSS_l2_3604,-7.940732875680709e+16,0.0
MD_SDSS_l2_1716,-7.950212815404064e+16,0.0
MD_SDSS_l2_3365,-7.9525559394052e+16,0.0
MD_SDSS_l2_2331,-7.958458981342875e+16,0.0
MD_SDSS_l2_1222,-7.967671174003002e+16,0.0
MD_SDSS_l2_784,-7.975815555378758e+16,0.0
MD_SDSS_l2_2028,-7.976250137983352e+16,0.0
MD_SDSS_l2_4050,-7.977911784662944e+16,0.0
MD_SDSS_l2_1203,-7.98375653696441e+16,0.0
MD_SDSS_l2_2957,-8.02758496681248e+16,0.0
MD_SDSS_l2_4949,-8.059155898676608e+16,0.0
MD_SDSS_l2_263,-8.066553310051542e+16,0.0
MD_SDSS_l2_501,-8.06984114823604e+16,0.0
MD_SDSS_l2_313,-8.090936211070803e+16,0.0
MD_SDSS_l2_1351,-8.094596786992635e+16,0.0
MD_SDSS_l2_46,-8.100393829901398e+16,0.0
MD_SDSS_l2_1673,-8.1338108199771e+16,0.0
MD_SDSS_l2_1510,-8.158579989009778e+16,0.0
MD_SDSS_l2_1283,-8.17234701090472e+16,0.0
MD_SDSS_l2_637,-8.24799876420498e+16,0.0
MD_SDSS_l2_4277,-8.271127514002922e+16,0.0
MD_SDSS_l2_2651,-8.2810887756829e+16,0.0
MD_SDSS_l2_4993,-8.288703786140318e+16,0.0
MD_SDSS_l2_4704,-8.306143134613357e+16,0.0
MD_SDSS_l2_78,-8.314369686778218e+16,0.0
MD_SDSS_l2_13,-8.314499865285658e+16,0.0
MD_SDSS_l2_3710,-8.320722448008669e+16,0.0
MD_SDSS_l2_2818,-8.337100687291538e+16,0.0
MD_SDSS_l2_61,-8.351213538058747e+16,0.0
MD_SDSS_l2_3357,-8.357836996811538e+16,0.0
MD_SDSS_l2_2835,-8.37831600773163e+16,0.0
MD_SDSS_l2_3132,-8.382795949252261e+16,0.0
MD_SDSS_l2_4078,-8.383731088343008e+16,0.0
MD_SDSS_l2_3860,-8.386115636767307e+16,0.0
MD_SDSS_l2_2166,-8.386514591611616e+16,0.0
MD_SDSS_l2_867,-8.42544194128745e+16,0.0
MD_SDSS_l2_4749,-8.42632857304254e+16,0.0
MD_SDSS_l2_4730,-8.435875934192758e+16,0.0
MD_SDSS_l2_4163,-8.485383221507371e+16,0.0
MD_SDSS_l2_4171,-8.487633276980571e+16,0.0
MD_SDSS_l2_2837,-8.493584781494536e+16,0.0
MD_SDSS_l2_1375,-8.50617364829105e+16,0.0
MD_SDSS_l2_1072,-8.523084617455946e+16,0.0
MD_SDSS_l2_352,-8.523455445960622e+16,0.0
MD_SDSS_l2_2171,-8.542573159637309e+16,0.0
MD_SDSS_l2_4030,-8.557925566070661e+16,0.0
MD_SDSS_l2_1455,-8.559131084548166e+16,0.0
MD_SDSS_l2_3473,-8.572776054353888e+16,0.0
MD_SDSS_l2_2961,-8.59564265137666e+16,0.0
MD_SDSS_l2_4637,-8.60715635706072e+16,0.0
MD_SDSS_l2_1148,-8.699994685286014e+16,0.0
MD_SDSS_l2_2823,-8.729195359688522e+16,0.0
MD_SDSS_l2_395,-8.736193468919965e+16,0.0
MD_SDSS_l2_2131,-8.744643621552989e+16,0.0
MD_SDSS_l2_678,-8.811758129947454e+16,0.0
MD_SDSS_l2_2130,-8.813445584602565e+16,0.0
MD_SDSS_l2_913,-8.838715092088952e+16,0.0
MD_SDSS_l2_152,-8.839026928165333e+16,0.0
MD_SDSS_l2_3873,-8.876951814615837e+16,0.0
MD_SDSS_l2_4969,-8.904076306232486e+16,0.0
MD_SDSS_l2_997,-8.90893822033776e+16,0.0
MD_SDSS_l2_4543,-8.916949098613235e+16,0.0
MD_SDSS_l2_2374,-8.92426727099729e+16,0.0
MD_SDSS_l2_4227,-8.939800130995317e+16,0.0
MD_SDSS_l2_4534,-8.943637859736075e+16,0.0
MD_SDSS_l2_2810,-8.962941565954747e+16,0.0
MD_SDSS_l2_2002,-8.96342479178194e+16,0.0
MD_SDSS_l2_559,-8.967698591799029e+16,0.0
MD_SDSS_l2_2494,-8.980359980091429e+16,0.0
MD_SDSS_l2_1118,-8.9952111872629e+16,0.0
MD_SDSS_l2_2340,-8.999398737542837e+16,0.0
MD_SDSS_l2_2492,-9.007645142791394e+16,0.0
MD_SDSS_l2_1938,-9.033529283660472e+16,0.0
MD_SDSS_l2_114,-9.034345703544552e+16,0.0
MD_SDSS_l2_3591,-9.036065343841578e+16,0.0
MD_SDSS_l2_3007,-9.04519493649553e+16,0.0
MD_SDSS_l2_807,-9.060676422462307e+16,0.0
MD_SDSS_l2_3254,-9.08028499017397e+16,0.0
MD_SDSS_l2_4461,-9.081451677040077e+16,0.0
MD_SDSS_l2_4155,-9.082015971273866e+16,0.0
MD_SDSS_l2_851,-9.099172385487675e+16,0.0
MD_SDSS_l2_1757,-9.111365023696954e+16,0.0
MD_SDSS_l2_1033,-9.135907956933541e+16,0.0
MD_SDSS_l2_2498,-9.162662654767856e+16,0.0
MD_SDSS_l2_3173,-9.166601530716294e+16,0.0
MD_SDSS_l2_2665,-9.22422502017033e+16,0.0
MD_SDSS_l2_354,-9.225557329672992e+16,0.0
MD_SDSS_l2_752,-9.227042365294406e+16,0.0
MD_SDSS_l2_4089,-9.229107406043568e+16,0.0
MD_SDSS_l2_868,-9.276122179015706e+16,0.0
MD_SDSS_l2_1048,-9.317037601314331e+16,0.0
MD_SDSS_l2_1204,-9.334685316268656e+16,0.0
MD_SDSS_l2_4381,-9.34010501676757e+16,0.0
MD_SDSS_l2_4953,-9.388413895048774e+16,0.0
MD_SDSS_l2_680,-9.428020055209869e+16,0.0
MD_SDSS_l2_459,-9.447521439163424e+16,0.0
MD_SDSS_l2_4605,-9.4868264951315e+16,0.0
MD_SDSS_l2_2996,-9.492806761792955e+16,0.0
MD_SDSS_l2_3556,-9.518703691311154e+16,0.0
MD_SDSS_l2_1089,-9.52268914177418e+16,0.0
MD_SDSS_l2_76,-9.532609737805147e+16,0.0
MD_SDSS_l2_4937,-9.534704658050546e+16,0.0
MD_SDSS_l2_1301,-9.565476150880486e+16,0.0
MD_SDSS_l2_12,-9.577507938192658e+16,0.0
MD_SDSS_l2_396,-9.582616283489542e+16,0.0
MD_SDSS_l2_977,-9.59957454751277e+16,0.0
MD_SDSS_l2_2550,-9.618707913563744e+16,0.0
MD_SDSS_l2_3874,-9.619822895355509e+16,0.0
MD_SDSS_l2_87,-9.62630043063977e+16,0.0
MD_SDSS_l2_3289,-9.641991437177387e+16,0.0
MD_SDSS_l2_2700,-9.642150814419808e+16,0.0
MD_SDSS_l2_233,-9.646176190067286e+16,0.0
MD_SDSS_l2_2880,-9.661355170138037e+16,0.0
MD_SDSS_l2_2744,-9.664866571239998e+16,0.0
MD_SDSS_l2_213,-9.66654925841687e+16,0.0
MD_SDSS_l2_494,-9.676571598511002e+16,0.0
MD_SDSS_l2_2288,-9.69704299321992e+16,0.0
MD_SDSS_l2_1815,-9.701128565262926e+16,0.0
MD_SDSS_l2_4326,-9.722397942251934e+16,0.0
MD_SDSS_l2_3581,-9.751241174340571e+16,0.0
MD_SDSS_l2_2452,-9.753390231726394e+16,0.0
MD_SDSS_l2_178,-9.771034031488352e+16,0.0
MD_SDSS_l2_2353,-9.792265174565797e+16,0.0
MD_SDSS_l2_3410,-9.801214325236293e+16,0.0
MD_SDSS_l2_809,-9.81121455259191e+16,0.0
MD_SDSS_l2_4204,-9.82932454680711e+16,0.0
MD_SDSS_l2_845,-9.832930936813714e+16,0.0
MD_SDSS_l2_77,-9.833293593387384e+16,0.0
MD_SDSS_l2_1537,-9.87132774367562e+16,0.0
MD_SDSS_l2_877,-9.879033471642714e+16,0.0
MD_SDSS_l2_4553,-9.880938399549834e+16,0.0
MD_SDSS_l2_3235,-9.891826873983485e+16,0.0
MD_SDSS_l2_4194,-9.91296646750436e+16,0.0
MD_SDSS_l2_2330,-9.919426865852394e+16,0.0
MD_SDSS_l2_3649,-9.938838405336645e+16,0.0
MD_SDSS_l2_2735,-9.965332640120506e+16,0.0
MD_SDSS_l2_3645,-9.971422775329726e+16,0.0
MD_SDSS_l2_4221,-1.0042579414326086e+17,0.0
MD_SDSS_l2_449,-1.0043752269880771e+17,0.0
MD_SDSS_l2_3715,-1.0053264212798851e+17,0.0
MD_SDSS_l2_4454,-1.0069437545177358e+17,0.0
MD_SDSS_l2_390,-1.008433680795856e+17,0.0
MD_SDSS_l2_4250,-1.0091856208919538e+17,0.0
MD_SDSS_l2_2274,-1.0164723431682222e+17,0.0
MD_SDSS_l2_2187,-1.0166703744801371e+17,0.0
MD_SDSS_l2_1168,-1.0172393007480246e+17,0.0
MD_SDSS_l2_2250,-1.0175548588360138e+17,0.0
MD_SDSS_l2_1412,-1.0193999810962318e+17,0.0
MD_SDSS_l2_4274,-1.0222281832027477e+17,0.0
MD_SDSS_l2_2448,-1.0230724070132986e+17,0.0
MD_SDSS_l2_4012,-1.0244329135351904e+17,0.0
MD_SDSS_l2_1637,-1.0252304150011237e+17,0.0
MD_SDSS_l2_1669,-1.0291139354677656e+17,0.0
MD_SDSS_l2_2260,-1.0312785151154845e+17,0.0
MD_SDSS_l2_3259,-1.0315059093676109e+17,0.0
MD_SDSS_l2_1777,-1.0340708359151232e+17,0.0
MD_SDSS_l2_931,-1.0341975600352491e+17,0.0
MD_SDSS_l2_1380,-1.034286783806015e+17,0.0
MD_SDSS_l2_638,-1.0369691024009834e+17,0.0
MD_SDSS_l2_1884,-1.0371149641940456e+17,0.0
MD_SDSS_l2_4419,-1.0406205644868885e+17,0.0
MD_SDSS_l2_2791,-1.0423636784125731e+17,0.0
MD_SDSS_l2_1417,-1.0431422320827789e+17,0.0
MD_SDSS_l2_3195,-1.0451445614151406e+17,0.0
MD_SDSS_l2_3263,-1.0473920236858829e+17,0.0
MD_SDSS_l2_4029,-1.0505216134727899e+17,0.0
MD_SDSS_l2_4438,-1.0505708404026565e+17,0.0
MD_SDSS_l2_510,-1.0516750702256581e+17,0.0
MD_SDSS_l2_4521,-1.0524097509451138e+17,0.0
MD_SDSS_l2_8,-1.0535377417237752e+17,0.0
MD_SDSS_l2_3911,-1.0545085081127251e+17,0.0
MD_SDSS_l2_4000,-1.0567818105660354e+17,0.0
MD_SDSS_l2_4102,-1.0568526667219027e+17,0.0
MD_SDSS_l2_121,-1.0588372436253374e+17,0.0
MD_SDSS_l2_497,-1.0652911461618485e+17,0.0
MD_SDSS_l2_284,-1.0694751997763504e+17,0.0
MD_SDSS_l2_1199,-1.0753529544433082e+17,0.0
MD_SDSS_l2_4866,-1.0760721874274346e+17,0.0
MD_SDSS_l2_1267,-1.0795473555534006e+17,0.0
MD_SDSS_l2_1097,-1.0813284223855866e+17,0.0
MD_SDSS_l2_3213,-1.08139584196458e+17,0.0
MD_SDSS_l2_3128,-1.0831195324115382e+17,0.0
MD_SDSS_l2_2553,-1.0846199905430112e+17,0.0
MD_SDSS_l2_1620,-1.0869021477400658e+17,0.0
MD_SDSS_l2_800,-1.0870332080448766e+17,0.0
MD_SDSS_l2_3486,-1.0890518181095627e+17,0.0
MD_SDSS_l2_3559,-1.0891126826489792e+17,0.0
MD_SDSS_l2_3364,-1.0908771987212029e+17,0.0
MD_SDSS_l2_596,-1.0916176973810874e+17,0.0
MD_SDSS_l2_2877,-1.094042829347441e+17,0.0
MD_SDSS_l2_1688,-1.094541946684994e+17,0.0
MD_SDSS_l2_2704,-1.0948896150038347e+17,0.0
MD_SDSS_l2_1806,-1.0963187957840763e+17,0.0
MD_SDSS_l2_2683,-1.0971016354874806e+17,0.0
MD_SDSS_l2_258,-1.0994385760615088e+17,0.0
MD_SDSS_l2_1365,-1.1004380855168674e+17,0.0
MD_SDSS_l2_4408,-1.1014466240811758e+17,0.0
MD_SDSS_l2_4212,-1.1033821482639442e+17,0.0
MD_SDSS_l2_4922,-1.1035955017285211e+17,0.0
MD_SDSS_l2_1679,-1.1046161071011662e+17,0.0
MD_SDSS_l2_428,-1.1053121759246075e+17,0.0
MD_SDSS_l2_3135,-1.1073081241987104e+17,0.0
MD_SDSS_l2_4224,-1.1110552731252086e+17,0.0
MD_SDSS_l2_4166,-1.1111379683946234e+17,0.0
MD_SDSS_l2_4894,-1.1113763482584914e+17,0.0
MD_SDSS_l2_4807,-1.112040803853828e+17,0.0
MD_SDSS_l2_1024,-1.1152955376716869e+17,0.0
MD_SDSS_l2_1516,-1.1204489397457806e+17,0.0
MD_SDSS_l2_1303,-1.1208965221008946e+17,0.0
MD_SDSS_l2_2509,-1.1214732054110997e+17,0.0
MD_SDSS_l2_4165,-1.127403014247382e+17,0.0
MD_SDSS_l2_569,-1.1283526291619595e+17,0.0
MD_SDSS_l2_1789,-1.1301787771540402e+17,0.0
MD_SDSS_l2_3378,-1.1302865563946357e+17,0.0
MD_SDSS_l2_1907,-1.1312133771973757e+17,0.0
MD_SDSS_l2_4898,-1.1336190941391093e+17,0.0
MD_SDSS_l2_4724,-1.1374399369039763e+17,0.0
MD_SDSS_l2_4491,-1.1384033896081926e+17,0.0
MD_SDSS_l2_643,-1.140578509656898e+17,0.0
MD_SDSS_l2_4399,-1.1410859789964608e+17,0.0
MD_SDSS_l2_2280,-1.1448430565219976e+17,0.0
MD_SDSS_l2_4490,-1.1458192532937446e+17,0.0
MD_SDSS_l2_3688,-1.1476666930952851e+17,0.0
MD_SDSS_l2_2329,-1.1509528179454696e+17,0.0
MD_SDSS_l2_3571,-1.1549016109571488e+17,0.0
MD_SDSS_l2_4515,-1.1591291452069598e+17,0.0
MD_SDSS_l2_4058,-1.1592154993755e+17,0.0
MD_SDSS_l2_3084,-1.1600963726605176e+17,0.0
MD_SDSS_l2_1626,-1.1609492844473934e+17,0.0
MD_SDSS_l2_1482,-1.1654998029734915e+17,0.0
MD_SDSS_l2_1994,-1.1695278505236442e+17,0.0
MD_SDSS_l2_4813,-1.1757220586762994e+17,0.0
MD_SDSS_l2_3546,-1.176267286157936e+17,0.0
MD_SDSS_l2_555,-1.1763944847079107e+17,0.0
MD_SDSS_l2_3114,-1.1771158891133464e+17,0.0
MD_SDSS_l2_4064,-1.1817582239857555e+17,0.0
MD_SDSS_l2_856,-1.1823265921197075e+17,0.0
MD_SDSS_l2_2481,-1.1845887442239928e+17,0.0
MD_SDSS_l2_4266,-1.1863294982126486e+17,0.0
MD_SDSS_l2_4572,-1.1876987908973205e+17,0.0
MD_SDSS_l2_0,-1.1907043638093138e+17,0.0
MD_SDSS_l2_1920,-1.1917867841713544e+17,0.0
MD_SDSS_l2_3261,-1.1943174370660421e+17,0.0
MD_SDSS_l2_3384,-1.1951485882035413e+17,0.0
MD_SDSS_l2_2661,-1.1966621526452982e+17,0.0
MD_SDSS_l2_2465,-1.1968021844145797e+17,0.0
MD_SDSS_l2_477,-1.1971298457635933e+17,0.0
MD_SDSS_l2_108,-1.1994213277136925e+17,0.0
MD_SDSS_l2_1352,-1.2015324277031093e+17,0.0
MD_SDSS_l2_3662,-1.2018052175840198e+17,0.0
MD_SDSS_l2_2051,-1.2030150109782923e+17,0.0
MD_SDSS_l2_4708,-1.2045260337558539e+17,0.0
MD_SDSS_l2_3236,-1.2078455647979978e+17,0.0
MD_SDSS_l2_4705,-1.2116690349878965e+17,0.0
MD_SDSS_l2_1972,-1.2130940608905605e+17,0.0
MD_SDSS_l2_4929,-1.2148000643451514e+17,0.0
MD_SDSS_l2_2898,-1.2161762404063184e+17,0.0
MD_SDSS_l2_2020,-1.219545890291905e+17,0.0
MD_SDSS_l2_4882,-1.2210454054625286e+17,0.0
MD_SDSS_l2_3200,-1.2231082611147528e+17,0.0
MD_SDSS_l2_1785,-1.2234837824398677e+17,0.0
MD_SDSS_l2_896,-1.2255553932244389e+17,0.0
MD_SDSS_l2_3881,-1.2266716958894458e+17,0.0
MD_SDSS_l2_4435,-1.2294412451041962e+17,0.0
MD_SDSS_l2_1937,-1.2297300699717736e+17,0.0
MD_SDSS_l2_2390,-1.2304762910086674e+17,0.0
MD_SDSS_l2_4441,-1.2330625667556109e+17,0.0
MD_SDSS_l2_3672,-1.2370506135902122e+17,0.0
MD_SDSS_l2_1142,-1.2376134585969533e+17,0.0
MD_SDSS_l2_629,-1.2376701278161277e+17,0.0
MD_SDSS_l2_1848,-1.2399111546583046e+17,0.0
MD_SDSS_l2_320,-1.2441361077241651e+17,0.0
MD_SDSS_l2_2824,-1.2444277314246158e+17,0.0
MD_SDSS_l2_2012,-1.2455539611394976e+17,0.0
MD_SDSS_l2_2512,-1.2464206635658438e+17,0.0
MD_SDSS_l2_3183,-1.2483069294074664e+17,0.0
MD_SDSS_l2_3657,-1.2501944440308254e+17,0.0
MD_SDSS_l2_2693,-1.250721115627104e+17,0.0
MD_SDSS_l2_3055,-1.2551352362763978e+17,0.0
MD_SDSS_l2_3784,-1.2570083869196154e+17,0.0
MD_SDSS_l2_2376,-1.2613711012783022e+17,0.0
MD_SDSS_l2_2980,-1.2650728598272731e+17,0.0
MD_SDSS_l2_2860,-1.2655289402032106e+17,0.0
MD_SDSS_l2_1459,-1.2666466298468907e+17,0.0
MD_SDSS_l2_1663,-1.2677260724692352e+17,0.0
MD_SDSS_l2_4442,-1.2684046119475435e+17,0.0
MD_SDSS_l2_4160,-1.2724561008655293e+17,0.0
MD_SDSS_l2_85,-1.2731174306829162e+17,0.0
MD_SDSS_l2_2030,-1.2732146877544387e+17,0.0
MD_SDSS_l2_3441,-1.2733023431165438e+17,0.0
MD_SDSS_l2_3961,-1.2740813938728846e+17,0.0
MD_SDSS_l2_4546,-1.2746776181218934e+17,0.0
MD_SDSS_l2_2202,-1.274724015568606e+17,0.0
MD_SDSS_l2_1194,-1.2757530700562653e+17,0.0
MD_SDSS_l2_4176,-1.2761644963632938e+17,0.0
MD_SDSS_l2_3984,-1.2779172467819472e+17,0.0
MD_SDSS_l2_3746,-1.278002088905719e+17,0.0
MD_SDSS_l2_4048,-1.2814877842658466e+17,0.0
MD_SDSS_l2_271,-1.2821763334546992e+17,0.0
MD_SDSS_l2_2857,-1.2845190854803931e+17,0.0
MD_SDSS_l2_3681,-1.2845458346671686e+17,0.0
MD_SDSS_l2_506,-1.2852164044807144e+17,0.0
MD_SDSS_l2_3051,-1.2860324061590538e+17,0.0
MD_SDSS_l2_1091,-1.287395429145328e+17,0.0
MD_SDSS_l2_1070,-1.2881666441041462e+17,0.0
MD_SDSS_l2_2491,-1.2892152461383606e+17,0.0
MD_SDSS_l2_2955,-1.2904073456860074e+17,0.0
MD_SDSS_l2_698,-1.290894630871532e+17,0.0
MD_SDSS_l2_3237,-1.2923047031959536e+17,0.0
MD_SDSS_l2_416,-1.2942482898836709e+17,0.0
MD_SDSS_l2_253,-1.2950923375349723e+17,0.0
MD_SDSS_l2_365,-1.295895371138776e+17,0.0
MD_SDSS_l2_4182,-1.2966340148714466e+17,0.0
MD_SDSS_l2_859,-1.3023275994930712e+17,0.0
MD_SDSS_l2_3198,-1.3024814914650317e+17,0.0
MD_SDSS_l2_955,-1.3033547302100939e+17,0.0
MD_SDSS_l2_148,-1.3036693744066517e+17,0.0
MD_SDSS_l2_4215,-1.3042929249100973e+17,0.0
MD_SDSS_l2_1245,-1.304870317446307e+17,0.0
MD_SDSS_l2_778,-1.3057139492430157e+17,0.0
MD_SDSS_l2_2569,-1.3101223251658392e+17,0.0
MD_SDSS_l2_1866,-1.3144296174180189e+17,0.0
MD_SDSS_l2_3035,-1.3145269790439952e+17,0.0
MD_SDSS_l2_1368,-1.3145856479213078e+17,0.0
MD_SDSS_l2_2161,-1.3149329537700064e+17,0.0
MD_SDSS_l2_1642,-1.3190062460321213e+17,0.0
MD_SDSS_l2_2472,-1.3200442687919285e+17,0.0
MD_SDSS_l2_4854,-1.321801196963414e+17,0.0
MD_SDSS_l2_4768,-1.3223986830908525e+17,0.0
MD_SDSS_l2_3531,-1.3236362700525963e+17,0.0
MD_SDSS_l2_3063,-1.3257938450576194e+17,0.0
MD_SDSS_l2_2573,-1.3317966769650395e+17,0.0
MD_SDSS_l2_1948,-1.3370898435365013e+17,0.0
MD_SDSS_l2_3151,-1.3375247616463656e+17,0.0
MD_SDSS_l2_1,-1.338706510094024e+17,0.0
MD_SDSS_l2_598,-1.3403454653024115e+17,0.0
MD_SDSS_l2_3152,-1.3436510842298085e+17,0.0
MD_SDSS_l2_3495,-1.3465858098925994e+17,0.0
MD_SDSS_l2_1758,-1.3498920494783568e+17,0.0
MD_SDSS_l2_2048,-1.3584140205607312e+17,0.0
MD_SDSS_l2_3875,-1.3611821818570486e+17,0.0
MD_SDSS_l2_4821,-1.3612748955052686e+17,0.0
MD_SDSS_l2_3421,-1.361658590943204e+17,0.0
MD_SDSS_l2_894,-1.3633175110368504e+17,0.0
MD_SDSS_l2_3802,-1.3635419832966474e+17,0.0
MD_SDSS_l2_2368,-1.3644691427756142e+17,0.0
MD_SDSS_l2_4205,-1.3649926935077285e+17,0.0
MD_SDSS_l2_3538,-1.3684674646384838e+17,0.0
MD_SDSS_l2_518,-1.3700949597649731e+17,0.0
MD_SDSS_l2_3674,-1.3745617020286894e+17,0.0
MD_SDSS_l2_2369,-1.3753477175248152e+17,0.0
MD_SDSS_l2_43,-1.3759784840828611e+17,0.0
MD_SDSS_l2_3772,-1.379731910474423e+17,0.0
MD_SDSS_l2_3278,-1.379773827531538e+17,0.0
MD_SDSS_l2_4508,-1.3802995074889805e+17,0.0
MD_SDSS_l2_4245,-1.3825774648932467e+17,0.0
MD_SDSS_l2_2869,-1.3849513600198176e+17,0.0
MD_SDSS_l2_3574,-1.3867690436364723e+17,0.0
MD_SDSS_l2_421,-1.3877007168271504e+17,0.0
MD_SDSS_l2_4363,-1.3878483601308317e+17,0.0
MD_SDSS_l2_4672,-1.3916798406213043e+17,0.0
MD_SDSS_l2_4322,-1.3956808615634333e+17,0.0
MD_SDSS_l2_1232,-1.4013767289901035e+17,0.0
MD_SDSS_l2_1743,-1.4037178444520206e+17,0.0
MD_SDSS_l2_3092,-1.40467301897931e+17,0.0
MD_SDSS_l2_245,-1.4062515011667965e+17,0.0
MD_SDSS_l2_1553,-1.4074685651601725e+17,0.0
MD_SDSS_l2_2105,-1.4081142656577122e+17,0.0
MD_SDSS_l2_1593,-1.4089330493057232e+17,0.0
MD_SDSS_l2_1308,-1.4090896144125013e+17,0.0
MD_SDSS_l2_145,-1.4115363818052218e+17,0.0
MD_SDSS_l2_2004,-1.4129833555114778e+17,0.0
MD_SDSS_l2_948,-1.4140593269209072e+17,0.0
MD_SDSS_l2_277,-1.4151962362957552e+17,0.0
MD_SDSS_l2_2363,-1.4152957671068453e+17,0.0
MD_SDSS_l2_3661,-1.4179047145085944e+17,0.0
MD_SDSS_l2_2220,-1.4184045350925498e+17,0.0
MD_SDSS_l2_481,-1.4209768743617106e+17,0.0
MD_SDSS_l2_1533,-1.4255200249077112e+17,0.0
MD_SDSS_l2_4065,-1.43902674742017e+17,0.0
MD_SDSS_l2_3849,-1.439756264555473e+17,0.0
MD_SDSS_l2_183,-1.4417137539780656e+17,0.0
MD_SDSS_l2_4298,-1.4427442358098586e+17,0.0
MD_SDSS_l2_2422,-1.4472565409775354e+17,0.0
MD_SDSS_l2_291,-1.44821044282393e+17,0.0
MD_SDSS_l2_2979,-1.449515503641351e+17,0.0
MD_SDSS_l2_2222,-1.449892924600373e+17,0.0
MD_SDSS_l2_4356,-1.4515152012531635e+17,0.0
MD_SDSS_l2_4865,-1.4515305015739267e+17,0.0
MD_SDSS_l2_4840,-1.4531796299963302e+17,0.0
MD_SDSS_l2_2749,-1.4579885578446515e+17,0.0
MD_SDSS_l2_3123,-1.4588109536160826e+17,0.0
MD_SDSS_l2_540,-1.4611897340608605e+17,0.0
MD_SDSS_l2_1507,-1.462700532614592e+17,0.0
MD_SDSS_l2_3770,-1.4638710576970893e+17,0.0
MD_SDSS_l2_179,-1.465251443868485e+17,0.0
MD_SDSS_l2_3025,-1.465820903353983e+17,0.0
MD_SDSS_l2_3105,-1.4664215096278013e+17,0.0
MD_SDSS_l2_2027,-1.4671410835394314e+17,0.0
MD_SDSS_l2_3927,-1.4686762245727872e+17,0.0
MD_SDSS_l2_3329,-1.4711301545092384e+17,0.0
MD_SDSS_l2_3776,-1.4740849634901706e+17,0.0
MD_SDSS_l2_2073,-1.4743847526653846e+17,0.0
MD_SDSS_l2_1124,-1.4762304294885926e+17,0.0
MD_SDSS_l2_1292,-1.4762393995462086e+17,0.0
MD_SDSS_l2_3314,-1.4774462736777936e+17,0.0
MD_SDSS_l2_2825,-1.4776658391257235e+17,0.0
MD_SDSS_l2_2759,-1.4794302294317392e+17,0.0
MD_SDSS_l2_1807,-1.4832753287427693e+17,0.0
MD_SDSS_l2_1787,-1.48392546833527e+17,0.0
MD_SDSS_l2_4909,-1.4859772149213155e+17,0.0
MD_SDSS_l2_4925,-1.490624393766873e+17,0.0
MD_SDSS_l2_3637,-1.4919544030539453e+17,0.0
MD_SDSS_l2_3917,-1.4936691228080218e+17,0.0
MD_SDSS_l2_4094,-1.495425784586829e+17,0.0
MD_SDSS_l2_1496,-1.4963317776987053e+17,0.0
MD_SDSS_l2_2233,-1.498966354526074e+17,0.0
MD_SDSS_l2_1289,-1.501065688806209e+17,0.0
MD_SDSS_l2_2637,-1.502291916355243e+17,0.0
MD_SDSS_l2_552,-1.502827223405002e+17,0.0
MD_SDSS_l2_40,-1.5029564422185008e+17,0.0
MD_SDSS_l2_4209,-1.505221723870366e+17,0.0
MD_SDSS_l2_446,-1.5066427237931043e+17,0.0
MD_SDSS_l2_3811,-1.507808062616426e+17,0.0
MD_SDSS_l2_677,-1.5163445868475338e+17,0.0
MD_SDSS_l2_3224,-1.5170084587384342e+17,0.0
MD_SDSS_l2_2949,-1.5222251961610253e+17,0.0
MD_SDSS_l2_3680,-1.5249617840334093e+17,0.0
MD_SDSS_l2_776,-1.5309492094597117e+17,0.0
MD_SDSS_l2_4774,-1.5315885863815754e+17,0.0
MD_SDSS_l2_3220,-1.5362673374911635e+17,0.0
MD_SDSS_l2_4823,-1.5367956624704064e+17,0.0
MD_SDSS_l2_451,-1.540309471105791e+17,0.0
MD_SDSS_l2_1893,-1.5404555435318554e+17,0.0
MD_SDSS_l2_3477,-1.5443579215713376e+17,0.0
MD_SDSS_l2_2939,-1.5447225518821037e+17,0.0
MD_SDSS_l2_127,-1.5484232636491494e+17,0.0
MD_SDSS_l2_4455,-1.5494237244379334e+17,0.0
MD_SDSS_l2_1031,-1.5513234125553632e+17,0.0
MD_SDSS_l2_1887,-1.55381060163191e+17,0.0
MD_SDSS_l2_3399,-1.5611384544483898e+17,0.0
MD_SDSS_l2_129,-1.5613502543982093e+17,0.0
MD_SDSS_l2_3835,-1.5634418376029306e+17,0.0
MD_SDSS_l2_4623,-1.5649746052390218e+17,0.0
MD_SDSS_l2_1453,-1.565046902186945e+17,0.0
MD_SDSS_l2_2549,-1.5650989168355424e+17,0.0
MD_SDSS_l2_3740,-1.5655182196830003e+17,0.0
MD_SDSS_l2_1294,-1.56661746920984e+17,0.0
MD_SDSS_l2_1265,-1.5692712301672627e+17,0.0
MD_SDSS_l2_86,-1.569916536127163e+17,0.0
MD_SDSS_l2_2160,-1.5760015630401923e+17,0.0
MD_SDSS_l2_289,-1.5760733480071658e+17,0.0
MD_SDSS_l2_595,-1.5768940657829184e+17,0.0
MD_SDSS_l2_1338,-1.577896861681866e+17,0.0
MD_SDSS_l2_3167,-1.5795157262214614e+17,0.0
MD_SDSS_l2_2699,-1.580413994451435e+17,0.0
MD_SDSS_l2_4360,-1.5852145260345773e+17,0.0
MD_SDSS_l2_3821,-1.585336811006314e+17,0.0
MD_SDSS_l2_3953,-1.5871275847650326e+17,0.0
MD_SDSS_l2_971,-1.587389531023475e+17,0.0
MD_SDSS_l2_714,-1.5904247518270582e+17,0.0
MD_SDSS_l2_4968,-1.5918130515326422e+17,0.0
MD_SDSS_l2_4090,-1.595119871791822e+17,0.0
MD_SDSS_l2_4073,-1.598517342390821e+17,0.0
MD_SDSS_l2_2564,-1.5986488915099235e+17,0.0
MD_SDSS_l2_2530,-1.6015741718392042e+17,0.0
MD_SDSS_l2_2293,-1.6058758045366397e+17,0.0
MD_SDSS_l2_3516,-1.6068136476304218e+17,0.0
MD_SDSS_l2_1312,-1.6089926602226266e+17,0.0
MD_SDSS_l2_1304,-1.6091954012617277e+17,0.0
MD_SDSS_l2_3052,-1.6110507649010925e+17,0.0
MD_SDSS_l2_1808,-1.6124421853935786e+17,0.0
MD_SDSS_l2_507,-1.6172918415044224e+17,0.0
MD_SDSS_l2_4422,-1.6173969318214125e+17,0.0
MD_SDSS_l2_113,-1.6175255052516525e+17,0.0
MD_SDSS_l2_561,-1.6352791956776915e+17,0.0
MD_SDSS_l2_1069,-1.6367099145366557e+17,0.0
MD_SDSS_l2_1314,-1.636742410767751e+17,0.0
MD_SDSS_l2_937,-1.6377932360881808e+17,0.0
MD_SDSS_l2_4723,-1.6398006199490176e+17,0.0
MD_SDSS_l2_3695,-1.641267833872853e+17,0.0
MD_SDSS_l2_3771,-1.6425032568047027e+17,0.0
MD_SDSS_l2_3871,-1.64639857830474e+17,0.0
MD_SDSS_l2_339,-1.6489992748924323e+17,0.0
MD_SDSS_l2_1384,-1.6490104604491702e+17,0.0
MD_SDSS_l2_3601,-1.650821906938008e+17,0.0
MD_SDSS_l2_3333,-1.6530934673786992e+17,0.0
MD_SDSS_l2_1037,-1.654345948620653e+17,0.0
MD_SDSS_l2_3736,-1.6544029435096774e+17,0.0
MD_SDSS_l2_1115,-1.6545520900871024e+17,0.0
MD_SDSS_l2_2761,-1.6548360161490102e+17,0.0
MD_SDSS_l2_840,-1.6556268001772045e+17,0.0
MD_SDSS_l2_182,-1.660647691997939e+17,0.0
MD_SDSS_l2_2545,-1.662891497563708e+17,0.0
MD_SDSS_l2_632,-1.6667334932330538e+17,0.0
MD_SDSS_l2_3837,-1.676035372155541e+17,0.0
MD_SDSS_l2_2555,-1.6838056252268925e+17,0.0
MD_SDSS_l2_3077,-1.6842923601457094e+17,0.0
MD_SDSS_l2_3294,-1.6860988596809558e+17,0.0
MD_SDSS_l2_2633,-1.6864227340074045e+17,0.0
MD_SDSS_l2_419,-1.6864967980775725e+17,0.0
MD_SDSS_l2_1985,-1.687915535788698e+17,0.0
MD_SDSS_l2_3426,-1.6882760332320285e+17,0.0
MD_SDSS_l2_3664,-1.6904658236685437e+17,0.0
MD_SDSS_l2_806,-1.6941701112865555e+17,0.0
MD_SDSS_l2_1652,-1.6974929765080656e+17,0.0
MD_SDSS_l2_1733,-1.698018534390738e+17,0.0
MD_SDSS_l2_4688,-1.7031522361793885e+17,0.0
MD_SDSS_l2_2333,-1.7071419899981293e+17,0.0
MD_SDSS_l2_2721,-1.7083066029868224e+17,0.0
MD_SDSS_l2_1635,-1.712283066514523e+17,0.0
MD_SDSS_l2_4592,-1.713469324318124e+17,0.0
MD_SDSS_l2_3496,-1.714228936711537e+17,0.0
MD_SDSS_l2_2388,-1.715223310389382e+17,0.0
MD_SDSS_l2_597,-1.723101437862747e+17,0.0
MD_SDSS_l2_4237,-1.7231053015756294e+17,0.0
MD_SDSS_l2_330,-1.7231372746834947e+17,0.0
MD_SDSS_l2_1440,-1.7255400777514586e+17,0.0
MD_SDSS_l2_4707,-1.7266770636144832e+17,0.0
MD_SDSS_l2_662,-1.727050548914166e+17,0.0
MD_SDSS_l2_2705,-1.7301765316747296e+17,0.0
MD_SDSS_l2_1386,-1.733432421926424e+17,0.0
MD_SDSS_l2_3219,-1.734495981432833e+17,0.0
MD_SDSS_l2_3233,-1.7367349558408013e+17,0.0
MD_SDSS_l2_2075,-1.738208976878046e+17,0.0
MD_SDSS_l2_2679,-1.7399715759250378e+17,0.0
MD_SDSS_l2_4139,-1.7420313074186128e+17,0.0
MD_SDSS_l2_3068,-1.7426053015444605e+17,0.0
MD_SDSS_l2_4098,-1.7429941197331114e+17,0.0
MD_SDSS_l2_3684,-1.743040657907364e+17,0.0
MD_SDSS_l2_1771,-1.7460849007376304e+17,0.0
MD_SDSS_l2_1360,-1.7562557161134995e+17,0.0
MD_SDSS_l2_2911,-1.75819776487749e+17,0.0
MD_SDSS_l2_64,-1.758871145083246e+17,0.0
MD_SDSS_l2_2760,-1.7628963644037258e+17,0.0
MD_SDSS_l2_3423,-1.765907519728752e+17,0.0
MD_SDSS_l2_4351,-1.7664557312931354e+17,0.0
MD_SDSS_l2_3786,-1.7664797099788525e+17,0.0
MD_SDSS_l2_4472,-1.7672032190749898e+17,0.0
MD_SDSS_l2_2763,-1.767569874469115e+17,0.0
MD_SDSS_l2_1251,-1.7677301380554608e+17,0.0
MD_SDSS_l2_3766,-1.7688523295958614e+17,0.0
MD_SDSS_l2_1965,-1.7698603714677968e+17,0.0
MD_SDSS_l2_3268,-1.777206652357693e+17,0.0
MD_SDSS_l2_2624,-1.7784847496610512e+17,0.0
MD_SDSS_l2_4199,-1.7796944395765645e+17,0.0
MD_SDSS_l2_283,-1.7802927508334134e+17,0.0
MD_SDSS_l2_2292,-1.7830048951585443e+17,0.0
MD_SDSS_l2_1981,-1.7855313235628694e+17,0.0
MD_SDSS_l2_2379,-1.795098977203923e+17,0.0
MD_SDSS_l2_4734,-1.7984347384656944e+17,0.0
MD_SDSS_l2_167,-1.8007114553693046e+17,0.0
MD_SDSS_l2_2100,-1.8039454413295616e+17,0.0
MD_SDSS_l2_546,-1.8057868955330806e+17,0.0
MD_SDSS_l2_4200,-1.8086877046532694e+17,0.0
MD_SDSS_l2_3693,-1.8087330003920266e+17,0.0
MD_SDSS_l2_4798,-1.811948306928872e+17,0.0
MD_SDSS_l2_4498,-1.8128874495113987e+17,0.0
MD_SDSS_l2_1383,-1.8191584958037814e+17,0.0
MD_SDSS_l2_2664,-1.819380864112275e+17,0.0
MD_SDSS_l2_4431,-1.819510389123428e+17,0.0
MD_SDSS_l2_4389,-1.8214506315149072e+17,0.0
MD_SDSS_l2_2888,-1.8214981547107693e+17,0.0
MD_SDSS_l2_4482,-1.8220613251524454e+17,0.0
MD_SDSS_l2_185,-1.822069977932835e+17,0.0
MD_SDSS_l2_2085,-1.8272132509495578e+17,0.0
MD_SDSS_l2_4057,-1.8327143867562618e+17,0.0
MD_SDSS_l2_3973,-1.8368938571339955e+17,0.0
MD_SDSS_l2_3029,-1.8373813947733357e+17,0.0
MD_SDSS_l2_830,-1.8427284529008448e+17,0.0
MD_SDSS_l2_3240,-1.8433149277848768e+17,0.0
MD_SDSS_l2_4589,-1.8437873461855072e+17,0.0
MD_SDSS_l2_2224,-1.8501434291712307e+17,0.0
MD_SDSS_l2_3118,-1.8573258512649066e+17,0.0
MD_SDSS_l2_1825,-1.8575033746366506e+17,0.0
MD_SDSS_l2_2870,-1.858832969543203e+17,0.0
MD_SDSS_l2_3467,-1.862426423880016e+17,0.0
MD_SDSS_l2_470,-1.862785991623446e+17,0.0
MD_SDSS_l2_4669,-1.8718109613309286e+17,0.0
MD_SDSS_l2_1977,-1.8787188131827325e+17,0.0
MD_SDSS_l2_4323,-1.881642751431466e+17,0.0
MD_SDSS_l2_863,-1.882310645825777e+17,0.0
MD_SDSS_l2_3817,-1.8831436650070746e+17,0.0
MD_SDSS_l2_761,-1.88337498504516e+17,0.0
MD_SDSS_l2_2096,-1.9011627833135875e+17,0.0
MD_SDSS_l2_1266,-1.9026524853095846e+17,0.0
MD_SDSS_l2_3347,-1.9042358873389856e+17,0.0
MD_SDSS_l2_4081,-1.9109585798176912e+17,0.0
MD_SDSS_l2_2592,-1.9119710286037923e+17,0.0
MD_SDSS_l2_482,-1.9121706570353904e+17,0.0
MD_SDSS_l2_2774,-1.9126287279202925e+17,0.0
MD_SDSS_l2_3110,-1.9130119505219498e+17,0.0
MD_SDSS_l2_3966,-1.9133883478195574e+17,0.0
MD_SDSS_l2_922,-1.9140690123480966e+17,0.0
MD_SDSS_l2_1183,-1.924191079161662e+17,0.0
MD_SDSS_l2_2185,-1.924948564195489e+17,0.0
MD_SDSS_l2_3048,-1.9250995345570317e+17,0.0
MD_SDSS_l2_315,-1.9284253135352864e+17,0.0
MD_SDSS_l2_2409,-1.9352882410527926e+17,0.0
MD_SDSS_l2_2499,-1.9353519834337168e+17,0.0
MD_SDSS_l2_2255,-1.9364295621238467e+17,0.0
MD_SDSS_l2_3161,-1.9370367044922726e+17,0.0
MD_SDSS_l2_583,-1.9402084450584947e+17,0.0
MD_SDSS_l2_2487,-1.9422055488600522e+17,0.0
MD_SDSS_l2_3302,-1.9443020162979437e+17,0.0
MD_SDSS_l2_4096,-1.9453511762852573e+17,0.0
MD_SDSS_l2_4481,-1.96263572449268e+17,0.0
MD_SDSS_l2_4402,-1.965380612952119e+17,0.0
MD_SDSS_l2_21,-1.9683949605073434e+17,0.0
MD_SDSS_l2_2647,-1.973325595126913e+17,0.0
MD_SDSS_l2_4024,-1.9742051896388637e+17,0.0
MD_SDSS_l2_1250,-1.9749761020355834e+17,0.0
MD_SDSS_l2_405,-1.9751352129372957e+17,0.0
MD_SDSS_l2_3409,-1.976351054860317e+17,0.0
MD_SDSS_l2_3842,-1.9820478335716525e+17,0.0
MD_SDSS_l2_3413,-1.9837846022129277e+17,0.0
MD_SDSS_l2_3763,-1.9850149930089914e+17,0.0
MD_SDSS_l2_68,-1.9928013084829997e+17,0.0
MD_SDSS_l2_4496,-1.9966716647288058e+17,0.0
MD_SDSS_l2_4758,-1.9974909603866787e+17,0.0
MD_SDSS_l2_3137,-2.0005230495300592e+17,0.0
MD_SDSS_l2_3729,-2.0073988638243885e+17,0.0
MD_SDSS_l2_4178,-2.0102656314745165e+17,0.0
MD_SDSS_l2_1252,-2.010595521059655e+17,0.0
MD_SDSS_l2_1970,-2.010777725216488e+17,0.0
MD_SDSS_l2_3089,-2.0138374921053248e+17,0.0
MD_SDSS_l2_4167,-2.0153773953766272e+17,0.0
MD_SDSS_l2_3401,-2.023902971447186e+17,0.0
MD_SDSS_l2_866,-2.032664612098635e+17,0.0
MD_SDSS_l2_4476,-2.032967126152658e+17,0.0
MD_SDSS_l2_4296,-2.0348621893032365e+17,0.0
MD_SDSS_l2_4766,-2.0379300398804726e+17,0.0
MD_SDSS_l2_4614,-2.0381801622377504e+17,0.0
MD_SDSS_l2_3430,-2.0385236212166858e+17,0.0
MD_SDSS_l2_902,-2.041358627020524e+17,0.0
MD_SDSS_l2_4635,-2.048799074671221e+17,0.0
MD_SDSS_l2_3366,-2.057984327527702e+17,0.0
MD_SDSS_l2_2718,-2.0624473265773526e+17,0.0
MD_SDSS_l2_2143,-2.062557573969279e+17,0.0
MD_SDSS_l2_2746,-2.065089493031547e+17,0.0
MD_SDSS_l2_2711,-2.0655216946492438e+17,0.0
MD_SDSS_l2_3348,-2.0688554310085814e+17,0.0
MD_SDSS_l2_3418,-2.07259482542877e+17,0.0
MD_SDSS_l2_1487,-2.077467485800822e+17,0.0
MD_SDSS_l2_556,-2.07785194798113e+17,0.0
MD_SDSS_l2_4719,-2.0792495782724637e+17,0.0
MD_SDSS_l2_4926,-2.0854172298014656e+17,0.0
MD_SDSS_l2_4631,-2.087604862344442e+17,0.0
MD_SDSS_l2_4963,-2.0881963270362838e+17,0.0
MD_SDSS_l2_1922,-2.096413046993725e+17,0.0
MD_SDSS_l2_4975,-2.09766547013494e+17,0.0
MD_SDSS_l2_1448,-2.098817960778548e+17,0.0
MD_SDSS_l2_3768,-2.10001710692802e+17,0.0
MD_SDSS_l2_2272,-2.101904811988421e+17,0.0
MD_SDSS_l2_2157,-2.1065240903340554e+17,0.0
MD_SDSS_l2_1465,-2.108753194084483e+17,0.0
MD_SDSS_l2_2507,-2.1106012135571133e+17,0.0
MD_SDSS_l2_3036,-2.1141352225215952e+17,0.0
MD_SDSS_l2_3106,-2.116841714251128e+17,0.0
MD_SDSS_l2_1520,-2.1203879221781946e+17,0.0
MD_SDSS_l2_3001,-2.12496638231796e+17,0.0
MD_SDSS_l2_2389,-2.126582084817134e+17,0.0
MD_SDSS_l2_2802,-2.1354475583798714e+17,0.0
MD_SDSS_l2_4022,-2.1388047429218912e+17,0.0
MD_SDSS_l2_586,-2.138833062543153e+17,0.0
MD_SDSS_l2_469,-2.13955507739733e+17,0.0
MD_SDSS_l2_935,-2.1406478011475702e+17,0.0
MD_SDSS_l2_2139,-2.1426753321910957e+17,0.0
MD_SDSS_l2_2488,-2.1439141194598938e+17,0.0
MD_SDSS_l2_4827,-2.1450959299131702e+17,0.0
MD_SDSS_l2_1858,-2.146575104035433e+17,0.0
MD_SDSS_l2_3214,-2.152417352187072e+17,0.0
MD_SDSS_l2_1678,-2.1573028684265434e+17,0.0
MD_SDSS_l2_1819,-2.159320763678663e+17,0.0
MD_SDSS_l2_3713,-2.159810962706457e+17,0.0
MD_SDSS_l2_1363,-2.1706004223820266e+17,0.0
MD_SDSS_l2_3149,-2.171688840775599e+17,0.0
MD_SDSS_l2_4418,-2.1738629817145098e+17,0.0
MD_SDSS_l2_2221,-2.1799379771736547e+17,0.0
MD_SDSS_l2_782,-2.1821614663402266e+17,0.0
MD_SDSS_l2_1687,-2.1823565991908208e+17,0.0
MD_SDSS_l2_706,-2.1871644175776368e+17,0.0
MD_SDSS_l2_4324,-2.18852823339771e+17,0.0
MD_SDSS_l2_3045,-2.1898085414326835e+17,0.0
MD_SDSS_l2_3247,-2.1900602602804384e+17,0.0
MD_SDSS_l2_1451,-2.1981838350520294e+17,0.0
MD_SDSS_l2_2266,-2.1982345029993466e+17,0.0
MD_SDSS_l2_1980,-2.2032632127279306e+17,0.0
MD_SDSS_l2_2419,-2.2051922079268534e+17,0.0
MD_SDSS_l2_1950,-2.2081530204615075e+17,0.0
MD_SDSS_l2_4747,-2.2100072373559568e+17,0.0
MD_SDSS_l2_2462,-2.210769765328695e+17,0.0
MD_SDSS_l2_3279,-2.211957182544191e+17,0.0
MD_SDSS_l2_1430,-2.2184398704360202e+17,0.0
MD_SDSS_l2_140,-2.2185210189652205e+17,0.0
MD_SDSS_l2_1999,-2.218725800756726e+17,0.0
MD_SDSS_l2_1050,-2.221248159731936e+17,0.0
MD_SDSS_l2_2720,-2.2395810190633795e+17,0.0
MD_SDSS_l2_38,-2.2406521962756912e+17,0.0
MD_SDSS_l2_1578,-2.2432794707504566e+17,0.0
MD_SDSS_l2_2402,-2.2466792395629757e+17,0.0
MD_SDSS_l2_1651,-2.248238849608105e+17,0.0
MD_SDSS_l2_1079,-2.2502777335789002e+17,0.0
MD_SDSS_l2_288,-2.2525405146591274e+17,0.0
MD_SDSS_l2_3460,-2.2534617131195146e+17,0.0
MD_SDSS_l2_4187,-2.2622427382092102e+17,0.0
MD_SDSS_l2_1061,-2.2649140628822214e+17,0.0
MD_SDSS_l2_1872,-2.267651970554852e+17,0.0
MD_SDSS_l2_571,-2.269326453269782e+17,0.0
MD_SDSS_l2_3181,-2.2694779250304506e+17,0.0
MD_SDSS_l2_1327,-2.2699751857434605e+17,0.0
MD_SDSS_l2_2946,-2.2724300587827136e+17,0.0
MD_SDSS_l2_2263,-2.2753766950260573e+17,0.0
MD_SDSS_l2_2401,-2.2759835941785757e+17,0.0
MD_SDSS_l2_1260,-2.2776843162300848e+17,0.0
MD_SDSS_l2_1558,-2.284711015975327e+17,0.0
MD_SDSS_l2_3758,-2.2939284742605085e+17,0.0
MD_SDSS_l2_2968,-2.2961903900173555e+17,0.0
MD_SDSS_l2_3670,-2.2970086956711997e+17,0.0
MD_SDSS_l2_310,-2.3044400256263523e+17,0.0
MD_SDSS_l2_15,-2.30977568267498e+17,0.0
MD_SDSS_l2_4506,-2.312783587443234e+17,0.0
MD_SDSS_l2_4689,-2.3144617199822806e+17,0.0
MD_SDSS_l2_1605,-2.3155211843795622e+17,0.0
MD_SDSS_l2_2080,-2.3185660083779254e+17,0.0
MD_SDSS_l2_1873,-2.3190481913805168e+17,0.0
MD_SDSS_l2_4225,-2.3225051368468346e+17,0.0
MD_SDSS_l2_2951,-2.3270393353719114e+17,0.0
MD_SDSS_l2_4853,-2.3299606789820746e+17,0.0
MD_SDSS_l2_1714,-2.3306711271105133e+17,0.0
MD_SDSS_l2_2426,-2.3344594175457008e+17,0.0
MD_SDSS_l2_536,-2.342866453416196e+17,0.0
MD_SDSS_l2_2563,-2.3488354347364278e+17,0.0
MD_SDSS_l2_2190,-2.3512794740560973e+17,0.0
MD_SDSS_l2_467,-2.353518569269181e+17,0.0
MD_SDSS_l2_3270,-2.3608671265182906e+17,0.0
MD_SDSS_l2_2740,-2.3625629812345626e+17,0.0
MD_SDSS_l2_69,-2.375104067256318e+17,0.0
MD_SDSS_l2_2088,-2.3768223196569075e+17,0.0
MD_SDSS_l2_1762,-2.3818371670955808e+17,0.0
MD_SDSS_l2_2717,-2.384017950067898e+17,0.0
MD_SDSS_l2_1715,-2.388629084022279e+17,0.0
MD_SDSS_l2_4801,-2.3916173446003798e+17,0.0
MD_SDSS_l2_4583,-2.3958653033737952e+17,0.0
MD_SDSS_l2_3469,-2.3962286891279136e+17,0.0
MD_SDSS_l2_3594,-2.3967878251682163e+17,0.0
MD_SDSS_l2_2414,-2.398200100072181e+17,0.0
MD_SDSS_l2_1082,-2.407689856337915e+17,0.0
MD_SDSS_l2_957,-2.4080098004932458e+17,0.0
MD_SDSS_l2_4179,-2.409316606001882e+17,0.0
MD_SDSS_l2_4214,-2.418257825042515e+17,0.0
MD_SDSS_l2_1132,-2.4254375910561632e+17,0.0
MD_SDSS_l2_1624,-2.4281843108595293e+17,0.0
MD_SDSS_l2_553,-2.432016783399602e+17,0.0
MD_SDSS_l2_4630,-2.4382077579746253e+17,0.0
MD_SDSS_l2_548,-2.441414733727759e+17,0.0
MD_SDSS_l2_2252,-2.442112333812652e+17,0.0
MD_SDSS_l2_3499,-2.443081868872988e+17,0.0
MD_SDSS_l2_175,-2.4453176929623283e+17,0.0
MD_SDSS_l2_2776,-2.453809002160422e+17,0.0
MD_SDSS_l2_143,-2.454049024475528e+17,0.0
MD_SDSS_l2_4390,-2.4651463424352502e+17,0.0
MD_SDSS_l2_4505,-2.4811541125063443e+17,0.0
MD_SDSS_l2_4955,-2.4863161125093152e+17,0.0
MD_SDSS_l2_4932,-2.4879942335004426e+17,0.0
MD_SDSS_l2_4421,-2.490952987131786e+17,0.0
MD_SDSS_l2_4411,-2.4910624977287402e+17,0.0
MD_SDSS_l2_1326,-2.505245523987707e+17,0.0
MD_SDSS_l2_4025,-2.511762264194136e+17,0.0
MD_SDSS_l2_2251,-2.513099602114299e+17,0.0
MD_SDSS_l2_2118,-2.5262541658755005e+17,0.0
MD_SDSS_l2_4789,-2.5286532994740054e+17,0.0
MD_SDSS_l2_843,-2.531657831520675e+17,0.0
MD_SDSS_l2_4242,-2.5333455265083472e+17,0.0
MD_SDSS_l2_2901,-2.5349097348089466e+17,0.0
MD_SDSS_l2_2619,-2.538558517250668e+17,0.0
MD_SDSS_l2_3223,-2.5385762963928864e+17,0.0
MD_SDSS_l2_4680,-2.544926243366893e+17,0.0
MD_SDSS_l2_3300,-2.549382403652854e+17,0.0
MD_SDSS_l2_2756,-2.5509420204275507e+17,0.0
MD_SDSS_l2_4837,-2.5510778310775453e+17,0.0
MD_SDSS_l2_1782,-2.5519311336135254e+17,0.0
MD_SDSS_l2_1800,-2.5527705062384413e+17,0.0
MD_SDSS_l2_674,-2.5557399882767024e+17,0.0
MD_SDSS_l2_4066,-2.5580196078986138e+17,0.0
MD_SDSS_l2_2866,-2.5583878469277786e+17,0.0
MD_SDSS_l2_2747,-2.5617426073561635e+17,0.0
MD_SDSS_l2_2826,-2.5679359871022003e+17,0.0
MD_SDSS_l2_3957,-2.577775219945222e+17,0.0
MD_SDSS_l2_958,-2.5782498509107725e+17,0.0
MD_SDSS_l2_1216,-2.5804279587512362e+17,0.0
MD_SDSS_l2_2612,-2.5861719821160368e+17,0.0
MD_SDSS_l2_4131,-2.5867400106832256e+17,0.0
MD_SDSS_l2_2986,-2.59249585145044e+17,0.0
MD_SDSS_l2_2022,-2.595348075273809e+17,0.0
MD_SDSS_l2_4181,-2.5966501533672355e+17,0.0
MD_SDSS_l2_3244,-2.5994661571219514e+17,0.0
MD_SDSS_l2_3208,-2.6003890300980435e+17,0.0
MD_SDSS_l2_91,-2.6027290400511888e+17,0.0
MD_SDSS_l2_2211,-2.605868555761893e+17,0.0
MD_SDSS_l2_1397,-2.6062944112239696e+17,0.0
MD_SDSS_l2_4226,-2.612432794511736e+17,0.0
MD_SDSS_l2_4145,-2.6184846151612384e+17,0.0
MD_SDSS_l2_2608,-2.6222572068244182e+17,0.0
MD_SDSS_l2_1566,-2.6233898399683696e+17,0.0
MD_SDSS_l2_2303,-2.63102286911967e+17,0.0
MD_SDSS_l2_3698,-2.6314488561261187e+17,0.0
MD_SDSS_l2_3797,-2.645714813022099e+17,0.0
MD_SDSS_l2_1622,-2.6457415065923533e+17,0.0
MD_SDSS_l2_3567,-2.648978087758147e+17,0.0
MD_SDSS_l2_52,-2.658726182793166e+17,0.0
MD_SDSS_l2_4118,-2.6660162039880035e+17,0.0
MD_SDSS_l2_4110,-2.666375617051723e+17,0.0
MD_SDSS_l2_211,-2.667760144550912e+17,0.0
MD_SDSS_l2_2852,-2.6679709975548067e+17,0.0
MD_SDSS_l2_3527,-2.6816006329102006e+17,0.0
MD_SDSS_l2_1085,-2.68345492136882e+17,0.0
MD_SDSS_l2_4649,-2.68432016120264e+17,0.0
MD_SDSS_l2_3937,-2.6845267210282374e+17,0.0
MD_SDSS_l2_542,-2.6864072367881517e+17,0.0
MD_SDSS_l2_905,-2.6881673621909907e+17,0.0
MD_SDSS_l2_3245,-2.6888200714104918e+17,0.0
MD_SDSS_l2_885,-2.6910044186696486e+17,0.0
MD_SDSS_l2_4654,-2.693379517218792e+17,0.0
MD_SDSS_l2_1812,-2.695382604640991e+17,0.0
MD_SDSS_l2_3389,-2.6978626688702013e+17,0.0
MD_SDSS_l2_1518,-2.7036063676757094e+17,0.0
MD_SDSS_l2_3283,-2.7091599242510563e+17,0.0
MD_SDSS_l2_4693,-2.7117059917983674e+17,0.0
MD_SDSS_l2_1934,-2.7123197534663523e+17,0.0
MD_SDSS_l2_3997,-2.713600840918469e+17,0.0
MD_SDSS_l2_4804,-2.7238521216044726e+17,0.0
MD_SDSS_l2_683,-2.7250061797019296e+17,0.0
MD_SDSS_l2_99,-2.7318051313783418e+17,0.0
MD_SDSS_l2_3617,-2.7327491657505936e+17,0.0
MD_SDSS_l2_1919,-2.7349622076047984e+17,0.0
MD_SDSS_l2_4679,-2.736377905554408e+17,0.0
MD_SDSS_l2_4484,-2.7364631193907955e+17,0.0
MD_SDSS_l2_4447,-2.7374516773167283e+17,0.0
MD_SDSS_l2_2394,-2.7385872135765008e+17,0.0
MD_SDSS_l2_1915,-2.7408112641511827e+17,0.0
MD_SDSS_l2_2978,-2.7421393602216934e+17,0.0
MD_SDSS_l2_4965,-2.7423166668793162e+17,0.0
MD_SDSS_l2_2912,-2.7446705708027715e+17,0.0
MD_SDSS_l2_1730,-2.745048194238457e+17,0.0
MD_SDSS_l2_2092,-2.745298844672952e+17,0.0
MD_SDSS_l2_2881,-2.7538877863695382e+17,0.0
MD_SDSS_l2_2290,-2.7668251420644467e+17,0.0
MD_SDSS_l2_771,-2.7736679820673507e+17,0.0
MD_SDSS_l2_2058,-2.774322788480063e+17,0.0
MD_SDSS_l2_4427,-2.7761337477421213e+17,0.0
MD_SDSS_l2_1209,-2.7776990147186445e+17,0.0
MD_SDSS_l2_1802,-2.7811965753855037e+17,0.0
MD_SDSS_l2_3954,-2.7818972476257037e+17,0.0
MD_SDSS_l2_3126,-2.7901370850799885e+17,0.0
MD_SDSS_l2_231,-2.7909501805562e+17,0.0
MD_SDSS_l2_886,-2.79731450891589e+17,0.0
MD_SDSS_l2_3416,-2.797951208947541e+17,0.0
MD_SDSS_l2_1536,-2.7999185309941955e+17,0.0
MD_SDSS_l2_628,-2.8076380250483814e+17,0.0
MD_SDSS_l2_472,-2.808572665623111e+17,0.0
MD_SDSS_l2_1195,-2.812889453998156e+17,0.0
MD_SDSS_l2_4870,-2.8179502364809875e+17,0.0
MD_SDSS_l2_3883,-2.8223797725129926e+17,0.0
MD_SDSS_l2_4579,-2.8239172049252496e+17,0.0
MD_SDSS_l2_1548,-2.8252551174578163e+17,0.0
MD_SDSS_l2_120,-2.8254159966727712e+17,0.0
MD_SDSS_l2_1512,-2.8262763438932627e+17,0.0
MD_SDSS_l2_1583,-2.8272820749718806e+17,0.0
MD_SDSS_l2_1498,-2.8285360505142525e+17,0.0
MD_SDSS_l2_1053,-2.8341616613021696e+17,0.0
MD_SDSS_l2_355,-2.8348806454198634e+17,0.0
MD_SDSS_l2_4711,-2.8484062605919456e+17,0.0
MD_SDSS_l2_1903,-2.8500875025458477e+17,0.0
MD_SDSS_l2_4319,-2.8525652796565338e+17,0.0
MD_SDSS_l2_1783,-2.8546244182560454e+17,0.0
MD_SDSS_l2_1479,-2.8605566396676973e+17,0.0
MD_SDSS_l2_1816,-2.8609191937444118e+17,0.0
MD_SDSS_l2_3566,-2.8649001185088432e+17,0.0
MD_SDSS_l2_4343,-2.8719177773561552e+17,0.0
MD_SDSS_l2_474,-2.8753749466742144e+17,0.0
MD_SDSS_l2_2000,-2.876410774946917e+17,0.0
MD_SDSS_l2_4621,-2.876902254242353e+17,0.0
MD_SDSS_l2_3199,-2.8822811929001786e+17,0.0
MD_SDSS_l2_418,-2.887011536741335e+17,0.0
MD_SDSS_l2_1901,-2.8905648017270176e+17,0.0
MD_SDSS_l2_295,-2.8913312453348166e+17,0.0
MD_SDSS_l2_690,-2.8919866016140346e+17,0.0
MD_SDSS_l2_66,-2.894478727004947e+17,0.0
MD_SDSS_l2_198,-2.895173528242371e+17,0.0
MD_SDSS_l2_4460,-2.8962148663818835e+17,0.0
MD_SDSS_l2_4359,-2.9069004407751085e+17,0.0
MD_SDSS_l2_755,-2.907349251194743e+17,0.0
MD_SDSS_l2_427,-2.910448035300028e+17,0.0
MD_SDSS_l2_4495,-2.916659099941199e+17,0.0
MD_SDSS_l2_3206,-2.92253825248565e+17,0.0
MD_SDSS_l2_2658,-2.9235504748865894e+17,0.0
MD_SDSS_l2_1773,-2.926037842605404e+17,0.0
MD_SDSS_l2_1926,-2.9266060641500326e+17,0.0
MD_SDSS_l2_1179,-2.92899571399105e+17,0.0
MD_SDSS_l2_4748,-2.93343541849745e+17,0.0
MD_SDSS_l2_625,-2.934648593858521e+17,0.0
MD_SDSS_l2_3719,-2.935710618787725e+17,0.0
MD_SDSS_l2_4568,-2.9397822638886086e+17,0.0
MD_SDSS_l2_2698,-2.941419169551161e+17,0.0
MD_SDSS_l2_3061,-2.943046916993754e+17,0.0
MD_SDSS_l2_1414,-2.9438395107031226e+17,0.0
MD_SDSS_l2_2348,-2.9450968739454035e+17,0.0
MD_SDSS_l2_4786,-2.951962103665767e+17,0.0
MD_SDSS_l2_4123,-2.955383272790694e+17,0.0
MD_SDSS_l2_2931,-2.959444427556939e+17,0.0
MD_SDSS_l2_1837,-2.961956579916319e+17,0.0
MD_SDSS_l2_3013,-2.962864384411794e+17,0.0
MD_SDSS_l2_798,-2.965548347003129e+17,0.0
MD_SDSS_l2_741,-2.970275805386117e+17,0.0
MD_SDSS_l2_999,-2.9748960793031264e+17,0.0
MD_SDSS_l2_813,-2.977565705614605e+17,0.0
MD_SDSS_l2_2751,-2.978184228961223e+17,0.0
MD_SDSS_l2_2059,-2.9827516148096723e+17,0.0
MD_SDSS_l2_1299,-2.991912459130573e+17,0.0
MD_SDSS_l2_2354,-2.994654174063304e+17,0.0
MD_SDSS_l2_4773,-2.9972946068463763e+17,0.0
MD_SDSS_l2_1476,-3.002427904499206e+17,0.0
MD_SDSS_l2_2445,-3.0035364288480723e+17,0.0
MD_SDSS_l2_1840,-3.006252903681174e+17,0.0
MD_SDSS_l2_4144,-3.016668609211794e+17,0.0
MD_SDSS_l2_4327,-3.025372434942542e+17,0.0
MD_SDSS_l2_4912,-3.0309501265439046e+17,0.0
MD_SDSS_l2_1213,-3.03610380942912e+17,0.0
MD_SDSS_l2_28,-3.037031488546661e+17,0.0
MD_SDSS_l2_1835,-3.0400368789281075e+17,0.0
MD_SDSS_l2_939,-3.041558359122287e+17,0.0
MD_SDSS_l2_1868,-3.042703167112814e+17,0.0
MD_SDSS_l2_1885,-3.045448759409341e+17,0.0
MD_SDSS_l2_2230,-3.046316514239808e+17,0.0
MD_SDSS_l2_1995,-3.0598760520031546e+17,0.0
MD_SDSS_l2_3857,-3.060776967092823e+17,0.0
MD_SDSS_l2_2617,-3.0620426183684934e+17,0.0
MD_SDSS_l2_1936,-3.0620940361240486e+17,0.0
MD_SDSS_l2_2362,-3.0627897456990566e+17,0.0
MD_SDSS_l2_475,-3.062943540386271e+17,0.0
MD_SDSS_l2_2284,-3.0689205621292915e+17,0.0
MD_SDSS_l2_1269,-3.0714535546445344e+17,0.0
MD_SDSS_l2_2828,-3.085405196017097e+17,0.0
MD_SDSS_l2_1470,-3.0881276612004736e+17,0.0
MD_SDSS_l2_2716,-3.106667791767649e+17,0.0
MD_SDSS_l2_908,-3.1096275125592006e+17,0.0
MD_SDSS_l2_294,-3.121319318371053e+17,0.0
MD_SDSS_l2_2712,-3.1307105498005235e+17,0.0
MD_SDSS_l2_4828,-3.132880294049592e+17,0.0
MD_SDSS_l2_2733,-3.137802759201075e+17,0.0
MD_SDSS_l2_2983,-3.146744549446771e+17,0.0
MD_SDSS_l2_1554,-3.149801849759124e+17,0.0
MD_SDSS_l2_2049,-3.149998290385241e+17,0.0
MD_SDSS_l2_980,-3.1520378895418835e+17,0.0
MD_SDSS_l2_1436,-3.154062141968558e+17,0.0
MD_SDSS_l2_1699,-3.154364881175968e+17,0.0
MD_SDSS_l2_1088,-3.15767244434853e+17,0.0
MD_SDSS_l2_4270,-3.160074336018642e+17,0.0
MD_SDSS_l2_4960,-3.164719308904325e+17,0.0
MD_SDSS_l2_950,-3.1649526461925216e+17,0.0
MD_SDSS_l2_4897,-3.16501196526863e+17,0.0
MD_SDSS_l2_3822,-3.197814802592632e+17,0.0
MD_SDSS_l2_4757,-3.20059064714054e+17,0.0
MD_SDSS_l2_2630,-3.201652907185571e+17,0.0
MD_SDSS_l2_822,-3.204002439635869e+17,0.0
MD_SDSS_l2_4648,-3.2053180870887917e+17,0.0
MD_SDSS_l2_1541,-3.2069224112814925e+17,0.0
MD_SDSS_l2_533,-3.209746813118922e+17,0.0
MD_SDSS_l2_2596,-3.212456858072917e+17,0.0
MD_SDSS_l2_563,-3.2137983841989286e+17,0.0
MD_SDSS_l2_3379,-3.2148870715502074e+17,0.0
MD_SDSS_l2_3335,-3.217303392554183e+17,0.0
MD_SDSS_l2_3636,-3.217576193463832e+17,0.0
MD_SDSS_l2_2674,-3.222076960143837e+17,0.0
MD_SDSS_l2_4612,-3.2230935703112634e+17,0.0
MD_SDSS_l2_4062,-3.225256642911996e+17,0.0
MD_SDSS_l2_982,-3.228998120105015e+17,0.0
MD_SDSS_l2_1291,-3.2290086127847206e+17,0.0
MD_SDSS_l2_1206,-3.2311732573692646e+17,0.0
MD_SDSS_l2_2184,-3.233600250018155e+17,0.0
MD_SDSS_l2_2323,-3.25474340408393e+17,0.0
MD_SDSS_l2_1975,-3.256521884399892e+17,0.0
MD_SDSS_l2_3429,-3.260966936632106e+17,0.0
MD_SDSS_l2_803,-3.2722024914987405e+17,0.0
MD_SDSS_l2_1645,-3.272368206033603e+17,0.0
MD_SDSS_l2_1935,-3.2876471249626496e+17,0.0
MD_SDSS_l2_215,-3.288408220820853e+17,0.0
MD_SDSS_l2_4980,-3.293905450193888e+17,0.0
MD_SDSS_l2_2876,-3.2947768748676563e+17,0.0
MD_SDSS_l2_2097,-3.301361334945234e+17,0.0
MD_SDSS_l2_2420,-3.3064700409974355e+17,0.0
MD_SDSS_l2_1991,-3.315639656346449e+17,0.0
MD_SDSS_l2_899,-3.319837561426655e+17,0.0
MD_SDSS_l2_1145,-3.319992679528157e+17,0.0
MD_SDSS_l2_3318,-3.322828785033632e+17,0.0
MD_SDSS_l2_3845,-3.3231474560864026e+17,0.0
MD_SDSS_l2_208,-3.323531880911568e+17,0.0
MD_SDSS_l2_1007,-3.3241988990823635e+17,0.0
MD_SDSS_l2_2917,-3.324301497656889e+17,0.0
MD_SDSS_l2_838,-3.3274907168453715e+17,0.0
MD_SDSS_l2_1719,-3.3351802880022483e+17,0.0
MD_SDSS_l2_1654,-3.341866441795534e+17,0.0
MD_SDSS_l2_4436,-3.3751340978117555e+17,0.0
MD_SDSS_l2_1391,-3.379256131938505e+17,0.0
MD_SDSS_l2_860,-3.381005433665154e+17,0.0
MD_SDSS_l2_1856,-3.381434414442559e+17,0.0
MD_SDSS_l2_2771,-3.388106130963089e+17,0.0
MD_SDSS_l2_904,-3.392034587793568e+17,0.0
MD_SDSS_l2_3942,-3.396733696858933e+17,0.0
MD_SDSS_l2_895,-3.4051483508074374e+17,0.0
MD_SDSS_l2_4076,-3.4062548245688986e+17,0.0
MD_SDSS_l2_2180,-3.412473972804509e+17,0.0
MD_SDSS_l2_947,-3.4179602077259366e+17,0.0
MD_SDSS_l2_4520,-3.422983739381935e+17,0.0
MD_SDSS_l2_4560,-3.4295211454717965e+17,0.0
MD_SDSS_l2_3238,-3.4392019179259866e+17,0.0
MD_SDSS_l2_3682,-3.444556943382279e+17,0.0
MD_SDSS_l2_2090,-3.4446517244034886e+17,0.0
MD_SDSS_l2_4681,-3.444949815278596e+17,0.0
MD_SDSS_l2_3437,-3.446006494099677e+17,0.0
MD_SDSS_l2_2795,-3.4495186937249056e+17,0.0
MD_SDSS_l2_4093,-3.450820366747264e+17,0.0
MD_SDSS_l2_4162,-3.461049451265364e+17,0.0
MD_SDSS_l2_2783,-3.4720170806881824e+17,0.0
MD_SDSS_l2_3246,-3.47542066790941e+17,0.0
MD_SDSS_l2_1442,-3.481837135193805e+17,0.0
MD_SDSS_l2_3525,-3.4879895454939475e+17,0.0
MD_SDSS_l2_3745,-3.491169102680131e+17,0.0
MD_SDSS_l2_4580,-3.494594723805404e+17,0.0
MD_SDSS_l2_3466,-3.4952198331892755e+17,0.0
MD_SDSS_l2_3929,-3.4985895485842323e+17,0.0
MD_SDSS_l2_4309,-3.499302627843168e+17,0.0
MD_SDSS_l2_4180,-3.5006047457436934e+17,0.0
MD_SDSS_l2_2398,-3.500906266109327e+17,0.0
MD_SDSS_l2_2845,-3.5042786449902163e+17,0.0
MD_SDSS_l2_4544,-3.5057689565521274e+17,0.0
MD_SDSS_l2_3915,-3.531761467750301e+17,0.0
MD_SDSS_l2_1278,-3.5405710663602003e+17,0.0
MD_SDSS_l2_964,-3.5438381421900634e+17,0.0
MD_SDSS_l2_3924,-3.5487094850510995e+17,0.0
MD_SDSS_l2_1769,-3.549345740623293e+17,0.0
MD_SDSS_l2_4268,-3.5649273063051386e+17,0.0
MD_SDSS_l2_3907,-3.577763772464049e+17,0.0
MD_SDSS_l2_2777,-3.57924052939233e+17,0.0
MD_SDSS_l2_3331,-3.582719545061591e+17,0.0
MD_SDSS_l2_1834,-3.58305328342555e+17,0.0
MD_SDSS_l2_3964,-3.593202944044041e+17,0.0
MD_SDSS_l2_4785,-3.59416547573515e+17,0.0
MD_SDSS_l2_4600,-3.5971163519937946e+17,0.0
MD_SDSS_l2_960,-3.600891316285879e+17,0.0
MD_SDSS_l2_1514,-3.602078966199635e+17,0.0
MD_SDSS_l2_4582,-3.6043929097467635e+17,0.0
MD_SDSS_l2_3769,-3.60481951363189e+17,0.0
MD_SDSS_l2_4832,-3.6070479843201043e+17,0.0
MD_SDSS_l2_2519,-3.6096063665126195e+17,0.0
MD_SDSS_l2_2739,-3.612458521439911e+17,0.0
MD_SDSS_l2_128,-3.614018812364339e+17,0.0
MD_SDSS_l2_3717,-3.6162051710748774e+17,0.0
MD_SDSS_l2_3920,-3.6192975620785414e+17,0.0
MD_SDSS_l2_2505,-3.622663631063928e+17,0.0
MD_SDSS_l2_4107,-3.6242653984136736e+17,0.0
MD_SDSS_l2_3402,-3.629834104022971e+17,0.0
MD_SDSS_l2_4168,-3.6404280981334906e+17,0.0
MD_SDSS_l2_4528,-3.6514677218257606e+17,0.0
MD_SDSS_l2_3611,-3.65324284541959e+17,0.0
MD_SDSS_l2_2567,-3.6558643286413805e+17,0.0
MD_SDSS_l2_4287,-3.6560875868347405e+17,0.0
MD_SDSS_l2_3754,-3.668205411817086e+17,0.0
MD_SDSS_l2_343,-3.6687465569568237e+17,0.0
MD_SDSS_l2_3846,-3.6693142671857306e+17,0.0
MD_SDSS_l2_2444,-3.678460529672949e+17,0.0
MD_SDSS_l2_3866,-3.6831024817834797e+17,0.0
MD_SDSS_l2_925,-3.6837562522276896e+17,0.0
MD_SDSS_l2_219,-3.688897420756779e+17,0.0
MD_SDSS_l2_4116,-3.689571952276952e+17,0.0
MD_SDSS_l2_2101,-3.697459972762607e+17,0.0
MD_SDSS_l2_404,-3.698262007220476e+17,0.0
MD_SDSS_l2_621,-3.704666879362267e+17,0.0
MD_SDSS_l2_2399,-3.7067304503049235e+17,0.0
MD_SDSS_l2_1426,-3.709349863200133e+17,0.0
MD_SDSS_l2_4976,-3.710936589603404e+17,0.0
MD_SDSS_l2_853,-3.722462993330751e+17,0.0
MD_SDSS_l2_2523,-3.72869694596504e+17,0.0
MD_SDSS_l2_4886,-3.7310021632605466e+17,0.0
MD_SDSS_l2_217,-3.733184603056233e+17,0.0
MD_SDSS_l2_1273,-3.73486189502185e+17,0.0
MD_SDSS_l2_4721,-3.740765647286442e+17,0.0
MD_SDSS_l2_2690,-3.7425419810163046e+17,0.0
MD_SDSS_l2_2725,-3.743877061721129e+17,0.0
MD_SDSS_l2_2941,-3.747708880805674e+17,0.0
MD_SDSS_l2_160,-3.755927057355157e+17,0.0
MD_SDSS_l2_1270,-3.7586208324775226e+17,0.0
MD_SDSS_l2_3377,-3.762949010928351e+17,0.0
MD_SDSS_l2_2458,-3.76600601275266e+17,0.0
MD_SDSS_l2_1587,-3.766148937878932e+17,0.0
MD_SDSS_l2_196,-3.766516062630743e+17,0.0
MD_SDSS_l2_3922,-3.7721535674033645e+17,0.0
MD_SDSS_l2_3209,-3.7779810387971923e+17,0.0
MD_SDSS_l2_4264,-3.780298631833285e+17,0.0
MD_SDSS_l2_1399,-3.780708619450577e+17,0.0
MD_SDSS_l2_4607,-3.7848120138913645e+17,0.0
MD_SDSS_l2_4700,-3.7870219742378797e+17,0.0
MD_SDSS_l2_4735,-3.788575056083927e+17,0.0
MD_SDSS_l2_3085,-3.7890350145748506e+17,0.0
MD_SDSS_l2_146,-3.7895143106811066e+17,0.0
MD_SDSS_l2_2450,-3.797331158250381e+17,0.0
MD_SDSS_l2_2815,-3.797887907507807e+17,0.0
MD_SDSS_l2_242,-3.800433141541511e+17,0.0
MD_SDSS_l2_3468,-3.8009327539055686e+17,0.0
MD_SDSS_l2_3832,-3.801662638673897e+17,0.0
MD_SDSS_l2_2513,-3.802010575598335e+17,0.0
MD_SDSS_l2_3700,-3.804754387856918e+17,0.0
MD_SDSS_l2_2581,-3.8195586680224934e+17,0.0
MD_SDSS_l2_1336,-3.8247242733374285e+17,0.0
MD_SDSS_l2_3461,-3.8277792335754086e+17,0.0
MD_SDSS_l2_3454,-3.829555779051044e+17,0.0
MD_SDSS_l2_3212,-3.8479269126823264e+17,0.0
MD_SDSS_l2_2729,-3.8497793227734496e+17,0.0
MD_SDSS_l2_2719,-3.860492558022622e+17,0.0
MD_SDSS_l2_610,-3.863881131656353e+17,0.0
MD_SDSS_l2_3828,-3.868967255905358e+17,0.0
MD_SDSS_l2_653,-3.871221757154035e+17,0.0
MD_SDSS_l2_340,-3.8729503163675366e+17,0.0
MD_SDSS_l2_3606,-3.885438081347741e+17,0.0
MD_SDSS_l2_3676,-3.8854755041562995e+17,0.0
MD_SDSS_l2_4895,-3.889027831109911e+17,0.0
MD_SDSS_l2_1441,-3.899495400619198e+17,0.0
MD_SDSS_l2_2074,-3.900690319163839e+17,0.0
MD_SDSS_l2_55,-3.90719737557808e+17,0.0
MD_SDSS_l2_106,-3.909954626681504e+17,0.0
MD_SDSS_l2_2438,-3.9110013477887776e+17,0.0
MD_SDSS_l2_2794,-3.9114223875871974e+17,0.0
MD_SDSS_l2_4142,-3.9158929988399494e+17,0.0
MD_SDSS_l2_2168,-3.916325610494669e+17,0.0
MD_SDSS_l2_4420,-3.918167163340089e+17,0.0
MD_SDSS_l2_3170,-3.928065040060443e+17,0.0
MD_SDSS_l2_1764,-3.929069598773243e+17,0.0
MD_SDSS_l2_1902,-3.9357184775002906e+17,0.0
MD_SDSS_l2_3542,-3.936159823280682e+17,0.0
MD_SDSS_l2_2132,-3.9470877381093766e+17,0.0
MD_SDSS_l2_3615,-3.947917076441762e+17,0.0
MD_SDSS_l2_4035,-3.9539361810120045e+17,0.0
MD_SDSS_l2_3585,-3.957127521982988e+17,0.0
MD_SDSS_l2_3722,-3.969591846734631e+17,0.0
MD_SDSS_l2_3731,-3.972275751788128e+17,0.0
MD_SDSS_l2_433,-3.979426267090461e+17,0.0
MD_SDSS_l2_4559,-3.9814346189001274e+17,0.0
MD_SDSS_l2_3773,-3.9971860593096154e+17,0.0
MD_SDSS_l2_3121,-4.003843485600319e+17,0.0
MD_SDSS_l2_1119,-4.005927775590869e+17,0.0
MD_SDSS_l2_3424,-4.0088517625030995e+17,0.0
MD_SDSS_l2_4445,-4.009553609017371e+17,0.0
MD_SDSS_l2_4039,-4.019940641632259e+17,0.0
MD_SDSS_l2_3501,-4.034889353212735e+17,0.0
MD_SDSS_l2_1702,-4.0372148321326195e+17,0.0
MD_SDSS_l2_3895,-4.043417474610072e+17,0.0
MD_SDSS_l2_4392,-4.0452452718280346e+17,0.0
MD_SDSS_l2_336,-4.0476626180136006e+17,0.0
MD_SDSS_l2_988,-4.0487994559433837e+17,0.0
MD_SDSS_l2_4303,-4.052633441247965e+17,0.0
MD_SDSS_l2_1597,-4.0542955764258995e+17,0.0
MD_SDSS_l2_4409,-4.058049276948945e+17,0.0
MD_SDSS_l2_3414,-4.058901871203023e+17,0.0
MD_SDSS_l2_3481,-4.065182485107881e+17,0.0
MD_SDSS_l2_2995,-4.067512262390282e+17,0.0
MD_SDSS_l2_2429,-4.067743072608448e+17,0.0
MD_SDSS_l2_3351,-4.076123689478541e+17,0.0
MD_SDSS_l2_3304,-4.0763582715702035e+17,0.0
MD_SDSS_l2_525,-4.076613249596923e+17,0.0
MD_SDSS_l2_1648,-4.0781334746843405e+17,0.0
MD_SDSS_l2_4907,-4.082771508579236e+17,0.0
MD_SDSS_l2_4082,-4.0851027470741395e+17,0.0
MD_SDSS_l2_3859,-4.0858439299929094e+17,0.0
MD_SDSS_l2_3058,-4.091314102739558e+17,0.0
MD_SDSS_l2_3726,-4.094075620214021e+17,0.0
MD_SDSS_l2_82,-4.098663593729633e+17,0.0
MD_SDSS_l2_1241,-4.09958458479132e+17,0.0
MD_SDSS_l2_1745,-4.10431688749395e+17,0.0
MD_SDSS_l2_83,-4.105923772217288e+17,0.0
MD_SDSS_l2_2994,-4.109439073870373e+17,0.0
MD_SDSS_l2_2067,-4.1157383138457075e+17,0.0
MD_SDSS_l2_819,-4.120164926725505e+17,0.0
MD_SDSS_l2_2846,-4.1206500651551014e+17,0.0
MD_SDSS_l2_402,-4.1244484892325946e+17,0.0
MD_SDSS_l2_1619,-4.126702250652847e+17,0.0
MD_SDSS_l2_2858,-4.1329186008465024e+17,0.0
MD_SDSS_l2_734,-4.138854939130417e+17,0.0
MD_SDSS_l2_4899,-4.1453981211217274e+17,0.0
MD_SDSS_l2_3818,-4.1562467616866643e+17,0.0
MD_SDSS_l2_526,-4.160534158594282e+17,0.0
MD_SDSS_l2_567,-4.161549595458123e+17,0.0
MD_SDSS_l2_3011,-4.162966467615057e+17,0.0
MD_SDSS_l2_4018,-4.164212736310711e+17,0.0
MD_SDSS_l2_4046,-4.177619554607948e+17,0.0
MD_SDSS_l2_4710,-4.1805341552750726e+17,0.0
MD_SDSS_l2_3631,-4.1820146305521766e+17,0.0
MD_SDSS_l2_4111,-4.187555781355093e+17,0.0
MD_SDSS_l2_2269,-4.1921452600388314e+17,0.0
MD_SDSS_l2_1870,-4.197301013236709e+17,0.0
MD_SDSS_l2_3034,-4.1975188550965594e+17,0.0
MD_SDSS_l2_1647,-4.2062936681347155e+17,0.0
MD_SDSS_l2_2684,-4.211960073581747e+17,0.0
MD_SDSS_l2_292,-4.220563192248072e+17,0.0
MD_SDSS_l2_4052,-4.223013596734663e+17,0.0
MD_SDSS_l2_1849,-4.262011686523681e+17,0.0
MD_SDSS_l2_3155,-4.266134213638513e+17,0.0
MD_SDSS_l2_2446,-4.2685864038664026e+17,0.0
MD_SDSS_l2_3629,-4.272224862115123e+17,0.0
MD_SDSS_l2_4518,-4.275502722188483e+17,0.0
MD_SDSS_l2_3650,-4.2755274346584026e+17,0.0
MD_SDSS_l2_4230,-4.300192667245427e+17,0.0
MD_SDSS_l2_3987,-4.3027916728710163e+17,0.0
MD_SDSS_l2_2169,-4.305757321962763e+17,0.0
MD_SDSS_l2_4043,-4.312533061172156e+17,0.0
MD_SDSS_l2_1867,-4.326318775130323e+17,0.0
MD_SDSS_l2_3730,-4.32677597353701e+17,0.0
MD_SDSS_l2_1280,-4.3369113811098144e+17,0.0
MD_SDSS_l2_1956,-4.33780275398117e+17,0.0
MD_SDSS_l2_3855,-4.339876639846651e+17,0.0
MD_SDSS_l2_4459,-4.346134796690241e+17,0.0
MD_SDSS_l2_3572,-4.348681167609867e+17,0.0
MD_SDSS_l2_1899,-4.363252040736667e+17,0.0
MD_SDSS_l2_1075,-4.3712987665753574e+17,0.0
MD_SDSS_l2_2524,-4.387141495531009e+17,0.0
MD_SDSS_l2_3124,-4.3888257180869446e+17,0.0
MD_SDSS_l2_4352,-4.396371880043449e+17,0.0
MD_SDSS_l2_1253,-4.3981447098806374e+17,0.0
MD_SDSS_l2_2346,-4.3992457701441734e+17,0.0
MD_SDSS_l2_967,-4.4052342807481664e+17,0.0
MD_SDSS_l2_2404,-4.405490904716451e+17,0.0
MD_SDSS_l2_3653,-4.411460022735373e+17,0.0
MD_SDSS_l2_440,-4.4177017480704646e+17,0.0
MD_SDSS_l2_3508,-4.421858825867993e+17,0.0
MD_SDSS_l2_4640,-4.4222756980208166e+17,0.0
MD_SDSS_l2_1133,-4.42290557988848e+17,0.0
MD_SDSS_l2_2358,-4.4289424648795565e+17,0.0
MD_SDSS_l2_2417,-4.431401146067451e+17,0.0
MD_SDSS_l2_4300,-4.438464179334065e+17,0.0
MD_SDSS_l2_4239,-4.4385450409138726e+17,0.0
MD_SDSS_l2_1656,-4.442403279463687e+17,0.0
MD_SDSS_l2_3274,-4.4523127568453376e+17,0.0
MD_SDSS_l2_2726,-4.4562629755857075e+17,0.0
MD_SDSS_l2_4258,-4.4698600138693997e+17,0.0
MD_SDSS_l2_661,-4.4756802747748563e+17,0.0
MD_SDSS_l2_1200,-4.493331391130063e+17,0.0
MD_SDSS_l2_225,-4.512107504595568e+17,0.0
MD_SDSS_l2_3579,-4.512519640116477e+17,0.0
MD_SDSS_l2_1478,-4.5136888064408966e+17,0.0
MD_SDSS_l2_372,-4.516082682114456e+17,0.0
MD_SDSS_l2_4259,-4.5260553767930643e+17,0.0
MD_SDSS_l2_3934,-4.530203272283788e+17,0.0
MD_SDSS_l2_2572,-4.54108164192695e+17,0.0
MD_SDSS_l2_1262,-4.546796084036956e+17,0.0
MD_SDSS_l2_4628,-4.566748736114577e+17,0.0
MD_SDSS_l2_4936,-4.5694168392694944e+17,0.0
MD_SDSS_l2_3459,-4.573799709715348e+17,0.0
MD_SDSS_l2_1577,-4.5917896920479034e+17,0.0
MD_SDSS_l2_2153,-4.592167772967643e+17,0.0
MD_SDSS_l2_3548,-4.592532638769552e+17,0.0
MD_SDSS_l2_2809,-4.6063645160873184e+17,0.0
MD_SDSS_l2_1092,-4.607144715929518e+17,0.0
MD_SDSS_l2_779,-4.613682155963435e+17,0.0
MD_SDSS_l2_4201,-4.6224234790920896e+17,0.0
MD_SDSS_l2_1373,-4.6225837712222854e+17,0.0
MD_SDSS_l2_524,-4.6231461364418554e+17,0.0
MD_SDSS_l2_805,-4.63076573200503e+17,0.0
MD_SDSS_l2_609,-4.6326583478203475e+17,0.0
MD_SDSS_l2_4203,-4.6529984669859456e+17,0.0
MD_SDSS_l2_3983,-4.6698636894007034e+17,0.0
MD_SDSS_l2_627,-4.670247158211135e+17,0.0
MD_SDSS_l2_323,-4.673297621316133e+17,0.0
MD_SDSS_l2_3826,-4.677089077822017e+17,0.0
MD_SDSS_l2_1888,-4.686126374715726e+17,0.0
MD_SDSS_l2_739,-4.6883273870582624e+17,0.0
MD_SDSS_l2_1741,-4.688438127193579e+17,0.0
MD_SDSS_l2_2556,-4.700889951411665e+17,0.0
MD_SDSS_l2_2163,-4.7036344435292595e+17,0.0
MD_SDSS_l2_3098,-4.703793275832429e+17,0.0
MD_SDSS_l2_223,-4.705030023132423e+17,0.0
MD_SDSS_l2_1954,-4.712661939016366e+17,0.0
MD_SDSS_l2_812,-4.7172872840897485e+17,0.0
MD_SDSS_l2_370,-4.7178369974378323e+17,0.0
MD_SDSS_l2_4938,-4.7320490752364954e+17,0.0
MD_SDSS_l2_358,-4.732286031780638e+17,0.0
MD_SDSS_l2_737,-4.732878046173864e+17,0.0
MD_SDSS_l2_3668,-4.7420705353768486e+17,0.0
MD_SDSS_l2_2039,-4.7434991596519123e+17,0.0
MD_SDSS_l2_3723,-4.745348150211177e+17,0.0
MD_SDSS_l2_4406,-4.750525314495478e+17,0.0
MD_SDSS_l2_4198,-4.750631357727199e+17,0.0
MD_SDSS_l2_2953,-4.75264731180642e+17,0.0
MD_SDSS_l2_1927,-4.7545922923817824e+17,0.0
MD_SDSS_l2_1890,-4.7546885856999834e+17,0.0
MD_SDSS_l2_2883,-4.755090792428378e+17,0.0
MD_SDSS_l2_4716,-4.7558833962420243e+17,0.0
MD_SDSS_l2_4475,-4.760600215885357e+17,0.0
MD_SDSS_l2_876,-4.760982691001316e+17,0.0
MD_SDSS_l2_2405,-4.76677642329083e+17,0.0
MD_SDSS_l2_3799,-4.769139460589804e+17,0.0
MD_SDSS_l2_3960,-4.7871386889151366e+17,0.0
MD_SDSS_l2_348,-4.792992710486505e+17,0.0
MD_SDSS_l2_1394,-4.793718851334348e+17,0.0
MD_SDSS_l2_1028,-4.8156980856305805e+17,0.0
MD_SDSS_l2_3273,-4.8179407323356186e+17,0.0
MD_SDSS_l2_4551,-4.824394711518667e+17,0.0
MD_SDSS_l2_1242,-4.8341902386630144e+17,0.0
MD_SDSS_l2_2623,-4.8344512363513594e+17,0.0
MD_SDSS_l2_1490,-4.853915997568337e+17,0.0
MD_SDSS_l2_3487,-4.85856451715013e+17,0.0
MD_SDSS_l2_634,-4.858864947244447e+17,0.0
MD_SDSS_l2_1214,-4.859962955755792e+17,0.0
MD_SDSS_l2_3553,-4.863572623271324e+17,0.0
MD_SDSS_l2_4308,-4.864595338536638e+17,0.0
MD_SDSS_l2_2861,-4.8760754785460954e+17,0.0
MD_SDSS_l2_2024,-4.877160017819182e+17,0.0
MD_SDSS_l2_3535,-4.88282456607426e+17,0.0
MD_SDSS_l2_1494,-4.8928369702652755e+17,0.0
MD_SDSS_l2_3749,-4.894856245664057e+17,0.0
MD_SDSS_l2_3070,-4.895136898443036e+17,0.0
MD_SDSS_l2_862,-4.8971297497495354e+17,0.0
MD_SDSS_l2_2480,-4.90760065133112e+17,0.0
MD_SDSS_l2_1810,-4.9093516775189357e+17,0.0
MD_SDSS_l2_3186,-4.914350290933654e+17,0.0
MD_SDSS_l2_4613,-4.9173707476870106e+17,0.0
MD_SDSS_l2_612,-4.919350658524088e+17,0.0
MD_SDSS_l2_1499,-4.9269580065980896e+17,0.0
MD_SDSS_l2_2752,-4.940281878610096e+17,0.0
MD_SDSS_l2_4430,-4.940441022137757e+17,0.0
MD_SDSS_l2_326,-4.943983091591949e+17,0.0
MD_SDSS_l2_2724,-4.953529652494228e+17,0.0
MD_SDSS_l2_2474,-4.954651000671998e+17,0.0
MD_SDSS_l2_3049,-4.954960782481803e+17,0.0
MD_SDSS_l2_1930,-4.956219169466433e+17,0.0
MD_SDSS_l2_411,-4.971909672584133e+17,0.0
MD_SDSS_l2_4923,-4.975518492623905e+17,0.0
MD_SDSS_l2_4616,-4.980871875012196e+17,0.0
MD_SDSS_l2_2485,-4.988410318211076e+17,0.0
MD_SDSS_l2_3265,-4.990989318702674e+17,0.0
MD_SDSS_l2_2072,-5.004556829282235e+17,0.0
MD_SDSS_l2_1891,-5.0095797073763904e+17,0.0
MD_SDSS_l2_4777,-5.020138389909976e+17,0.0
MD_SDSS_l2_235,-5.020263101807799e+17,0.0
MD_SDSS_l2_1894,-5.02674708797157e+17,0.0
MD_SDSS_l2_1437,-5.029174175070569e+17,0.0
MD_SDSS_l2_2477,-5.031166109097942e+17,0.0
MD_SDSS_l2_3073,-5.035089943601397e+17,0.0
MD_SDSS_l2_3867,-5.037997499577989e+17,0.0
MD_SDSS_l2_3930,-5.040430992310676e+17,0.0
MD_SDSS_l2_865,-5.046165777385015e+17,0.0
MD_SDSS_l2_1596,-5.0534593826107866e+17,0.0
MD_SDSS_l2_1189,-5.0617678903401517e+17,0.0
MD_SDSS_l2_4415,-5.0644809010336365e+17,0.0
MD_SDSS_l2_1749,-5.07105571479658e+17,0.0
MD_SDSS_l2_1579,-5.079766250133438e+17,0.0
MD_SDSS_l2_4042,-5.0912357963170976e+17,0.0
MD_SDSS_l2_4036,-5.0993705584004026e+17,0.0
MD_SDSS_l2_685,-5.102128752232841e+17,0.0
MD_SDSS_l2_4283,-5.107761726156302e+17,0.0
MD_SDSS_l2_3810,-5.114176763927992e+17,0.0
MD_SDSS_l2_4596,-5.12117843540908e+17,0.0
MD_SDSS_l2_3341,-5.1271004786560045e+17,0.0
MD_SDSS_l2_1196,-5.1282340701169005e+17,0.0
MD_SDSS_l2_2173,-5.130720933237093e+17,0.0
MD_SDSS_l2_321,-5.134332186526853e+17,0.0
MD_SDSS_l2_2133,-5.134845660597728e+17,0.0
MD_SDSS_l2_463,-5.163257720683242e+17,0.0
MD_SDSS_l2_3434,-5.1632788513041254e+17,0.0
MD_SDSS_l2_1077,-5.179478163039876e+17,0.0
MD_SDSS_l2_2533,-5.1861042437960736e+17,0.0
MD_SDSS_l2_1362,-5.193142896341943e+17,0.0
MD_SDSS_l2_2628,-5.2007465353013235e+17,0.0
MD_SDSS_l2_2790,-5.2043155148461766e+17,0.0
MD_SDSS_l2_4338,-5.211928334131155e+17,0.0
MD_SDSS_l2_3950,-5.220946541383668e+17,0.0
MD_SDSS_l2_1630,-5.2244752671408314e+17,0.0
MD_SDSS_l2_2927,-5.226251883469157e+17,0.0
MD_SDSS_l2_2909,-5.2280114206396154e+17,0.0
MD_SDSS_l2_3022,-5.2384740088154726e+17,0.0
MD_SDSS_l2_1307,-5.253991688149883e+17,0.0
MD_SDSS_l2_2640,-5.255977892854457e+17,0.0
MD_SDSS_l2_4889,-5.25975716583215e+17,0.0
MD_SDSS_l2_1969,-5.265113434550835e+17,0.0
MD_SDSS_l2_4538,-5.267203520011501e+17,0.0
MD_SDSS_l2_1697,-5.27455784338544e+17,0.0
MD_SDSS_l2_4072,-5.275219199779793e+17,0.0
MD_SDSS_l2_3869,-5.277979091418743e+17,0.0
MD_SDSS_l2_2859,-5.289938219354841e+17,0.0
MD_SDSS_l2_4836,-5.302479496670112e+17,0.0
MD_SDSS_l2_273,-5.3111496940652096e+17,0.0
MD_SDSS_l2_84,-5.3711369412429594e+17,0.0
MD_SDSS_l2_4318,-5.3712018953252634e+17,0.0
MD_SDSS_l2_490,-5.3730872120389056e+17,0.0
MD_SDSS_l2_1198,-5.374579707275545e+17,0.0
MD_SDSS_l2_1540,-5.38155316612853e+17,0.0
MD_SDSS_l2_3083,-5.384583622077738e+17,0.0
MD_SDSS_l2_2851,-5.3849472935230675e+17,0.0
MD_SDSS_l2_112,-5.394684197778031e+17,0.0
MD_SDSS_l2_4302,-5.397399377335734e+17,0.0
MD_SDSS_l2_4588,-5.3987306642818355e+17,0.0
MD_SDSS_l2_3490,-5.401373251531271e+17,0.0
MD_SDSS_l2_700,-5.408233204895718e+17,0.0
MD_SDSS_l2_777,-5.417287962473442e+17,0.0
MD_SDSS_l2_2662,-5.422123978819943e+17,0.0
MD_SDSS_l2_4776,-5.429878942482317e+17,0.0
MD_SDSS_l2_725,-5.4328197475589e+17,0.0
MD_SDSS_l2_3701,-5.4357162826229824e+17,0.0
MD_SDSS_l2_4991,-5.437954973593829e+17,0.0
MD_SDSS_l2_3345,-5.448667753684183e+17,0.0
MD_SDSS_l2_3603,-5.4538758723575546e+17,0.0
MD_SDSS_l2_2807,-5.456054164847149e+17,0.0
MD_SDSS_l2_4273,-5.476464992917441e+17,0.0
MD_SDSS_l2_3440,-5.482644275351803e+17,0.0
MD_SDSS_l2_1256,-5.4972801799846944e+17,0.0
MD_SDSS_l2_577,-5.502705293922976e+17,0.0
MD_SDSS_l2_2381,-5.511120416203614e+17,0.0
MD_SDSS_l2_2045,-5.532179017887727e+17,0.0
MD_SDSS_l2_1349,-5.5367802105391725e+17,0.0
MD_SDSS_l2_1653,-5.537063012970374e+17,0.0
MD_SDSS_l2_1022,-5.552789342462842e+17,0.0
MD_SDSS_l2_2666,-5.5647314842617606e+17,0.0
MD_SDSS_l2_1504,-5.583718074751229e+17,0.0
MD_SDSS_l2_73,-5.584463031131815e+17,0.0
MD_SDSS_l2_2899,-5.584719034217189e+17,0.0
MD_SDSS_l2_3759,-5.5860825874087514e+17,0.0
MD_SDSS_l2_4321,-5.590832304467365e+17,0.0
MD_SDSS_l2_4254,-5.613476627057147e+17,0.0
MD_SDSS_l2_2146,-5.615222865094036e+17,0.0
MD_SDSS_l2_1056,-5.631201368957494e+17,0.0
MD_SDSS_l2_1419,-5.643017382941159e+17,0.0
MD_SDSS_l2_998,-5.6439386844409043e+17,0.0
MD_SDSS_l2_558,-5.6450315850663494e+17,0.0
MD_SDSS_l2_1739,-5.645432947175339e+17,0.0
MD_SDSS_l2_3493,-5.6461175736968877e+17,0.0
MD_SDSS_l2_4820,-5.647641583784119e+17,0.0
MD_SDSS_l2_760,-5.649573418821631e+17,0.0
MD_SDSS_l2_1284,-5.660074180671618e+17,0.0
MD_SDSS_l2_4718,-5.673415151821478e+17,0.0
MD_SDSS_l2_1282,-5.673971732845668e+17,0.0
MD_SDSS_l2_3709,-5.6744404885029024e+17,0.0
MD_SDSS_l2_521,-5.677292799928156e+17,0.0
MD_SDSS_l2_607,-5.685468777666609e+17,0.0
MD_SDSS_l2_2484,-5.686813586756955e+17,0.0
MD_SDSS_l2_2770,-5.6891651172207674e+17,0.0
MD_SDSS_l2_852,-5.6916302984743046e+17,0.0
MD_SDSS_l2_319,-5.6972857781087744e+17,0.0
MD_SDSS_l2_401,-5.7133519688926874e+17,0.0
MD_SDSS_l2_3417,-5.713779606285124e+17,0.0
MD_SDSS_l2_3526,-5.721784008719217e+17,0.0
MD_SDSS_l2_4502,-5.7280212141945325e+17,0.0
MD_SDSS_l2_4537,-5.729292671590894e+17,0.0
MD_SDSS_l2_3750,-5.7324744205521946e+17,0.0
MD_SDSS_l2_4173,-5.733361819437211e+17,0.0
MD_SDSS_l2_3775,-5.7342621757713325e+17,0.0
MD_SDSS_l2_1319,-5.745611845726543e+17,0.0
MD_SDSS_l2_2476,-5.7517672283889414e+17,0.0
MD_SDSS_l2_934,-5.752688413112433e+17,0.0
MD_SDSS_l2_2982,-5.7541717040149574e+17,0.0
MD_SDSS_l2_4657,-5.7636373610275974e+17,0.0
MD_SDSS_l2_135,-5.770911372057697e+17,0.0
MD_SDSS_l2_2095,-5.775304461151183e+17,0.0
MD_SDSS_l2_1961,-5.775794265837011e+17,0.0
MD_SDSS_l2_2451,-5.785555635232563e+17,0.0
MD_SDSS_l2_1015,-5.785679260703443e+17,0.0
MD_SDSS_l2_3825,-5.792940665398883e+17,0.0
MD_SDSS_l2_1116,-5.803380140654541e+17,0.0
MD_SDSS_l2_1604,-5.804422003442367e+17,0.0
MD_SDSS_l2_4660,-5.806987235833692e+17,0.0
MD_SDSS_l2_1703,-5.818094261728083e+17,0.0
MD_SDSS_l2_3405,-5.834800128572969e+17,0.0
MD_SDSS_l2_2922,-5.855712083476209e+17,0.0
MD_SDSS_l2_1766,-5.86934497357327e+17,0.0
MD_SDSS_l2_4362,-5.880479390552904e+17,0.0
MD_SDSS_l2_4946,-5.889345261456666e+17,0.0
MD_SDSS_l2_2378,-5.892645480833595e+17,0.0
MD_SDSS_l2_2816,-5.89315210916013e+17,0.0
MD_SDSS_l2_2508,-5.906746286867781e+17,0.0
MD_SDSS_l2_4269,-5.914235769297786e+17,0.0
MD_SDSS_l2_1923,-5.91750464812843e+17,0.0
MD_SDSS_l2_4374,-5.918801381577933e+17,0.0
MD_SDSS_l2_1650,-5.93122677293122e+17,0.0
MD_SDSS_l2_4267,-5.94161040559471e+17,0.0
MD_SDSS_l2_3839,-5.946693220105318e+17,0.0
MD_SDSS_l2_1009,-5.953738598442363e+17,0.0
MD_SDSS_l2_639,-5.958596859181687e+17,0.0
MD_SDSS_l2_816,-5.960675518860938e+17,0.0
MD_SDSS_l2_109,-5.96613085654005e+17,0.0
MD_SDSS_l2_4974,-5.974231027702662e+17,0.0
MD_SDSS_l2_1618,-5.977465946723113e+17,0.0
MD_SDSS_l2_1639,-5.987103685522627e+17,0.0
MD_SDSS_l2_3334,-5.994898739587148e+17,0.0
MD_SDSS_l2_1475,-6.023421954146898e+17,0.0
MD_SDSS_l2_2652,-6.026621650980458e+17,0.0
MD_SDSS_l2_4071,-6.027702615356279e+17,0.0
MD_SDSS_l2_1939,-6.030355844488067e+17,0.0
MD_SDSS_l2_1017,-6.041004771658152e+17,0.0
MD_SDSS_l2_2218,-6.043218191974898e+17,0.0
MD_SDSS_l2_2178,-6.053483046243565e+17,0.0
MD_SDSS_l2_795,-6.058278886196621e+17,0.0
MD_SDSS_l2_3163,-6.065491117369038e+17,0.0
MD_SDSS_l2_1906,-6.067524021664425e+17,0.0
MD_SDSS_l2_1875,-6.080696313535325e+17,0.0
MD_SDSS_l2_1472,-6.086203834673981e+17,0.0
MD_SDSS_l2_3362,-6.087884871667265e+17,0.0
MD_SDSS_l2_543,-6.100922286269823e+17,0.0
MD_SDSS_l2_2803,-6.100927138656111e+17,0.0
MD_SDSS_l2_3621,-6.105660854548532e+17,0.0
MD_SDSS_l2_4271,-6.108218513358797e+17,0.0
MD_SDSS_l2_4663,-6.108763066569992e+17,0.0
MD_SDSS_l2_566,-6.113311405019615e+17,0.0
MD_SDSS_l2_2227,-6.115025234386414e+17,0.0
MD_SDSS_l2_1823,-6.115278576190669e+17,0.0
MD_SDSS_l2_1023,-6.126244480801326e+17,0.0
MD_SDSS_l2_1675,-6.13127351710844e+17,0.0
MD_SDSS_l2_4632,-6.138977756762924e+17,0.0
MD_SDSS_l2_122,-6.148547397982327e+17,0.0
MD_SDSS_l2_517,-6.152193492484612e+17,0.0
MD_SDSS_l2_3892,-6.152628466145582e+17,0.0
MD_SDSS_l2_2245,-6.162131142061802e+17,0.0
MD_SDSS_l2_1295,-6.166912118481761e+17,0.0
MD_SDSS_l2_2007,-6.172179736993208e+17,0.0
MD_SDSS_l2_1495,-6.172359267762678e+17,0.0
MD_SDSS_l2_4643,-6.173948894898304e+17,0.0
MD_SDSS_l2_4488,-6.180308643521554e+17,0.0
MD_SDSS_l2_3558,-6.182318281596636e+17,0.0
MD_SDSS_l2_4644,-6.192754909160228e+17,0.0
MD_SDSS_l2_1879,-6.195852077427351e+17,0.0
MD_SDSS_l2_3360,-6.200297783264774e+17,0.0
MD_SDSS_l2_670,-6.200921805015406e+17,0.0
MD_SDSS_l2_286,-6.20548252784802e+17,0.0
MD_SDSS_l2_3913,-6.219835222823616e+17,0.0
MD_SDSS_l2_2703,-6.224134907551749e+17,0.0
MD_SDSS_l2_3271,-6.230962779218999e+17,0.0
MD_SDSS_l2_1474,-6.253819913684315e+17,0.0
MD_SDSS_l2_679,-6.260497179779937e+17,0.0
MD_SDSS_l2_3943,-6.26560315970031e+17,0.0
MD_SDSS_l2_174,-6.265876022852298e+17,0.0
MD_SDSS_l2_4919,-6.275494657556787e+17,0.0
MD_SDSS_l2_4087,-6.280577041684928e+17,0.0
MD_SDSS_l2_338,-6.292560576839008e+17,0.0
MD_SDSS_l2_826,-6.293064585352356e+17,0.0
MD_SDSS_l2_3976,-6.297127904881412e+17,0.0
MD_SDSS_l2_4444,-6.320357906299985e+17,0.0
MD_SDSS_l2_926,-6.331385197917617e+17,0.0
MD_SDSS_l2_2634,-6.34342673786694e+17,0.0
MD_SDSS_l2_2599,-6.351406744104009e+17,0.0
MD_SDSS_l2_4604,-6.352420388468808e+17,0.0
MD_SDSS_l2_3597,-6.366323282295265e+17,0.0
MD_SDSS_l2_4542,-6.371450729423795e+17,0.0
MD_SDSS_l2_2714,-6.37938958789517e+17,0.0
MD_SDSS_l2_102,-6.39683641851651e+17,0.0
MD_SDSS_l2_186,-6.399564453980411e+17,0.0
MD_SDSS_l2_4497,-6.404867818305681e+17,0.0
MD_SDSS_l2_2847,-6.411504405654785e+17,0.0
MD_SDSS_l2_4569,-6.41466941335606e+17,0.0
MD_SDSS_l2_3630,-6.418373664779922e+17,0.0
MD_SDSS_l2_2335,-6.420202557899997e+17,0.0
MD_SDSS_l2_1756,-6.428751933635208e+17,0.0
MD_SDSS_l2_2313,-6.429266432347146e+17,0.0
MD_SDSS_l2_793,-6.429659278858895e+17,0.0
MD_SDSS_l2_2200,-6.433413136055959e+17,0.0
MD_SDSS_l2_281,-6.446043275415261e+17,0.0
MD_SDSS_l2_2501,-6.446929757069876e+17,0.0
MD_SDSS_l2_746,-6.455145296482982e+17,0.0
MD_SDSS_l2_3317,-6.458311602965006e+17,0.0
MD_SDSS_l2_3903,-6.467856732033344e+17,0.0
MD_SDSS_l2_2469,-6.473405998354354e+17,0.0
MD_SDSS_l2_3792,-6.473502051246423e+17,0.0
MD_SDSS_l2_2232,-6.487975054478474e+17,0.0
MD_SDSS_l2_3838,-6.49878839506056e+17,0.0
MD_SDSS_l2_4106,-6.509169380736662e+17,0.0
MD_SDSS_l2_3545,-6.512102141506862e+17,0.0
MD_SDSS_l2_4997,-6.512754690145637e+17,0.0
MD_SDSS_l2_1093,-6.516222253963165e+17,0.0
MD_SDSS_l2_4881,-6.52524845201588e+17,0.0
MD_SDSS_l2_2695,-6.529126382753577e+17,0.0
MD_SDSS_l2_1841,-6.53339811529743e+17,0.0
MD_SDSS_l2_3952,-6.537388083172101e+17,0.0
MD_SDSS_l2_1162,-6.54665834092446e+17,0.0
MD_SDSS_l2_2021,-6.54999065576279e+17,0.0
MD_SDSS_l2_1166,-6.568111842991028e+17,0.0
MD_SDSS_l2_3809,-6.573590454995082e+17,0.0
MD_SDSS_l2_3078,-6.581004718815771e+17,0.0
MD_SDSS_l2_588,-6.582173373846207e+17,0.0
MD_SDSS_l2_1113,-6.588036056592532e+17,0.0
MD_SDSS_l2_3017,-6.597143611996369e+17,0.0
MD_SDSS_l2_3145,-6.602221452635281e+17,0.0
MD_SDSS_l2_2948,-6.60321834459662e+17,0.0
MD_SDSS_l2_4737,-6.609292738693082e+17,0.0
MD_SDSS_l2_817,-6.625853971204173e+17,0.0
MD_SDSS_l2_1689,-6.646329933767484e+17,0.0
MD_SDSS_l2_4386,-6.651875104054235e+17,0.0
MD_SDSS_l2_2958,-6.671442969381541e+17,0.0
MD_SDSS_l2_754,-6.672754205015982e+17,0.0
MD_SDSS_l2_1641,-6.676923593616018e+17,0.0
MD_SDSS_l2_828,-6.679337569216059e+17,0.0
MD_SDSS_l2_2969,-6.680701513843602e+17,0.0
MD_SDSS_l2_104,-6.686257084662115e+17,0.0
MD_SDSS_l2_3059,-6.687348402389102e+17,0.0
MD_SDSS_l2_2626,-6.688511642553772e+17,0.0
MD_SDSS_l2_3371,-6.696679759354124e+17,0.0
MD_SDSS_l2_3374,-6.705696825774854e+17,0.0
MD_SDSS_l2_2793,-6.728086248660247e+17,0.0
MD_SDSS_l2_4304,-6.728698056836864e+17,0.0
MD_SDSS_l2_3398,-6.739678935573321e+17,0.0
MD_SDSS_l2_512,-6.755343731893751e+17,0.0
MD_SDSS_l2_2496,-6.775683794780657e+17,0.0
MD_SDSS_l2_3435,-6.799763838743273e+17,0.0
MD_SDSS_l2_3856,-6.805719922799684e+17,0.0
MD_SDSS_l2_1422,-6.823129528095871e+17,0.0
MD_SDSS_l2_736,-6.830846763794383e+17,0.0
MD_SDSS_l2_4364,-6.8321029280133e+17,0.0
MD_SDSS_l2_2411,-6.845906765281626e+17,0.0
MD_SDSS_l2_3988,-6.849331330570026e+17,0.0
MD_SDSS_l2_4880,-6.861014495557482e+17,0.0
MD_SDSS_l2_4950,-6.911849379254761e+17,0.0
MD_SDSS_l2_3513,-6.917363201930074e+17,0.0
MD_SDSS_l2_1946,-6.926123596519828e+17,0.0
MD_SDSS_l2_4059,-6.939716562326684e+17,0.0
MD_SDSS_l2_528,-6.947750741540233e+17,0.0
MD_SDSS_l2_3720,-6.948432514536566e+17,0.0
MD_SDSS_l2_927,-6.952730215349478e+17,0.0
MD_SDSS_l2_1865,-6.969025722384127e+17,0.0
MD_SDSS_l2_929,-7.0055222172771e+17,0.0
MD_SDSS_l2_1759,-7.006444626121395e+17,0.0
MD_SDSS_l2_864,-7.008452114988861e+17,0.0
MD_SDSS_l2_3998,-7.02770649859411e+17,0.0
MD_SDSS_l2_3685,-7.031741058002537e+17,0.0
MD_SDSS_l2_541,-7.037379325001725e+17,0.0
MD_SDSS_l2_3042,-7.042869085846609e+17,0.0
MD_SDSS_l2_2099,-7.043016565501021e+17,0.0
MD_SDSS_l2_2928,-7.05555399464185e+17,0.0
MD_SDSS_l2_502,-7.069793205227604e+17,0.0
MD_SDSS_l2_1458,-7.077136117798377e+17,0.0
MD_SDSS_l2_2728,-7.082615889432397e+17,0.0
MD_SDSS_l2_3323,-7.08486294625936e+17,0.0
MD_SDSS_l2_3257,-7.089851416170642e+17,0.0
MD_SDSS_l2_975,-7.090288203386821e+17,0.0
MD_SDSS_l2_2199,-7.098985724636154e+17,0.0
MD_SDSS_l2_1125,-7.102940948011267e+17,0.0
MD_SDSS_l2_3009,-7.104388710666929e+17,0.0
MD_SDSS_l2_4312,-7.107244100942971e+17,0.0
MD_SDSS_l2_37,-7.113717242923576e+17,0.0
MD_SDSS_l2_2357,-7.117717082073052e+17,0.0
MD_SDSS_l2_3234,-7.120173558354555e+17,0.0
MD_SDSS_l2_3342,-7.127729530771592e+17,0.0
MD_SDSS_l2_4867,-7.134823199034362e+17,0.0
MD_SDSS_l2_247,-7.135950786730004e+17,0.0
MD_SDSS_l2_3665,-7.137107963830295e+17,0.0
MD_SDSS_l2_4844,-7.146621651235195e+17,0.0
MD_SDSS_l2_1721,-7.15367804505876e+17,0.0
MD_SDSS_l2_1331,-7.169766706525477e+17,0.0
MD_SDSS_l2_3015,-7.17835741534226e+17,0.0
MD_SDSS_l2_3528,-7.190934894950829e+17,0.0
MD_SDSS_l2_197,-7.211125578153763e+17,0.0
MD_SDSS_l2_4668,-7.221382604760584e+17,0.0
MD_SDSS_l2_2551,-7.22855060282975e+17,0.0
MD_SDSS_l2_1064,-7.254288617326388e+17,0.0
MD_SDSS_l2_3909,-7.25820091732075e+17,0.0
MD_SDSS_l2_2830,-7.316933699498636e+17,0.0
MD_SDSS_l2_2098,-7.328646565518045e+17,0.0
MD_SDSS_l2_911,-7.363106010212134e+17,0.0
MD_SDSS_l2_869,-7.38249252407823e+17,0.0
MD_SDSS_l2_1708,-7.39907430432857e+17,0.0
MD_SDSS_l2_3403,-7.46663194186594e+17,0.0
MD_SDSS_l2_4783,-7.480040896367026e+17,0.0
MD_SDSS_l2_1826,-7.481989183535654e+17,0.0
MD_SDSS_l2_3643,-7.483295165101555e+17,0.0
MD_SDSS_l2_4609,-7.495995156821056e+17,0.0
MD_SDSS_l2_2625,-7.510252550802072e+17,0.0
MD_SDSS_l2_4598,-7.51111067016477e+17,0.0
MD_SDSS_l2_4662,-7.513345597872424e+17,0.0
MD_SDSS_l2_4466,-7.523085289531219e+17,0.0
MD_SDSS_l2_930,-7.550865200556634e+17,0.0
MD_SDSS_l2_2309,-7.557476616426067e+17,0.0
MD_SDSS_l2_1737,-7.575579279405516e+17,0.0
MD_SDSS_l2_2276,-7.577989854429321e+17,0.0
MD_SDSS_l2_1982,-7.582659654704056e+17,0.0
MD_SDSS_l2_879,-7.584628456867086e+17,0.0
MD_SDSS_l2_984,-7.619717139126671e+17,0.0
MD_SDSS_l2_3016,-7.62405415655524e+17,0.0
MD_SDSS_l2_1129,-7.624805994487793e+17,0.0
MD_SDSS_l2_2903,-7.628046323327103e+17,0.0
MD_SDSS_l2_4753,-7.656914567337068e+17,0.0
MD_SDSS_l2_2516,-7.664215033320763e+17,0.0
MD_SDSS_l2_1173,-7.679406280953133e+17,0.0
MD_SDSS_l2_453,-7.69265456122866e+17,0.0
MD_SDSS_l2_4527,-7.706108699219808e+17,0.0
MD_SDSS_l2_4471,-7.714217958198345e+17,0.0
MD_SDSS_l2_3003,-7.714502300081871e+17,0.0
MD_SDSS_l2_4646,-7.73478485154418e+17,0.0
MD_SDSS_l2_3711,-7.737768402953258e+17,0.0
MD_SDSS_l2_381,-7.75602542162589e+17,0.0
MD_SDSS_l2_4740,-7.758338945076504e+17,0.0
MD_SDSS_l2_2583,-7.759843251038392e+17,0.0
MD_SDSS_l2_89,-7.769318631970394e+17,0.0
MD_SDSS_l2_2278,-7.776453175708179e+17,0.0
MD_SDSS_l2_1296,-7.780289800918468e+17,0.0
MD_SDSS_l2_1508,-7.795379401898632e+17,0.0
MD_SDSS_l2_3136,-7.802915903604219e+17,0.0
MD_SDSS_l2_2559,-7.80822838958975e+17,0.0
MD_SDSS_l2_1638,-7.822654305575361e+17,0.0
MD_SDSS_l2_4577,-7.82291424317231e+17,0.0
MD_SDSS_l2_3067,-7.82848565160575e+17,0.0
MD_SDSS_l2_147,-7.839489958810949e+17,0.0
MD_SDSS_l2_2586,-7.845337402236436e+17,0.0
MD_SDSS_l2_39,-7.862098759582803e+17,0.0
MD_SDSS_l2_2360,-7.862761759668019e+17,0.0
MD_SDSS_l2_3687,-7.882845475790095e+17,0.0
MD_SDSS_l2_1010,-7.883986390231254e+17,0.0
MD_SDSS_l2_2240,-7.887600047897139e+17,0.0
MD_SDSS_l2_3293,-7.942157363146787e+17,0.0
MD_SDSS_l2_3140,-7.96232554246436e+17,0.0
MD_SDSS_l2_1309,-7.965414499222097e+17,0.0
MD_SDSS_l2_254,-7.968930443799791e+17,0.0
MD_SDSS_l2_4396,-7.999810379911133e+17,0.0
MD_SDSS_l2_1381,-8.0058119864222e+17,0.0
MD_SDSS_l2_2008,-8.011679154109798e+17,0.0
MD_SDSS_l2_4810,-8.016067502156602e+17,0.0
MD_SDSS_l2_992,-8.02809447202247e+17,0.0
MD_SDSS_l2_1257,-8.033228746102694e+17,0.0
MD_SDSS_l2_4772,-8.040752082094998e+17,0.0
MD_SDSS_l2_2932,-8.04438998681269e+17,0.0
MD_SDSS_l2_3520,-8.049665016940351e+17,0.0
MD_SDSS_l2_2144,-8.054924774055233e+17,0.0
MD_SDSS_l2_3250,-8.073346145433947e+17,0.0
MD_SDSS_l2_1428,-8.079370453001757e+17,0.0
MD_SDSS_l2_3182,-8.090365645550369e+17,0.0
MD_SDSS_l2_4567,-8.09097036779156e+17,0.0
MD_SDSS_l2_1254,-8.094812983084456e+17,0.0
MD_SDSS_l2_3793,-8.10119227828499e+17,0.0
MD_SDSS_l2_4366,-8.110590623207084e+17,0.0
MD_SDSS_l2_4440,-8.123251358374538e+17,0.0
MD_SDSS_l2_4368,-8.126679238623782e+17,0.0
MD_SDSS_l2_2595,-8.126773006597399e+17,0.0
MD_SDSS_l2_944,-8.126801474752252e+17,0.0
MD_SDSS_l2_2598,-8.131404664760394e+17,0.0
MD_SDSS_l2_4585,-8.13566294414096e+17,0.0
MD_SDSS_l2_2631,-8.137910061734572e+17,0.0
MD_SDSS_l2_3949,-8.157125104451025e+17,0.0
MD_SDSS_l2_3626,-8.163239428959654e+17,0.0
MD_SDSS_l2_920,-8.172912401489128e+17,0.0
MD_SDSS_l2_3168,-8.17946160394717e+17,0.0
MD_SDSS_l2_2243,-8.182221627332878e+17,0.0
MD_SDSS_l2_1143,-8.193578872077336e+17,0.0
MD_SDSS_l2_351,-8.197875018870935e+17,0.0
MD_SDSS_l2_4712,-8.19998301807276e+17,0.0
MD_SDSS_l2_2195,-8.218202770020717e+17,0.0
MD_SDSS_l2_2984,-8.232790048271665e+17,0.0
MD_SDSS_l2_259,-8.234542083897706e+17,0.0
MD_SDSS_l2_2789,-8.237463839697655e+17,0.0
MD_SDSS_l2_1163,-8.2452526585284e+17,0.0
MD_SDSS_l2_2767,-8.276517677108285e+17,0.0
MD_SDSS_l2_1572,-8.277356278641206e+17,0.0
MD_SDSS_l2_142,-8.286698862268229e+17,0.0
MD_SDSS_l2_1409,-8.295657105268873e+17,0.0
MD_SDSS_l2_4824,-8.300430365981572e+17,0.0
MD_SDSS_l2_3890,-8.325213447205641e+17,0.0
MD_SDSS_l2_4002,-8.358878137258474e+17,0.0
MD_SDSS_l2_1192,-8.360103975554981e+17,0.0
MD_SDSS_l2_2038,-8.366410826421212e+17,0.0
MD_SDSS_l2_1797,-8.372505217771046e+17,0.0
MD_SDSS_l2_479,-8.376167341251796e+17,0.0
MD_SDSS_l2_827,-8.377017530328692e+17,0.0
MD_SDSS_l2_1420,-8.391501167751377e+17,0.0
MD_SDSS_l2_2836,-8.400958536985048e+17,0.0
MD_SDSS_l2_1646,-8.428892289563685e+17,0.0
MD_SDSS_l2_846,-8.431027796571583e+17,0.0
MD_SDSS_l2_1279,-8.468335185478182e+17,0.0
MD_SDSS_l2_2463,-8.478157388343282e+17,0.0
MD_SDSS_l2_4750,-8.513333413144376e+17,0.0
MD_SDSS_l2_1105,-8.527019326446143e+17,0.0
MD_SDSS_l2_2689,-8.528532859476785e+17,0.0
MD_SDSS_l2_2610,-8.540871281780238e+17,0.0
MD_SDSS_l2_4944,-8.541195575629171e+17,0.0
MD_SDSS_l2_986,-8.550322708736841e+17,0.0
MD_SDSS_l2_1376,-8.597112603813944e+17,0.0
MD_SDSS_l2_3689,-8.600072718259209e+17,0.0
MD_SDSS_l2_2797,-8.603952573251846e+17,0.0
MD_SDSS_l2_3230,-8.606972887642364e+17,0.0
MD_SDSS_l2_1447,-8.611132456189391e+17,0.0
MD_SDSS_l2_4512,-8.642459761653188e+17,0.0
MD_SDSS_l2_4489,-8.663620044168996e+17,0.0
MD_SDSS_l2_2799,-8.66874470100144e+17,0.0
MD_SDSS_l2_3517,-8.674686347536876e+17,0.0
MD_SDSS_l2_4146,-8.691720777055116e+17,0.0
MD_SDSS_l2_2026,-8.713277559143039e+17,0.0
MD_SDSS_l2_1846,-8.729780040048452e+17,0.0
MD_SDSS_l2_4549,-8.732132222559444e+17,0.0
MD_SDSS_l2_1235,-8.733843805024239e+17,0.0
MD_SDSS_l2_3782,-8.740063135793868e+17,0.0
MD_SDSS_l2_205,-8.758728013619908e+17,0.0
MD_SDSS_l2_3120,-8.769308658159843e+17,0.0
MD_SDSS_l2_2316,-8.781798275361402e+17,0.0
MD_SDSS_l2_3290,-8.787591041144568e+17,0.0
MD_SDSS_l2_1898,-8.816611871178181e+17,0.0
MD_SDSS_l2_432,-8.826164158496905e+17,0.0
MD_SDSS_l2_1217,-8.833806592440072e+17,0.0
MD_SDSS_l2_1564,-8.844276265747839e+17,0.0
MD_SDSS_l2_4305,-8.854154311554967e+17,0.0
MD_SDSS_l2_892,-8.866814029565189e+17,0.0
MD_SDSS_l2_1853,-8.870055638105101e+17,0.0
MD_SDSS_l2_3848,-8.911653865719087e+17,0.0
MD_SDSS_l2_4525,-8.91663088992761e+17,0.0
MD_SDSS_l2_3582,-8.920519900961757e+17,0.0
MD_SDSS_l2_2117,-8.936090682302414e+17,0.0
MD_SDSS_l2_3301,-8.941046314053608e+17,0.0
MD_SDSS_l2_1462,-8.948282593248166e+17,0.0
MD_SDSS_l2_4602,-8.949069276943308e+17,0.0
MD_SDSS_l2_2471,-8.96077800451662e+17,0.0
MD_SDSS_l2_3428,-8.963814017327185e+17,0.0
MD_SDSS_l2_4977,-8.977072825223071e+17,0.0
MD_SDSS_l2_3008,-8.989974047499871e+17,0.0
MD_SDSS_l2_3716,-8.994011145596027e+17,0.0
MD_SDSS_l2_3734,-9.030852912166892e+17,0.0
MD_SDSS_l2_4213,-9.033824938080974e+17,0.0
MD_SDSS_l2_2820,-9.036982103826388e+17,0.0
MD_SDSS_l2_4400,-9.063398513426141e+17,0.0
MD_SDSS_l2_689,-9.067162177110982e+17,0.0
MD_SDSS_l2_409,-9.089792733488566e+17,0.0
MD_SDSS_l2_4349,-9.12086813766605e+17,0.0
MD_SDSS_l2_2207,-9.121827323346819e+17,0.0
MD_SDSS_l2_1225,-9.138423923643564e+17,0.0
MD_SDSS_l2_4893,-9.149136292877609e+17,0.0
MD_SDSS_l2_1042,-9.151879466594618e+17,0.0
MD_SDSS_l2_2377,-9.1549455022852e+17,0.0
MD_SDSS_l2_970,-9.16677305363203e+17,0.0
MD_SDSS_l2_1032,-9.171987212991429e+17,0.0
MD_SDSS_l2_1529,-9.188850178982182e+17,0.0
MD_SDSS_l2_4915,-9.198632387012876e+17,0.0
MD_SDSS_l2_523,-9.220924976287501e+17,0.0
MD_SDSS_l2_4272,-9.227064622741827e+17,0.0
MD_SDSS_l2_3891,-9.269042868731743e+17,0.0
MD_SDSS_l2_1188,-9.285182809849404e+17,0.0
MD_SDSS_l2_3356,-9.291040245738743e+17,0.0
MD_SDSS_l2_1046,-9.291490469681851e+17,0.0
MD_SDSS_l2_4900,-9.301824315067159e+17,0.0
MD_SDSS_l2_2680,-9.303332896650995e+17,0.0
MD_SDSS_l2_1406,-9.303353381683131e+17,0.0
MD_SDSS_l2_96,-9.311332635802849e+17,0.0
MD_SDSS_l2_4133,-9.321286973083702e+17,0.0
MD_SDSS_l2_3850,-9.328412542274006e+17,0.0
MD_SDSS_l2_4452,-9.33009969607849e+17,0.0
MD_SDSS_l2_993,-9.335417493711886e+17,0.0
MD_SDSS_l2_3790,-9.336116033247898e+17,0.0
MD_SDSS_l2_2424,-9.340010189808632e+17,0.0
MD_SDSS_l2_1515,-9.367296970252709e+17,0.0
MD_SDSS_l2_3808,-9.379918102677117e+17,0.0
MD_SDSS_l2_2066,-9.401901196904221e+17,0.0
MD_SDSS_l2_3863,-9.421238418215967e+17,0.0
MD_SDSS_l2_1259,-9.431656643539478e+17,0.0
MD_SDSS_l2_3521,-9.432343507384558e+17,0.0
MD_SDSS_l2_4878,-9.440060389204814e+17,0.0
MD_SDSS_l2_4289,-9.474294264458924e+17,0.0
MD_SDSS_l2_4011,-9.482148827312283e+17,0.0
MD_SDSS_l2_2308,-9.505027479543054e+17,0.0
MD_SDSS_l2_1621,-9.508275256625805e+17,0.0
MD_SDSS_l2_3419,-9.515411096752333e+17,0.0
MD_SDSS_l2_1154,-9.526249131445972e+17,0.0
MD_SDSS_l2_3449,-9.551445574569882e+17,0.0
MD_SDSS_l2_93,-9.560024549736718e+17,0.0
MD_SDSS_l2_3639,-9.572469082658904e+17,0.0
MD_SDSS_l2_3471,-9.59404512732127e+17,0.0
MD_SDSS_l2_3962,-9.629499470453548e+17,0.0
MD_SDSS_l2_1237,-9.630627164486172e+17,0.0
MD_SDSS_l2_1608,-9.642921455196827e+17,0.0
MD_SDSS_l2_3075,-9.656760574570688e+17,0.0
MD_SDSS_l2_2291,-9.675144056711666e+17,0.0
MD_SDSS_l2_4586,-9.683925847566683e+17,0.0
MD_SDSS_l2_3087,-9.69119704799493e+17,0.0
MD_SDSS_l2_4328,-9.698416352222995e+17,0.0
MD_SDSS_l2_2271,-9.712507380747059e+17,0.0
MD_SDSS_l2_3914,-9.71422602617024e+17,0.0
MD_SDSS_l2_2639,-9.719178251656768e+17,0.0
MD_SDSS_l2_443,-9.723083981465795e+17,0.0
MD_SDSS_l2_3455,-9.75796479211961e+17,0.0
MD_SDSS_l2_3646,-9.758249370579241e+17,0.0
MD_SDSS_l2_3431,-9.759855683456566e+17,0.0
MD_SDSS_l2_1054,-9.769807289085605e+17,0.0
MD_SDSS_l2_2052,-9.777812693578815e+17,0.0
MD_SDSS_l2_243,-9.77934829197419e+17,0.0
MD_SDSS_l2_1659,-9.793151217686071e+17,0.0
MD_SDSS_l2_2843,-9.806493442992036e+17,0.0
MD_SDSS_l2_1318,-9.858156851283405e+17,0.0
MD_SDSS_l2_696,-9.867418027736018e+17,0.0
MD_SDSS_l2_1359,-9.871194881487457e+17,0.0
MD_SDSS_l2_2722,-9.879329332749395e+17,0.0
MD_SDSS_l2_2364,-9.8802043340572e+17,0.0
MD_SDSS_l2_4570,-9.899726049620751e+17,0.0
MD_SDSS_l2_4449,-1.0012035642387455e+18,0.0
MD_SDSS_l2_3311,-1.0026135285256129e+18,0.0
MD_SDSS_l2_2604,-1.0027741442750339e+18,0.0
MD_SDSS_l2_1298,-1.0044722992707357e+18,0.0
MD_SDSS_l2_4765,-1.005191691462749e+18,0.0
MD_SDSS_l2_2040,-1.0057242841332301e+18,0.0
MD_SDSS_l2_1131,-1.0075377225754327e+18,0.0
MD_SDSS_l2_163,-1.0099334684749261e+18,0.0
MD_SDSS_l2_3568,-1.0106693052148005e+18,0.0
MD_SDSS_l2_32,-1.0133539933127745e+18,0.0
MD_SDSS_l2_189,-1.0137223555034656e+18,0.0
MD_SDSS_l2_3505,-1.0156804658335497e+18,0.0
MD_SDSS_l2_839,-1.0159347019877315e+18,0.0
MD_SDSS_l2_2702,-1.0185992017715174e+18,0.0
MD_SDSS_l2_4113,-1.0197727487997551e+18,0.0
MD_SDSS_l2_1123,-1.0201998749197103e+18,0.0
MD_SDSS_l2_2063,-1.021756387230221e+18,0.0
MD_SDSS_l2_2691,-1.0219276234329185e+18,0.0
MD_SDSS_l2_4822,-1.0239882203344644e+18,0.0
MD_SDSS_l2_131,-1.0258129142490241e+18,0.0
MD_SDSS_l2_1542,-1.0263378012165588e+18,0.0
MD_SDSS_l2_356,-1.0270683678378897e+18,0.0
MD_SDSS_l2_2183,-1.0305453999186391e+18,0.0
MD_SDSS_l2_425,-1.0311521378210431e+18,0.0
MD_SDSS_l2_2616,-1.0328278195402687e+18,0.0
MD_SDSS_l2_3853,-1.033425130857753e+18,0.0
MD_SDSS_l2_1008,-1.0343752784541286e+18,0.0
MD_SDSS_l2_4055,-1.0345360921918044e+18,0.0
MD_SDSS_l2_3479,-1.0401316316428323e+18,0.0
MD_SDSS_l2_1330,-1.0407692815457984e+18,0.0
MD_SDSS_l2_1234,-1.0435902729759887e+18,0.0
MD_SDSS_l2_159,-1.0439870325246166e+18,0.0
MD_SDSS_l2_2588,-1.0444584093643574e+18,0.0
MD_SDSS_l2_4041,-1.0448103002994327e+18,0.0
MD_SDSS_l2_2579,-1.044823948730682e+18,0.0
MD_SDSS_l2_1665,-1.0452968073904262e+18,0.0
MD_SDSS_l2_1839,-1.0462772738772202e+18,0.0
MD_SDSS_l2_1677,-1.0470154807507835e+18,0.0
MD_SDSS_l2_658,-1.0484615115520739e+18,0.0
MD_SDSS_l2_2884,-1.0484648516351465e+18,0.0
MD_SDSS_l2_519,-1.0497866835999259e+18,0.0
MD_SDSS_l2_2084,-1.0505062483200179e+18,0.0
MD_SDSS_l2_719,-1.0516644135560979e+18,0.0
MD_SDSS_l2_1110,-1.0550272184133012e+18,0.0
MD_SDSS_l2_2324,-1.0575390198195267e+18,0.0
MD_SDSS_l2_3104,-1.0580937212506111e+18,0.0
MD_SDSS_l2_4739,-1.0593152903393226e+18,0.0
MD_SDSS_l2_4222,-1.0611845452170698e+18,0.0
MD_SDSS_l2_4541,-1.0615998345486107e+18,0.0
MD_SDSS_l2_4193,-1.0645319154282725e+18,0.0
MD_SDSS_l2_4485,-1.0679253715630692e+18,0.0
MD_SDSS_l2_4190,-1.0708304899518409e+18,0.0
MD_SDSS_l2_2253,-1.071632902775462e+18,0.0
MD_SDSS_l2_3465,-1.0834387650333015e+18,0.0
MD_SDSS_l2_2077,-1.0839231818859661e+18,0.0
MD_SDSS_l2_1287,-1.0861366864867565e+18,0.0
MD_SDSS_l2_1794,-1.0892728073793348e+18,0.0
MD_SDSS_l2_1435,-1.0929584855314264e+18,0.0
MD_SDSS_l2_4759,-1.093170307597825e+18,0.0
MD_SDSS_l2_2819,-1.0941460086241586e+18,0.0
MD_SDSS_l2_193,-1.094806430729095e+18,0.0
MD_SDSS_l2_3777,-1.0988163781300495e+18,0.0
MD_SDSS_l2_424,-1.0988178517498412e+18,0.0
MD_SDSS_l2_2140,-1.1005994225936467e+18,0.0
MD_SDSS_l2_3000,-1.102825613676129e+18,0.0
MD_SDSS_l2_2182,-1.1039709488865908e+18,0.0
MD_SDSS_l2_4394,-1.1067970622983745e+18,0.0
MD_SDSS_l2_3539,-1.1072808826916753e+18,0.0
MD_SDSS_l2_4530,-1.110527465215553e+18,0.0
MD_SDSS_l2_1560,-1.1123779664485882e+18,0.0
MD_SDSS_l2_3095,-1.114440631005735e+18,0.0
MD_SDSS_l2_2832,-1.1152810516359278e+18,0.0
MD_SDSS_l2_4695,-1.1159653316123039e+18,0.0
MD_SDSS_l2_3992,-1.1164236595411725e+18,0.0
MD_SDSS_l2_3376,-1.1165792699199297e+18,0.0
MD_SDSS_l2_4186,-1.1185222535589667e+18,0.0
MD_SDSS_l2_3489,-1.1191414138621277e+18,0.0
MD_SDSS_l2_3780,-1.1200462102695031e+18,0.0
MD_SDSS_l2_399,-1.1213019656618077e+18,0.0
MD_SDSS_l2_1300,-1.122717255221259e+18,0.0
MD_SDSS_l2_2206,-1.1239982953402214e+18,0.0
MD_SDSS_l2_2228,-1.1252855531467241e+18,0.0
MD_SDSS_l2_4961,-1.1261258433480037e+18,0.0
MD_SDSS_l2_4423,-1.128374992851448e+18,0.0
MD_SDSS_l2_2493,-1.1297420353920193e+18,0.0
MD_SDSS_l2_2764,-1.1297457421595286e+18,0.0
MD_SDSS_l2_2935,-1.1300392470924928e+18,0.0
MD_SDSS_l2_515,-1.1301528167727703e+18,0.0
MD_SDSS_l2_3904,-1.1330464592608308e+18,0.0
MD_SDSS_l2_3142,-1.1361158988174442e+18,0.0
MD_SDSS_l2_1171,-1.1377735206705057e+18,0.0
MD_SDSS_l2_4992,-1.138193824092348e+18,0.0
MD_SDSS_l2_2234,-1.1427644796266519e+18,0.0
MD_SDSS_l2_3551,-1.1444615345609898e+18,0.0
MD_SDSS_l2_3705,-1.1452090085482234e+18,0.0
MD_SDSS_l2_3557,-1.1472799265525512e+18,0.0
MD_SDSS_l2_420,-1.1474400867357837e+18,0.0
MD_SDSS_l2_2461,-1.1481015639060549e+18,0.0
MD_SDSS_l2_4862,-1.1492093059167862e+18,0.0
MD_SDSS_l2_2896,-1.149688045157515e+18,0.0
MD_SDSS_l2_2988,-1.1501700762158423e+18,0.0
MD_SDSS_l2_3251,-1.1514567734376945e+18,0.0
MD_SDSS_l2_2175,-1.155860374508137e+18,0.0
MD_SDSS_l2_4229,-1.157292658457818e+18,0.0
MD_SDSS_l2_4715,-1.1582137116708372e+18,0.0
MD_SDSS_l2_1392,-1.1583220800903288e+18,0.0
MD_SDSS_l2_3116,-1.1662562600963543e+18,0.0
MD_SDSS_l2_2539,-1.1671196499425265e+18,0.0
MD_SDSS_l2_1047,-1.1724984691796652e+18,0.0
MD_SDSS_l2_576,-1.1736389647250957e+18,0.0
MD_SDSS_l2_2262,-1.178810604760064e+18,0.0
MD_SDSS_l2_4754,-1.1799659047594473e+18,0.0
MD_SDSS_l2_3628,-1.1821451865675105e+18,0.0
MD_SDSS_l2_2349,-1.1841896314770847e+18,0.0
MD_SDSS_l2_4713,-1.1849678979164672e+18,0.0
MD_SDSS_l2_891,-1.1872675232225866e+18,0.0
MD_SDSS_l2_1230,-1.1880422035431332e+18,0.0
MD_SDSS_l2_4855,-1.1883353775764099e+18,0.0
MD_SDSS_l2_4966,-1.194930448726881e+18,0.0
MD_SDSS_l2_4794,-1.1988093413129267e+18,0.0
MD_SDSS_l2_3938,-1.1988994536913385e+18,0.0
MD_SDSS_l2_2070,-1.1990136901607913e+18,0.0
MD_SDSS_l2_1443,-1.207504031153806e+18,0.0
MD_SDSS_l2_2644,-1.2141841300959823e+18,0.0
MD_SDSS_l2_811,-1.2168955065004488e+18,0.0
MD_SDSS_l2_3390,-1.2223752467263908e+18,0.0
MD_SDSS_l2_2708,-1.2227142312018e+18,0.0
MD_SDSS_l2_4153,-1.2257562231767025e+18,0.0
MD_SDSS_l2_751,-1.2270037117003448e+18,0.0
MD_SDSS_l2_3614,-1.2278461465071304e+18,0.0
MD_SDSS_l2_1317,-1.2288407383940943e+18,0.0
MD_SDSS_l2_3079,-1.229709859456678e+18,0.0
MD_SDSS_l2_2584,-1.2318493390674368e+18,0.0
MD_SDSS_l2_3638,-1.2356081129357885e+18,0.0
MD_SDSS_l2_4395,-1.2363587830921155e+18,0.0
MD_SDSS_l2_4033,-1.2364874635817388e+18,0.0
MD_SDSS_l2_4761,-1.2386603171489357e+18,0.0
MD_SDSS_l2_2657,-1.2413572065817992e+18,0.0
MD_SDSS_l2_487,-1.245377631034461e+18,0.0
MD_SDSS_l2_3411,-1.2469161569458122e+18,0.0
MD_SDSS_l2_4513,-1.25148430511932e+18,0.0
MD_SDSS_l2_976,-1.2517376218706609e+18,0.0
MD_SDSS_l2_4121,-1.2530704055071416e+18,0.0
MD_SDSS_l2_3948,-1.253504302250142e+18,0.0
MD_SDSS_l2_616,-1.2546684080433206e+18,0.0
MD_SDSS_l2_2191,-1.25646831664779e+18,0.0
MD_SDSS_l2_4371,-1.2571037477401308e+18,0.0
MD_SDSS_l2_4135,-1.2573653442620342e+18,0.0
MD_SDSS_l2_2470,-1.258869382035662e+18,0.0
MD_SDSS_l2_3359,-1.2612840974335153e+18,0.0
MD_SDSS_l2_3019,-1.2633983922047306e+18,0.0
MD_SDSS_l2_1761,-1.2670556407315848e+18,0.0
MD_SDSS_l2_630,-1.268713074326645e+18,0.0
MD_SDSS_l2_2765,-1.2696652117741074e+18,0.0
MD_SDSS_l2_1506,-1.2735999866694167e+18,0.0
MD_SDSS_l2_1212,-1.2737010124777303e+18,0.0
MD_SDSS_l2_2591,-1.2737828629428275e+18,0.0
MD_SDSS_l2_1831,-1.2767693504028076e+18,0.0
MD_SDSS_l2_1181,-1.282145424003864e+18,0.0
MD_SDSS_l2_1918,-1.290338268974515e+18,0.0
MD_SDSS_l2_4017,-1.292135389365685e+18,0.0
MD_SDSS_l2_25,-1.295929729581894e+18,0.0
MD_SDSS_l2_1012,-1.2961810122781888e+18,0.0
MD_SDSS_l2_299,-1.2976315820952748e+18,0.0
MD_SDSS_l2_3091,-1.298852171453587e+18,0.0
MD_SDSS_l2_3925,-1.301155322047692e+18,0.0
MD_SDSS_l2_4771,-1.3037966978559754e+18,0.0
MD_SDSS_l2_3761,-1.304349592803783e+18,0.0
MD_SDSS_l2_3262,-1.3058596366826588e+18,0.0
MD_SDSS_l2_1049,-1.3061549217798067e+18,0.0
MD_SDSS_l2_3272,-1.3067527967677402e+18,0.0
MD_SDSS_l2_3618,-1.3069880840805832e+18,0.0
MD_SDSS_l2_1396,-1.307021068074552e+18,0.0
MD_SDSS_l2_1466,-1.3076301134472228e+18,0.0
MD_SDSS_l2_3184,-1.3078073453087406e+18,0.0
MD_SDSS_l2_2580,-1.310774187269946e+18,0.0
MD_SDSS_l2_2473,-1.3151358483450865e+18,0.0
MD_SDSS_l2_3633,-1.3180480789806587e+18,0.0
MD_SDSS_l2_3358,-1.3192720866286316e+18,0.0
MD_SDSS_l2_2268,-1.3203037429607772e+18,0.0
MD_SDSS_l2_3192,-1.32379434771816e+18,0.0
MD_SDSS_l2_65,-1.32503962292179e+18,0.0
MD_SDSS_l2_1798,-1.3370088100700644e+18,0.0
MD_SDSS_l2_1483,-1.3384545951727839e+18,0.0
MD_SDSS_l2_3678,-1.341064580320334e+18,0.0
MD_SDSS_l2_1796,-1.341563518096011e+18,0.0
MD_SDSS_l2_2138,-1.3436402703893248e+18,0.0
MD_SDSS_l2_3692,-1.3446109004713114e+18,0.0
MD_SDSS_l2_1534,-1.344797616062241e+18,0.0
MD_SDSS_l2_3190,-1.347198051597206e+18,0.0
MD_SDSS_l2_514,-1.347225475293358e+18,0.0
MD_SDSS_l2_1313,-1.349567245413255e+18,0.0
MD_SDSS_l2_4306,-1.353172096732915e+18,0.0
MD_SDSS_l2_1355,-1.359253123696025e+18,0.0
MD_SDSS_l2_2003,-1.362324735270193e+18,0.0
MD_SDSS_l2_2110,-1.3631593667245002e+18,0.0
MD_SDSS_l2_4292,-1.365260424434178e+18,0.0
MD_SDSS_l2_768,-1.368398392187287e+18,0.0
MD_SDSS_l2_3264,-1.3689295873521856e+18,0.0
MD_SDSS_l2_1751,-1.3696839924665482e+18,0.0
MD_SDSS_l2_1418,-1.3709283315336502e+18,0.0
MD_SDSS_l2_1429,-1.3718762052197046e+18,0.0
MD_SDSS_l2_1911,-1.376822579624288e+18,0.0
MD_SDSS_l2_4108,-1.3773282310769316e+18,0.0
MD_SDSS_l2_2436,-1.3776062345896517e+18,0.0
MD_SDSS_l2_1485,-1.377960624900652e+18,0.0
MD_SDSS_l2_1152,-1.3783358571126536e+18,0.0
MD_SDSS_l2_3724,-1.3805716926138025e+18,0.0
MD_SDSS_l2_4918,-1.381985756225259e+18,0.0
MD_SDSS_l2_1951,-1.382175526286433e+18,0.0
MD_SDSS_l2_2128,-1.3850639103455956e+18,0.0
MD_SDSS_l2_478,-1.3881809457107267e+18,0.0
MD_SDSS_l2_578,-1.3903349773302387e+18,0.0
MD_SDSS_l2_1968,-1.3917349917591137e+18,0.0
MD_SDSS_l2_1086,-1.3917758090241405e+18,0.0
MD_SDSS_l2_2873,-1.3945037146847588e+18,0.0
MD_SDSS_l2_3458,-1.396153434419468e+18,0.0
MD_SDSS_l2_1568,-1.3983162291080348e+18,0.0
MD_SDSS_l2_1445,-1.3985178769719012e+18,0.0
MD_SDSS_l2_4891,-1.3986755199035773e+18,0.0
MD_SDSS_l2_897,-1.403617898755012e+18,0.0
MD_SDSS_l2_2973,-1.4036234022705393e+18,0.0
MD_SDSS_l2_2614,-1.405408844465346e+18,0.0
MD_SDSS_l2_115,-1.4072709987125893e+18,0.0
MD_SDSS_l2_4555,-1.4078884089138604e+18,0.0
MD_SDSS_l2_3595,-1.4118813225296694e+18,0.0
MD_SDSS_l2_4174,-1.4146293255735662e+18,0.0
MD_SDSS_l2_1543,-1.4167581378213358e+18,0.0
MD_SDSS_l2_4439,-1.416978704811974e+18,0.0
MD_SDSS_l2_4928,-1.4257030669437796e+18,0.0
MD_SDSS_l2_2094,-1.4262335792329656e+18,0.0
MD_SDSS_l2_1106,-1.4269464675988152e+18,0.0
MD_SDSS_l2_4933,-1.4273329553102922e+18,0.0
MD_SDSS_l2_3436,-1.431354403729354e+18,0.0
MD_SDSS_l2_3926,-1.4318213972566057e+18,0.0
MD_SDSS_l2_2345,-1.431920697113536e+18,0.0
MD_SDSS_l2_2849,-1.4381156167198413e+18,0.0
MD_SDSS_l2_3882,-1.4403017432074345e+18,0.0
MD_SDSS_l2_4240,-1.442699146122375e+18,0.0
MD_SDSS_l2_4690,-1.4436197174103386e+18,0.0
MD_SDSS_l2_3696,-1.4436788820924705e+18,0.0
MD_SDSS_l2_471,-1.4481122106697485e+18,0.0
MD_SDSS_l2_2907,-1.448298002817889e+18,0.0
MD_SDSS_l2_1432,-1.450667701563198e+18,0.0
MD_SDSS_l2_1502,-1.4520003400117903e+18,0.0
MD_SDSS_l2_4615,-1.452604143229805e+18,0.0
MD_SDSS_l2_1550,-1.455199812721908e+18,0.0
MD_SDSS_l2_4872,-1.4573653184935977e+18,0.0
MD_SDSS_l2_1658,-1.4592978843887839e+18,0.0
MD_SDSS_l2_1997,-1.4618549259378511e+18,0.0
MD_SDSS_l2_302,-1.464062652347077e+18,0.0
MD_SDSS_l2_1707,-1.4642080215303795e+18,0.0
MD_SDSS_l2_2259,-1.4671474117702236e+18,0.0
MD_SDSS_l2_117,-1.4685381882222659e+18,0.0
MD_SDSS_l2_645,-1.4687238904049518e+18,0.0
MD_SDSS_l2_1606,-1.469801023327431e+18,0.0
MD_SDSS_l2_4330,-1.4713342502650716e+18,0.0
MD_SDSS_l2_2054,-1.4726739490191788e+18,0.0
MD_SDSS_l2_4971,-1.4744059565085478e+18,0.0
MD_SDSS_l2_1108,-1.474994440951586e+18,0.0
MD_SDSS_l2_1107,-1.479665796847658e+18,0.0
MD_SDSS_l2_2,-1.4846842841519852e+18,0.0
MD_SDSS_l2_3858,-1.4987160074036306e+18,0.0
MD_SDSS_l2_4407,-1.4991590325325e+18,0.0
MD_SDSS_l2_4251,-1.5033519155561567e+18,0.0
MD_SDSS_l2_608,-1.5033939181939144e+18,0.0
MD_SDSS_l2_3383,-1.509246219181148e+18,0.0
MD_SDSS_l2_3303,-1.5102785769578243e+18,0.0
MD_SDSS_l2_4601,-1.5112209084387338e+18,0.0
MD_SDSS_l2_2112,-1.5192992122793426e+18,0.0
MD_SDSS_l2_4100,-1.5198207015619692e+18,0.0
MD_SDSS_l2_4973,-1.5208755929651574e+18,0.0
MD_SDSS_l2_250,-1.5231004671304934e+18,0.0
MD_SDSS_l2_116,-1.5252176842727004e+18,0.0
MD_SDSS_l2_2938,-1.528201505140348e+18,0.0
MD_SDSS_l2_2126,-1.5296844945383247e+18,0.0
MD_SDSS_l2_1379,-1.5347288727507162e+18,0.0
MD_SDSS_l2_742,-1.5372624114154604e+18,0.0
MD_SDSS_l2_3080,-1.5414238647169697e+18,0.0
MD_SDSS_l2_1170,-1.5431930949364424e+18,0.0
MD_SDSS_l2_4599,-1.5433873853847706e+18,0.0
MD_SDSS_l2_4004,-1.5454677221331246e+18,0.0
MD_SDSS_l2_2106,-1.5478107406724442e+18,0.0
MD_SDSS_l2_4873,-1.5519935387808978e+18,0.0
MD_SDSS_l2_3395,-1.5522216175551227e+18,0.0
MD_SDSS_l2_4539,-1.553482430625621e+18,0.0
MD_SDSS_l2_3900,-1.5592588562092183e+18,0.0
MD_SDSS_l2_2435,-1.5611257875635505e+18,0.0
MD_SDSS_l2_4942,-1.566733854242778e+18,0.0
MD_SDSS_l2_4470,-1.5711575925864883e+18,0.0
MD_SDSS_l2_341,-1.5727626663479762e+18,0.0
MD_SDSS_l2_3165,-1.5735804513984333e+18,0.0
MD_SDSS_l2_1366,-1.5805815761239683e+18,0.0
MD_SDSS_l2_1315,-1.5867823138854935e+18,0.0
MD_SDSS_l2_4369,-1.5870226358777864e+18,0.0
MD_SDSS_l2_4074,-1.5886768617956908e+18,0.0
MD_SDSS_l2_3319,-1.5887750698614502e+18,0.0
MD_SDSS_l2_1723,-1.5904661913166077e+18,0.0
MD_SDSS_l2_1824,-1.591891985334445e+18,0.0
MD_SDSS_l2_854,-1.5938507202567117e+18,0.0
MD_SDSS_l2_4811,-1.594432481750782e+18,0.0
MD_SDSS_l2_1210,-1.5945969512428815e+18,0.0
MD_SDSS_l2_1562,-1.5950828671290857e+18,0.0
MD_SDSS_l2_870,-1.597190479424246e+18,0.0
MD_SDSS_l2_2209,-1.6012380686473626e+18,0.0
MD_SDSS_l2_4202,-1.6024103234025021e+18,0.0
MD_SDSS_l2_2915,-1.6105934752990285e+18,0.0
MD_SDSS_l2_123,-1.611906476061473e+18,0.0
MD_SDSS_l2_72,-1.6160150354435604e+18,0.0
MD_SDSS_l2_4587,-1.6221292586882842e+18,0.0
MD_SDSS_l2_735,-1.625021732294236e+18,0.0
MD_SDSS_l2_408,-1.6252302453741983e+18,0.0
MD_SDSS_l2_4858,-1.6454151393950254e+18,0.0
MD_SDSS_l2_4047,-1.6510474707863178e+18,0.0
MD_SDSS_l2_4986,-1.6537442833311048e+18,0.0
MD_SDSS_l2_2287,-1.6553062770574118e+18,0.0
MD_SDSS_l2_3164,-1.656242778272966e+18,0.0
MD_SDSS_l2_2371,-1.6583229617834158e+18,0.0
MD_SDSS_l2_2299,-1.6596029894183096e+18,0.0
MD_SDSS_l2_2737,-1.6597398047460877e+18,0.0
MD_SDSS_l2_3589,-1.6616885927274465e+18,0.0
MD_SDSS_l2_2692,-1.6632296183322212e+18,0.0
MD_SDSS_l2_2086,-1.6648423386123873e+18,0.0
MD_SDSS_l2_2486,-1.6773169342463485e+18,0.0
MD_SDSS_l2_1157,-1.6779150368854282e+18,0.0
MD_SDSS_l2_4696,-1.6807865838240886e+18,0.0
MD_SDSS_l2_3420,-1.6839703918935967e+18,0.0
MD_SDSS_l2_1580,-1.6856785617599442e+18,0.0
MD_SDSS_l2_171,-1.6861681128650204e+18,0.0
MD_SDSS_l2_3544,-1.6872483376822548e+18,0.0
MD_SDSS_l2_3373,-1.6996692481626063e+18,0.0
MD_SDSS_l2_22,-1.708257196390974e+18,0.0
MD_SDSS_l2_1014,-1.713300763078872e+18,0.0
MD_SDSS_l2_933,-1.715374848542607e+18,0.0
MD_SDSS_l2_4183,-1.7183241246361828e+18,0.0
MD_SDSS_l2_1094,-1.727902201186712e+18,0.0
MD_SDSS_l2_3651,-1.7314581281576118e+18,0.0
MD_SDSS_l2_312,-1.7398001622477524e+18,0.0
MD_SDSS_l2_3862,-1.7400903109499095e+18,0.0
MD_SDSS_l2_530,-1.7447186946925248e+18,0.0
MD_SDSS_l2_2906,-1.746346461459963e+18,0.0
MD_SDSS_l2_602,-1.7486532601129495e+18,0.0
MD_SDSS_l2_4469,-1.7517755111767214e+18,0.0
MD_SDSS_l2_1738,-1.7519980400925883e+18,0.0
MD_SDSS_l2_3738,-1.7557312997535424e+18,0.0
MD_SDSS_l2_492,-1.7580189543428547e+18,0.0
MD_SDSS_l2_4388,-1.759642375689591e+18,0.0
MD_SDSS_l2_858,-1.761700296036156e+18,0.0
MD_SDSS_l2_1896,-1.768667803879718e+18,0.0
MD_SDSS_l2_1231,-1.769964880811679e+18,0.0
MD_SDSS_l2_3523,-1.7705287323714435e+18,0.0
MD_SDSS_l2_2609,-1.7706465379269233e+18,0.0
MD_SDSS_l2_2341,-1.772335766199075e+18,0.0
MD_SDSS_l2_3876,-1.7796269864310449e+18,0.0
MD_SDSS_l2_1993,-1.7827148482698307e+18,0.0
MD_SDSS_l2_2697,-1.7883957594421957e+18,0.0
MD_SDSS_l2_4869,-1.7896171634624433e+18,0.0
MD_SDSS_l2_4175,-1.7899182421242642e+18,0.0
MD_SDSS_l2_1957,-1.7954374048774308e+18,0.0
MD_SDSS_l2_4728,-1.7959784039364303e+18,0.0
MD_SDSS_l2_3906,-1.8033560339172465e+18,0.0
MD_SDSS_l2_4453,-1.803404472315362e+18,0.0
MD_SDSS_l2_268,-1.8054777844091087e+18,0.0
MD_SDSS_l2_3483,-1.8167101977239808e+18,0.0
MD_SDSS_l2_1137,-1.819460057724996e+18,0.0
MD_SDSS_l2_1239,-1.8201130434076099e+18,0.0
MD_SDSS_l2_1792,-1.8209730427320502e+18,0.0
MD_SDSS_l2_878,-1.830202048501384e+18,0.0
MD_SDSS_l2_2342,-1.833513002937282e+18,0.0
MD_SDSS_l2_4787,-1.8336393410052552e+18,0.0
MD_SDSS_l2_537,-1.8336678690431112e+18,0.0
MD_SDSS_l2_2656,-1.8363916566092598e+18,0.0
MD_SDSS_l2_3305,-1.8364592855393943e+18,0.0
MD_SDSS_l2_2864,-1.8396099065658194e+18,0.0
MD_SDSS_l2_1066,-1.8409832414870897e+18,0.0
MD_SDSS_l2_841,-1.8415256054205274e+18,0.0
MD_SDSS_l2_3082,-1.8433790440486538e+18,0.0
MD_SDSS_l2_3451,-1.843726470223466e+18,0.0
MD_SDSS_l2_1561,-1.8450987233108413e+18,0.0
MD_SDSS_l2_1489,-1.8567602909544852e+18,0.0
MD_SDSS_l2_2440,-1.860537663641698e+18,0.0
MD_SDSS_l2_873,-1.8626873224412767e+18,0.0
MD_SDSS_l2_4556,-1.8720172909947428e+18,0.0
MD_SDSS_l2_3885,-1.8721796042636554e+18,0.0
MD_SDSS_l2_16,-1.8765135905639265e+18,0.0
MD_SDSS_l2_1117,-1.8816780668054582e+18,0.0
MD_SDSS_l2_727,-1.8824173862425933e+18,0.0
MD_SDSS_l2_2159,-1.8926843947971505e+18,0.0
MD_SDSS_l2_2121,-1.8966551468687708e+18,0.0
MD_SDSS_l2_2607,-1.8969739634444337e+18,0.0
MD_SDSS_l2_3010,-1.898333656620076e+18,0.0
MD_SDSS_l2_244,-1.8987336765260946e+18,0.0
MD_SDSS_l2_620,-1.8992548966451192e+18,0.0
MD_SDSS_l2_2768,-1.8995113198773466e+18,0.0
MD_SDSS_l2_2568,-1.911635844541589e+18,0.0
MD_SDSS_l2_2710,-1.9133636222492006e+18,0.0
MD_SDSS_l2_2571,-1.9136832385913508e+18,0.0
MD_SDSS_l2_1955,-1.9149555738373596e+18,0.0
MD_SDSS_l2_3609,-1.9174052390818432e+18,0.0
MD_SDSS_l2_3587,-1.9179246631434322e+18,0.0
MD_SDSS_l2_3880,-1.9242895927549317e+18,0.0
MD_SDSS_l2_651,-1.9318662241252618e+18,0.0
MD_SDSS_l2_2654,-1.9369359508673362e+18,0.0
MD_SDSS_l2_4799,-1.9398226036941458e+18,0.0
MD_SDSS_l2_2254,-1.9431553971765993e+18,0.0
MD_SDSS_l2_4790,-1.9432017610065265e+18,0.0
MD_SDSS_l2_2193,-1.9442158874807706e+18,0.0
MD_SDSS_l2_2069,-1.944385093335051e+18,0.0
MD_SDSS_l2_1574,-1.94461088477352e+18,0.0
MD_SDSS_l2_2248,-1.9458783416369393e+18,0.0
MD_SDSS_l2_2574,-1.9478519711914406e+18,0.0
MD_SDSS_l2_473,-1.9508160107010327e+18,0.0
MD_SDSS_l2_1713,-1.952760474495112e+18,0.0
MD_SDSS_l2_1364,-1.957523325975158e+18,0.0
MD_SDSS_l2_3205,-1.9583147026714476e+18,0.0
MD_SDSS_l2_255,-1.9588495197469594e+18,0.0
MD_SDSS_l2_4703,-1.9667550049652646e+18,0.0
MD_SDSS_l2_3325,-1.9673768694045673e+18,0.0
MD_SDSS_l2_1084,-1.9683799852982758e+18,0.0
MD_SDSS_l2_3741,-1.9730499645865324e+18,0.0
MD_SDSS_l2_2236,-1.973731177929668e+18,0.0
MD_SDSS_l2_732,-1.9738683022368177e+18,0.0
MD_SDSS_l2_942,-1.9781082813934705e+18,0.0
MD_SDSS_l2_2542,-1.9788091418692524e+18,0.0
MD_SDSS_l2_1698,-1.9815890661995323e+18,0.0
MD_SDSS_l2_4463,-1.985939091567378e+18,0.0
MD_SDSS_l2_3816,-1.9905963086323267e+18,0.0
MD_SDSS_l2_2482,-2.0105180208958065e+18,0.0
MD_SDSS_l2_3315,-2.0108503897939863e+18,0.0
MD_SDSS_l2_513,-2.0140621228054062e+18,0.0
MD_SDSS_l2_2082,-2.0146623758201667e+18,0.0
MD_SDSS_l2_2241,-2.0175057456301985e+18,0.0
MD_SDSS_l2_3216,-2.0200903932912686e+18,0.0
MD_SDSS_l2_1452,-2.0220845635842852e+18,0.0
MD_SDSS_l2_1501,-2.0368667715965934e+18,0.0
MD_SDSS_l2_4985,-2.039163096874144e+18,0.0
MD_SDSS_l2_2418,-2.0414273164854354e+18,0.0
MD_SDSS_l2_50,-2.0426264962625787e+18,0.0
MD_SDSS_l2_3081,-2.0691478906997778e+18,0.0
MD_SDSS_l2_2120,-2.075342830817305e+18,0.0
MD_SDSS_l2_568,-2.079972519600231e+18,0.0
MD_SDSS_l2_2971,-2.0833500559881482e+18,0.0
MD_SDSS_l2_3047,-2.0841328709623892e+18,0.0
MD_SDSS_l2_385,-2.097425198879779e+18,0.0
MD_SDSS_l2_1613,-2.1024665549970373e+18,0.0
MD_SDSS_l2_1339,-2.108653782306613e+18,0.0
MD_SDSS_l2_3916,-2.1137564604629937e+18,0.0
MD_SDSS_l2_3573,-2.1183469116579062e+18,0.0
MD_SDSS_l2_2867,-2.1186079291865928e+18,0.0
MD_SDSS_l2_855,-2.1245235003033452e+18,0.0
MD_SDSS_l2_1408,-2.1250974697557699e+18,0.0
MD_SDSS_l2_1249,-2.1278511814939612e+18,0.0
MD_SDSS_l2_1427,-2.1312124717087798e+18,0.0
MD_SDSS_l2_4547,-2.1316747049703232e+18,0.0
MD_SDSS_l2_2018,-2.1317790414540618e+18,0.0
MD_SDSS_l2_1933,-2.133481538359365e+18,0.0
MD_SDSS_l2_580,-2.1374152106780936e+18,0.0
MD_SDSS_l2_4984,-2.139692528980464e+18,0.0
MD_SDSS_l2_1220,-2.1419164656298158e+18,0.0
MD_SDSS_l2_3787,-2.14255177692853e+18,0.0
MD_SDSS_l2_2910,-2.1473781156138255e+18,0.0
MD_SDSS_l2_3813,-2.1478534697783754e+18,0.0
MD_SDSS_l2_2373,-2.153740653884789e+18,0.0
MD_SDSS_l2_1736,-2.1560718667987167e+18,0.0
MD_SDSS_l2_1167,-2.1576539189162373e+18,0.0
MD_SDSS_l2_3504,-2.1582292072040594e+18,0.0
MD_SDSS_l2_3127,-2.1603283563859174e+18,0.0
MD_SDSS_l2_346,-2.1632542669014377e+18,0.0
MD_SDSS_l2_4417,-2.1723986301196283e+18,0.0
MD_SDSS_l2_1998,-2.173409595412276e+18,0.0
MD_SDSS_l2_724,-2.1801257918853368e+18,0.0
MD_SDSS_l2_572,-2.1841404424719575e+18,0.0
MD_SDSS_l2_1481,-2.1931616808573714e+18,0.0
MD_SDSS_l2_4148,-2.1952008782566205e+18,0.0
MD_SDSS_l2_2441,-2.1981633173055864e+18,0.0
MD_SDSS_l2_4286,-2.19944179611367e+18,0.0
MD_SDSS_l2_2023,-2.2038062403259674e+18,0.0
MD_SDSS_l2_1226,-2.2057845620705508e+18,0.0
MD_SDSS_l2_3117,-2.208568955403378e+18,0.0
MD_SDSS_l2_491,-2.2134674189915817e+18,0.0
MD_SDSS_l2_41,-2.214946490991752e+18,0.0
MD_SDSS_l2_1609,-2.2158901517428111e+18,0.0
MD_SDSS_l2_1158,-2.2193276176455954e+18,0.0
MD_SDSS_l2_989,-2.2254805303938355e+18,0.0
MD_SDSS_l2_272,-2.238361889960091e+18,0.0
MD_SDSS_l2_3372,-2.240551599185259e+18,0.0
MD_SDSS_l2_4846,-2.2420766163512612e+18,0.0
MD_SDSS_l2_4468,-2.24327300800493e+18,0.0
MD_SDSS_l2_4228,-2.252070896798999e+18,0.0
MD_SDSS_l2_2490,-2.2527157919746378e+18,0.0
MD_SDSS_l2_2840,-2.2529122863038743e+18,0.0
MD_SDSS_l2_379,-2.2580845608972262e+18,0.0
MD_SDSS_l2_2976,-2.258166581931076e+18,0.0
MD_SDSS_l2_1643,-2.2657580807124247e+18,0.0
MD_SDSS_l2_3111,-2.2730130985859315e+18,0.0
MD_SDSS_l2_3905,-2.2771847829246077e+18,0.0
MD_SDSS_l2_371,-2.279303721670114e+18,0.0
MD_SDSS_l2_3967,-2.2812119725139139e+18,0.0
MD_SDSS_l2_1811,-2.2815260025461563e+18,0.0
MD_SDSS_l2_1374,-2.3014799297959444e+18,0.0
MD_SDSS_l2_1415,-2.3123525311153347e+18,0.0
MD_SDSS_l2_2552,-2.3191424396780247e+18,0.0
MD_SDSS_l2_1160,-2.329491709419298e+18,0.0
MD_SDSS_l2_4890,-2.332330897692892e+18,0.0
MD_SDSS_l2_2622,-2.3350558080979543e+18,0.0
MD_SDSS_l2_804,-2.3355222938414177e+18,0.0
MD_SDSS_l2_4295,-2.336615933248386e+18,0.0
MD_SDSS_l2_1177,-2.3419653345330524e+18,0.0
MD_SDSS_l2_1034,-2.3424525165169495e+18,0.0
MD_SDSS_l2_3176,-2.342614720789854e+18,0.0
MD_SDSS_l2_2594,-2.345323733377486e+18,0.0
MD_SDSS_l2_4365,-2.3453290837045094e+18,0.0
MD_SDSS_l2_3211,-2.3461374407599145e+18,0.0
MD_SDSS_l2_764,-2.3484446473015045e+18,0.0
MD_SDSS_l2_256,-2.34856771048214e+18,0.0
MD_SDSS_l2_2216,-2.353856628295757e+18,0.0
MD_SDSS_l2_636,-2.358168134800969e+18,0.0
MD_SDSS_l2_2629,-2.3591627088303954e+18,0.0
MD_SDSS_l2_2975,-2.3630992196362076e+18,0.0
MD_SDSS_l2_1174,-2.3757253886958147e+18,0.0
MD_SDSS_l2_1511,-2.384806483717035e+18,0.0
MD_SDSS_l2_172,-2.387684089266792e+18,0.0
MD_SDSS_l2_2967,-2.389186626025288e+18,0.0
MD_SDSS_l2_966,-2.393480368018707e+18,0.0
MD_SDSS_l2_322,-2.403187846217907e+18,0.0
MD_SDSS_l2_2258,-2.403332951723944e+18,0.0
MD_SDSS_l2_3993,-2.4219609455880407e+18,0.0
MD_SDSS_l2_1860,-2.4303142886644475e+18,0.0
MD_SDSS_l2_1917,-2.435794111795659e+18,0.0
MD_SDSS_l2_345,-2.450596203717933e+18,0.0
MD_SDSS_l2_410,-2.4541922430701553e+18,0.0
MD_SDSS_l2_1878,-2.455707022817435e+18,0.0
MD_SDSS_l2_2522,-2.4571778306722765e+18,0.0
MD_SDSS_l2_2136,-2.4615300081616963e+18,0.0
MD_SDSS_l2_1592,-2.4616472883200205e+18,0.0
MD_SDSS_l2_2068,-2.465467506859917e+18,0.0
MD_SDSS_l2_4725,-2.4656673119666565e+18,0.0
MD_SDSS_l2_2990,-2.4678600981381427e+18,0.0
MD_SDSS_l2_1480,-2.4698621891893294e+18,0.0
MD_SDSS_l2_199,-2.46988840313906e+18,0.0
MD_SDSS_l2_220,-2.471103472774889e+18,0.0
MD_SDSS_l2_4593,-2.47202903843027e+18,0.0
MD_SDSS_l2_836,-2.4817412605372247e+18,0.0
MD_SDSS_l2_657,-2.4885083497078426e+18,0.0
MD_SDSS_l2_2283,-2.49577991632546e+18,0.0
MD_SDSS_l2_267,-2.500615828257611e+18,0.0
MD_SDSS_l2_3339,-2.5021374885632957e+18,0.0
MD_SDSS_l2_4480,-2.5056695284867343e+18,0.0
MD_SDSS_l2_1932,-2.509184523158264e+18,0.0
MD_SDSS_l2_4850,-2.514198998207754e+18,0.0
MD_SDSS_l2_3970,-2.519700085354229e+18,0.0
MD_SDSS_l2_640,-2.5209816892946253e+18,0.0
MD_SDSS_l2_1450,-2.5265083423895173e+18,0.0
MD_SDSS_l2_4103,-2.529972948594582e+18,0.0
MD_SDSS_l2_1493,-2.542635310010782e+18,0.0
MD_SDSS_l2_618,-2.5455738888024146e+18,0.0
MD_SDSS_l2_1947,-2.547123169082638e+18,0.0
MD_SDSS_l2_890,-2.5478269950630666e+18,0.0
MD_SDSS_l2_3432,-2.5514309075432376e+18,0.0
MD_SDSS_l2_2548,-2.551555671162969e+18,0.0
MD_SDSS_l2_1342,-2.552790500784377e+18,0.0
MD_SDSS_l2_3021,-2.564890452739799e+18,0.0
MD_SDSS_l2_589,-2.568949330294045e+18,0.0
MD_SDSS_l2_4169,-2.5711104592512364e+18,0.0
MD_SDSS_l2_2294,-2.5725082396470953e+18,0.0
MD_SDSS_l2_300,-2.587325635113576e+18,0.0
MD_SDSS_l2_2416,-2.5885081565477074e+18,0.0
MD_SDSS_l2_3066,-2.5909985520031427e+18,0.0
MD_SDSS_l2_4701,-2.5967891440060047e+18,0.0
MD_SDSS_l2_893,-2.599303558112515e+18,0.0
MD_SDSS_l2_1753,-2.602868808405483e+18,0.0
MD_SDSS_l2_2204,-2.6050584416139284e+18,0.0
MD_SDSS_l2_871,-2.60552661870827e+18,0.0
MD_SDSS_l2_2428,-2.6103285685375775e+18,0.0
MD_SDSS_l2_994,-2.6124001070591985e+18,0.0
MD_SDSS_l2_4276,-2.613479756333693e+18,0.0
MD_SDSS_l2_1768,-2.6202075590114196e+18,0.0
MD_SDSS_l2_2827,-2.6278546714109624e+18,0.0
MD_SDSS_l2_790,-2.631742109191502e+18,0.0
MD_SDSS_l2_1523,-2.6382692113597363e+18,0.0
MD_SDSS_l2_585,-2.643033709430581e+18,0.0
MD_SDSS_l2_4464,-2.6463438265814016e+18,0.0
MD_SDSS_l2_953,-2.6485266545752453e+18,0.0
MD_SDSS_l2_1519,-2.648973455698297e+18,0.0
MD_SDSS_l2_2773,-2.6588469007115187e+18,0.0
MD_SDSS_l2_1149,-2.660473411613402e+18,0.0
MD_SDSS_l2_4727,-2.6742519822123156e+18,0.0
MD_SDSS_l2_4385,-2.674587650918305e+18,0.0
MD_SDSS_l2_4678,-2.6786595853770317e+18,0.0
MD_SDSS_l2_4742,-2.681581144596503e+18,0.0
MD_SDSS_l2_1829,-2.692580583392309e+18,0.0
MD_SDSS_l2_2787,-2.700320430483997e+18,0.0
MD_SDSS_l2_4317,-2.7044605763679903e+18,0.0
MD_SDSS_l2_2289,-2.711017247115946e+18,0.0
MD_SDSS_l2_564,-2.711463812696918e+18,0.0
MD_SDSS_l2_2275,-2.7115342657003044e+18,0.0
MD_SDSS_l2_3815,-2.7216570884841984e+18,0.0
MD_SDSS_l2_3580,-2.72186786077872e+18,0.0
MD_SDSS_l2_2918,-2.7242122654981053e+18,0.0
MD_SDSS_l2_210,-2.725553239595386e+18,0.0
MD_SDSS_l2_1221,-2.7508802031248906e+18,0.0
MD_SDSS_l2_4812,-2.751837024700185e+18,0.0
MD_SDSS_l2_2114,-2.762091981833091e+18,0.0
MD_SDSS_l2_1205,-2.7623592575343493e+18,0.0
MD_SDSS_l2_2247,-2.7803360147576033e+18,0.0
MD_SDSS_l2_2033,-2.7872295808081853e+18,0.0
MD_SDSS_l2_2520,-2.7877466779305907e+18,0.0
MD_SDSS_l2_4393,-2.7995731564866616e+18,0.0
MD_SDSS_l2_3197,-2.809182862513061e+18,0.0
MD_SDSS_l2_2123,-2.812985647828681e+18,0.0
MD_SDSS_l2_594,-2.814400258794985e+18,0.0
MD_SDSS_l2_872,-2.822064984683184e+18,0.0
MD_SDSS_l2_2483,-2.843539201101544e+18,0.0
MD_SDSS_l2_2920,-2.8596952576011095e+18,0.0
MD_SDSS_l2_2425,-2.860511667114792e+18,0.0
MD_SDSS_l2_4358,-2.861468430996965e+18,0.0
MD_SDSS_l2_2013,-2.8696404221317156e+18,0.0
MD_SDSS_l2_1966,-2.883055752689774e+18,0.0
MD_SDSS_l2_3020,-2.884850721245474e+18,0.0
MD_SDSS_l2_503,-2.8914913193397524e+18,0.0
MD_SDSS_l2_1410,-2.9005176638744525e+18,0.0
MD_SDSS_l2_359,-2.9016599810474506e+18,0.0
MD_SDSS_l2_2061,-2.907390650293104e+18,0.0
MD_SDSS_l2_1941,-2.911354602649612e+18,0.0
MD_SDSS_l2_2650,-2.9204597712512614e+18,0.0
MD_SDSS_l2_3833,-2.9247581518436265e+18,0.0
MD_SDSS_l2_3482,-2.9248463598969667e+18,0.0
MD_SDSS_l2_349,-2.937846655435642e+18,0.0
MD_SDSS_l2_2359,-2.9607275561536763e+18,0.0
MD_SDSS_l2_190,-2.9609717237936824e+18,0.0
MD_SDSS_l2_1944,-2.9631109501734764e+18,0.0
MD_SDSS_l2_2891,-2.968284603001684e+18,0.0
MD_SDSS_l2_4736,-2.9790929023755274e+18,0.0
MD_SDSS_l2_1563,-2.988701197414132e+18,0.0
MD_SDSS_l2_2334,-2.990659750901877e+18,0.0
MD_SDSS_l2_3033,-2.9946041243900626e+18,0.0
MD_SDSS_l2_3044,-2.9967163330712387e+18,0.0
MD_SDSS_l2_2784,-2.999187971817998e+18,0.0
MD_SDSS_l2_3102,-3.0019301405839227e+18,0.0
MD_SDSS_l2_304,-3.0038715925977713e+18,0.0
MD_SDSS_l2_2557,-3.013638193174496e+18,0.0
MD_SDSS_l2_2848,-3.015469633442781e+18,0.0
MD_SDSS_l2_1344,-3.021408493766327e+18,0.0
MD_SDSS_l2_2590,-3.030043800141731e+18,0.0
MD_SDSS_l2_848,-3.0301846860931645e+18,0.0
MD_SDSS_l2_2632,-3.042861928185117e+18,0.0
MD_SDSS_l2_682,-3.0445962229166633e+18,0.0
MD_SDSS_l2_462,-3.062750879649351e+18,0.0
MD_SDSS_l2_2212,-3.069306803664824e+18,0.0
MD_SDSS_l2_3226,-3.072037174403706e+18,0.0
MD_SDSS_l2_1664,-3.0720909130605445e+18,0.0
MD_SDSS_l2_1984,-3.072218046403589e+18,0.0
MD_SDSS_l2_2526,-3.08268834764554e+18,0.0
MD_SDSS_l2_3076,-3.0891744988664335e+18,0.0
MD_SDSS_l2_3647,-3.0898972188118984e+18,0.0
MD_SDSS_l2_3620,-3.093650534050172e+18,0.0
MD_SDSS_l2_4320,-3.1047123624243123e+18,0.0
MD_SDSS_l2_1083,-3.1070902862457907e+18,0.0
MD_SDSS_l2_2151,-3.115323951488596e+18,0.0
MD_SDSS_l2_3801,-3.121669756929025e+18,0.0
MD_SDSS_l2_3260,-3.121856452001712e+18,0.0
MD_SDSS_l2_2103,-3.125861410477616e+18,0.0
MD_SDSS_l2_1041,-3.153627857829728e+18,0.0
MD_SDSS_l2_188,-3.1561636352335135e+18,0.0
MD_SDSS_l2_3113,-3.159519591364007e+18,0.0
MD_SDSS_l2_750,-3.1653667644023644e+18,0.0
MD_SDSS_l2_1477,-3.179216966130578e+18,0.0
MD_SDSS_l2_3543,-3.2178941368676045e+18,0.0
MD_SDSS_l2_2001,-3.2250654040900685e+18,0.0
MD_SDSS_l2_2606,-3.2407130761100687e+18,0.0
MD_SDSS_l2_1147,-3.2423206051039693e+18,0.0
MD_SDSS_l2_3946,-3.242614149890796e+18,0.0
MD_SDSS_l2_2449,-3.243477474296447e+18,0.0
MD_SDSS_l2_695,-3.246601207357152e+18,0.0
MD_SDSS_l2_2189,-3.2483406021211085e+18,0.0
MD_SDSS_l2_4128,-3.2562999042883277e+18,0.0
MD_SDSS_l2_2732,-3.260541414097621e+18,0.0
MD_SDSS_l2_3439,-3.263025878677494e+18,0.0
MD_SDSS_l2_1682,-3.267214973080377e+18,0.0
MD_SDSS_l2_3788,-3.269604609640696e+18,0.0
MD_SDSS_l2_3704,-3.270800590349849e+18,0.0
MD_SDSS_l2_2879,-3.273671148586603e+18,0.0
MD_SDSS_l2_3320,-3.2834703009972987e+18,0.0
MD_SDSS_l2_4523,-3.2902055887748787e+18,0.0
MD_SDSS_l2_3690,-3.2966735754862433e+18,0.0
MD_SDSS_l2_2431,-3.303574934775959e+18,0.0
MD_SDSS_l2_4913,-3.3258856031719316e+18,0.0
MD_SDSS_l2_2351,-3.3453699088734664e+18,0.0
MD_SDSS_l2_81,-3.3535448098425206e+18,0.0
MD_SDSS_l2_382,-3.3559589654523817e+18,0.0
MD_SDSS_l2_3178,-3.364042707694083e+18,0.0
MD_SDSS_l2_1661,-3.365277390800605e+18,0.0
MD_SDSS_l2_2839,-3.370343108656886e+18,0.0
MD_SDSS_l2_162,-3.373683315237812e+18,0.0
MD_SDSS_l2_1551,-3.375206654044517e+18,0.0
MD_SDSS_l2_1275,-3.3766870425620675e+18,0.0
MD_SDSS_l2_1035,-3.3845445638509435e+18,0.0
MD_SDSS_l2_4738,-3.3864524863997153e+18,0.0
MD_SDSS_l2_3902,-3.387172037596014e+18,0.0
MD_SDSS_l2_100,-3.391556583508678e+18,0.0
MD_SDSS_l2_1460,-3.3924575731523364e+18,0.0
MD_SDSS_l2_919,-3.3958087647602063e+18,0.0
MD_SDSS_l2_3027,-3.3965277305805773e+18,0.0
MD_SDSS_l2_3202,-3.408039488057408e+18,0.0
MD_SDSS_l2_749,-3.4104434539669304e+18,0.0
MD_SDSS_l2_3103,-3.4107704604957885e+18,0.0
MD_SDSS_l2_3267,-3.42087620801496e+18,0.0
MD_SDSS_l2_1747,-3.4273162589152246e+18,0.0
MD_SDSS_l2_1598,-3.433973470978272e+18,0.0
MD_SDSS_l2_4677,-3.437139389160591e+18,0.0
MD_SDSS_l2_4473,-3.438873214008768e+18,0.0
MD_SDSS_l2_2367,-3.4459302201535237e+18,0.0
MD_SDSS_l2_3831,-3.44892307429958e+18,0.0
MD_SDSS_l2_767,-3.4491846185247e+18,0.0
MD_SDSS_l2_2925,-3.451223460331221e+18,0.0
MD_SDSS_l2_161,-3.458433836881263e+18,0.0
MD_SDSS_l2_3452,-3.466277854646214e+18,0.0
MD_SDSS_l2_1524,-3.466698650784181e+18,0.0
MD_SDSS_l2_2671,-3.475259108416675e+18,0.0
MD_SDSS_l2_98,-3.4757879020647557e+18,0.0
MD_SDSS_l2_728,-3.4784639049178634e+18,0.0
MD_SDSS_l2_4218,-3.481119785866544e+18,0.0
MD_SDSS_l2_3655,-3.486388249635773e+18,0.0
MD_SDSS_l2_3094,-3.492623637405473e+18,0.0
MD_SDSS_l2_844,-3.5036534984987986e+18,0.0
MD_SDSS_l2_4507,-3.5156952275706086e+18,0.0
MD_SDSS_l2_4372,-3.528992597142828e+18,0.0
MD_SDSS_l2_765,-3.5295213623299937e+18,0.0
MD_SDSS_l2_3951,-3.533830316528682e+18,0.0
MD_SDSS_l2_2913,-3.539380227722094e+18,0.0
MD_SDSS_l2_3798,-3.5665658396754816e+18,0.0
MD_SDSS_l2_4120,-3.5802841273710367e+18,0.0
MD_SDSS_l2_3634,-3.5855758400750694e+18,0.0
MD_SDSS_l2_4085,-3.642009169622966e+18,0.0
MD_SDSS_l2_1845,-3.6704028303534234e+18,0.0
MD_SDSS_l2_1552,-3.6891720876627907e+18,0.0
MD_SDSS_l2_1161,-3.6991536083757327e+18,0.0
MD_SDSS_l2_1513,-3.744467092609802e+18,0.0
MD_SDSS_l2_4642,-3.7614913318582395e+18,0.0
MD_SDSS_l2_1003,-3.788603455149383e+18,0.0
MD_SDSS_l2_3448,-3.790810157272493e+18,0.0
MD_SDSS_l2_2893,-3.794972137851992e+18,0.0
MD_SDSS_l2_614,-3.802323762639795e+18,0.0
MD_SDSS_l2_1722,-3.830411785707982e+18,0.0
MD_SDSS_l2_1964,-3.838348257075844e+18,0.0
MD_SDSS_l2_3472,-3.84590429316143e+18,0.0
MD_SDSS_l2_1264,-3.8489728826995543e+18,0.0
MD_SDSS_l2_4901,-3.8510697244354555e+18,0.0
MD_SDSS_l2_493,-3.8569743763373896e+18,0.0
MD_SDSS_l2_2992,-3.857375752494413e+18,0.0
MD_SDSS_l2_2208,-3.8716889059064387e+18,0.0
MD_SDSS_l2_4015,-3.8810882601660964e+18,0.0
MD_SDSS_l2_1584,-3.881512338580155e+18,0.0
MD_SDSS_l2_3602,-3.900059891364567e+18,0.0
MD_SDSS_l2_4280,-3.9049159386947195e+18,0.0
MD_SDSS_l2_3702,-3.92649743146559e+18,0.0
MD_SDSS_l2_3281,-3.9279699582705613e+18,0.0
MD_SDSS_l2_959,-3.9280785735927854e+18,0.0
MD_SDSS_l2_3193,-3.9328249469471273e+18,0.0
MD_SDSS_l2_1974,-3.9351768452271636e+18,0.0
MD_SDSS_l2_4982,-3.938491791354169e+18,0.0
MD_SDSS_l2_3427,-3.943462688967282e+18,0.0
MD_SDSS_l2_4329,-3.9520989504222367e+18,0.0
MD_SDSS_l2_3683,-3.953842492438112e+18,0.0
MD_SDSS_l2_155,-3.9552945625005066e+18,0.0
MD_SDSS_l2_1078,-3.9893427398108554e+18,0.0
MD_SDSS_l2_4921,-4.0000085475641846e+18,0.0
MD_SDSS_l2_3619,-4.0204254074934815e+18,0.0
MD_SDSS_l2_1398,-4.0231502233149773e+18,0.0
MD_SDSS_l2_4576,-4.0322006068445414e+18,0.0
MD_SDSS_l2_23,-4.033895981633507e+18,0.0
MD_SDSS_l2_4815,-4.043782665772021e+18,0.0
MD_SDSS_l2_4262,-4.060103066116104e+18,0.0
MD_SDSS_l2_1869,-4.0652428296652805e+18,0.0
MD_SDSS_l2_3781,-4.067250292533552e+18,0.0
MD_SDSS_l2_2301,-4.0831124485748623e+18,0.0
MD_SDSS_l2_2043,-4.084180054676605e+18,0.0
MD_SDSS_l2_1136,-4.0975760550243067e+18,0.0
MD_SDSS_l2_1765,-4.098221621041262e+18,0.0
MD_SDSS_l2_4126,-4.1404595224300974e+18,0.0
MD_SDSS_l2_4908,-4.140974905387455e+18,0.0
MD_SDSS_l2_3958,-4.150572022433547e+18,0.0
MD_SDSS_l2_2124,-4.1551996976000384e+18,0.0
MD_SDSS_l2_759,-4.1595076634133345e+18,0.0
MD_SDSS_l2_3795,-4.1832154250587674e+18,0.0
MD_SDSS_l2_4795,-4.1855249796788367e+18,0.0
MD_SDSS_l2_488,-4.1944961885090063e+18,0.0
MD_SDSS_l2_4253,-4.201767171950253e+18,0.0
MD_SDSS_l2_2605,-4.207532913923136e+18,0.0
MD_SDSS_l2_1680,-4.220138265560257e+18,0.0
MD_SDSS_l2_2667,-4.221074071376186e+18,0.0
MD_SDSS_l2_4014,-4.2269779230770074e+18,0.0
MD_SDSS_l2_3577,-4.2287849017148175e+18,0.0
MD_SDSS_l2_3923,-4.2488893515321897e+18,0.0
MD_SDSS_l2_3480,-4.273859857296858e+18,0.0
MD_SDSS_l2_3592,-4.275393950634159e+18,0.0
MD_SDSS_l2_2338,-4.3003163637303183e+18,0.0
MD_SDSS_l2_593,-4.301219131264075e+18,0.0
MD_SDSS_l2_726,-4.314172043262878e+18,0.0
MD_SDSS_l2_361,-4.314883260183897e+18,0.0
MD_SDSS_l2_3447,-4.330966696893555e+18,0.0
MD_SDSS_l2_2850,-4.33444445065435e+18,0.0
MD_SDSS_l2_2314,-4.3355835501020155e+18,0.0
MD_SDSS_l2_4376,-4.340471396709881e+18,0.0
MD_SDSS_l2_1103,-4.3433109989452544e+18,0.0
MD_SDSS_l2_1973,-4.358615367847517e+18,0.0
MD_SDSS_l2_952,-4.361315318918851e+18,0.0
MD_SDSS_l2_909,-4.365602570942678e+18,0.0
MD_SDSS_l2_579,-4.3771817155311764e+18,0.0
MD_SDSS_l2_4653,-4.383789392486618e+18,0.0
MD_SDSS_l2_4428,-4.3972444798435497e+18,0.0
MD_SDSS_l2_4260,-4.4018194894587494e+18,0.0
MD_SDSS_l2_130,-4.413162978930743e+18,0.0
MD_SDSS_l2_1842,-4.4157478782858803e+18,0.0
MD_SDSS_l2_2025,-4.416217070655906e+18,0.0
MD_SDSS_l2_587,-4.4227641503908634e+18,0.0
MD_SDSS_l2_1634,-4.4232930110697974e+18,0.0
MD_SDSS_l2_2570,-4.5104941974154194e+18,0.0
MD_SDSS_l2_4814,-4.520560115097445e+18,0.0
MD_SDSS_l2_4233,-4.5337387389688556e+18,0.0
MD_SDSS_l2_4136,-4.5379796668956006e+18,0.0
MD_SDSS_l2_1233,-4.543636863235873e+18,0.0
MD_SDSS_l2_4780,-4.561381425866586e+18,0.0
MD_SDSS_l2_4917,-4.566557096678056e+18,0.0
MD_SDSS_l2_2865,-4.585702905501807e+18,0.0
MD_SDSS_l2_1804,-4.598679154224909e+18,0.0
MD_SDSS_l2_3071,-4.6067451827910753e+18,0.0
MD_SDSS_l2_2029,-4.6075363631806e+18,0.0
MD_SDSS_l2_1727,-4.620540978693924e+18,0.0
MD_SDSS_l2_3714,-4.622790073914935e+18,0.0
MD_SDSS_l2_222,-4.635521479222877e+18,0.0
MD_SDSS_l2_2109,-4.637575154453059e+18,0.0
MD_SDSS_l2_3194,-4.640463673168585e+18,0.0
MD_SDSS_l2_2947,-4.654132968728601e+18,0.0
MD_SDSS_l2_2603,-4.657472855828967e+18,0.0
MD_SDSS_l2_249,-4.665401030484767e+18,0.0
MD_SDSS_l2_4554,-4.667555148540531e+18,0.0
MD_SDSS_l2_2615,-4.671341807954565e+18,0.0
MD_SDSS_l2_240,-4.684250452505602e+18,0.0
MD_SDSS_l2_1877,-4.70026012352379e+18,0.0
MD_SDSS_l2_3350,-4.701561702962793e+18,0.0
MD_SDSS_l2_4354,-4.707151374293751e+18,0.0
MD_SDSS_l2_3747,-4.719510284719889e+18,0.0
MD_SDSS_l2_314,-4.742610971197124e+18,0.0
MD_SDSS_l2_4535,-4.748093916298283e+18,0.0
MD_SDSS_l2_2723,-4.762604729496554e+18,0.0
MD_SDSS_l2_2343,-4.78055112252491e+18,0.0
MD_SDSS_l2_623,-4.810125670183824e+18,0.0
MD_SDSS_l2_3112,-4.810728383111865e+18,0.0
MD_SDSS_l2_1958,-4.824705933641997e+18,0.0
MD_SDSS_l2_2537,-4.835076352749215e+18,0.0
MD_SDSS_l2_3309,-4.836062183382313e+18,0.0
MD_SDSS_l2_398,-4.83851474178535e+18,0.0
MD_SDSS_l2_1992,-4.839313937484878e+18,0.0
MD_SDSS_l2_2750,-4.84651342125942e+18,0.0
MD_SDSS_l2_3510,-4.849905418926585e+18,0.0
MD_SDSS_l2_1904,-4.85590780374983e+18,0.0
MD_SDSS_l2_499,-4.875694538913255e+18,0.0
MD_SDSS_l2_4874,-4.878017425266162e+18,0.0
MD_SDSS_l2_4263,-4.883395562955887e+18,0.0
MD_SDSS_l2_1096,-4.893457235773289e+18,0.0
MD_SDSS_l2_570,-4.901805528550047e+18,0.0
MD_SDSS_l2_386,-4.904848027094967e+18,0.0
MD_SDSS_l2_1979,-4.969076512766752e+18,0.0
MD_SDSS_l2_3275,-4.977916521574641e+18,0.0
MD_SDSS_l2_2514,-4.993769920818532e+18,0.0
MD_SDSS_l2_2387,-4.998838038758043e+18,0.0
MD_SDSS_l2_1696,-5.007170489655608e+18,0.0
MD_SDSS_l2_3321,-5.00909018262291e+18,0.0
MD_SDSS_l2_1068,-5.010935321771548e+18,0.0
MD_SDSS_l2_2972,-5.021290354599201e+18,0.0
MD_SDSS_l2_3654,-5.024557585640787e+18,0.0
MD_SDSS_l2_153,-5.047367042323564e+18,0.0
MD_SDSS_l2_4763,-5.052456022191693e+18,0.0
MD_SDSS_l2_1135,-5.060399775225066e+18,0.0
MD_SDSS_l2_973,-5.102883103207253e+18,0.0
MD_SDSS_l2_4348,-5.125796220271024e+18,0.0
MD_SDSS_l2_1854,-5.143804426447196e+18,0.0
MD_SDSS_l2_2778,-5.150745890921471e+18,0.0
MD_SDSS_l2_861,-5.159381669199387e+18,0.0
MD_SDSS_l2_3673,-5.185978697557106e+18,0.0
MD_SDSS_l2_4956,-5.213618393299173e+18,0.0
MD_SDSS_l2_3971,-5.228202783716368e+18,0.0
MD_SDSS_l2_88,-5.234077049461173e+18,0.0
MD_SDSS_l2_4892,-5.256480054685144e+18,0.0
MD_SDSS_l2_1403,-5.274983880987194e+18,0.0
MD_SDSS_l2_1500,-5.27556084701881e+18,0.0
MD_SDSS_l2_2916,-5.29447372991293e+18,0.0
MD_SDSS_l2_1219,-5.361746632873702e+18,0.0
MD_SDSS_l2_2546,-5.366746539613898e+18,0.0
MD_SDSS_l2_4185,-5.37121318569061e+18,0.0
MD_SDSS_l2_3864,-5.377542830835868e+18,0.0
MD_SDSS_l2_1676,-5.425805556814089e+18,0.0
MD_SDSS_l2_2515,-5.450263488792026e+18,0.0
MD_SDSS_l2_4247,-5.471440953215759e+18,0.0
MD_SDSS_l2_2064,-5.479993533112351e+18,0.0
MD_SDSS_l2_305,-5.482525505593484e+18,0.0
MD_SDSS_l2_4357,-5.489838371802583e+18,0.0
MD_SDSS_l2_3956,-5.495830260903184e+18,0.0
MD_SDSS_l2_3995,-5.495886778684729e+18,0.0
MD_SDSS_l2_4238,-5.512106052170067e+18,0.0
MD_SDSS_l2_781,-5.521640024230212e+18,0.0
MD_SDSS_l2_1463,-5.535020573868205e+18,0.0
MD_SDSS_l2_4575,-5.544122396398074e+18,0.0
MD_SDSS_l2_4053,-5.569134356468281e+18,0.0
MD_SDSS_l2_1193,-5.621721949538931e+18,0.0
MD_SDSS_l2_3834,-5.651068920079917e+18,0.0
MD_SDSS_l2_4345,-5.657139407932497e+18,0.0
MD_SDSS_l2_3474,-5.668165173999531e+18,0.0
MD_SDSS_l2_4079,-5.678666877460936e+18,0.0
MD_SDSS_l2_137,-5.67957125019421e+18,0.0
MD_SDSS_l2_4007,-5.706918881226721e+18,0.0
MD_SDSS_l2_1788,-5.710122616784524e+18,0.0
MD_SDSS_l2_3177,-5.711758772476417e+18,0.0
MD_SDSS_l2_44,-5.719260129009383e+18,0.0
MD_SDSS_l2_3203,-5.730337585482232e+18,0.0
MD_SDSS_l2_3464,-5.736251358884455e+18,0.0
MD_SDSS_l2_1153,-5.73833248628367e+18,0.0
MD_SDSS_l2_103,-5.767117695637321e+18,0.0
MD_SDSS_l2_3830,-5.771726279029131e+18,0.0
MD_SDSS_l2_2165,-5.78077180585675e+18,0.0
MD_SDSS_l2_2730,-5.814089727782561e+18,0.0
MD_SDSS_l2_3266,-5.822780842791304e+18,0.0
MD_SDSS_l2_169,-5.837726455830697e+18,0.0
MD_SDSS_l2_1586,-5.907969227527614e+18,0.0
MD_SDSS_l2_2806,-5.920053117638896e+18,0.0
MD_SDSS_l2_1732,-5.921842122172492e+18,0.0
MD_SDSS_l2_4829,-5.958681886086611e+18,0.0
MD_SDSS_l2_407,-5.960951425872487e+18,0.0
MD_SDSS_l2_4557,-5.974534991177088e+18,0.0
MD_SDSS_l2_4627,-5.985754165153972e+18,0.0
MD_SDSS_l2_3381,-6.010802597558316e+18,0.0
MD_SDSS_l2_4235,-6.032366689756101e+18,0.0
MD_SDSS_l2_1830,-6.081120670401776e+18,0.0
MD_SDSS_l2_2642,-6.134607403350422e+18,0.0
MD_SDSS_l2_4887,-6.138282412718127e+18,0.0
MD_SDSS_l2_4099,-6.188926657161171e+18,0.0
MD_SDSS_l2_1297,-6.192462744031578e+18,0.0
MD_SDSS_l2_4647,-6.194298550325986e+18,0.0
MD_SDSS_l2_581,-6.209483100702047e+18,0.0
MD_SDSS_l2_1258,-6.219597217626808e+18,0.0
MD_SDSS_l2_1931,-6.220343955123597e+18,0.0
MD_SDSS_l2_2113,-6.240052630160146e+18,0.0
MD_SDSS_l2_1908,-6.2585164935308e+18,0.0
MD_SDSS_l2_2186,-6.26849960895788e+18,0.0
MD_SDSS_l2_400,-6.275856162699122e+18,0.0
MD_SDSS_l2_344,-6.300063746649771e+18,0.0
MD_SDSS_l2_2786,-6.331892006066329e+18,0.0
MD_SDSS_l2_3854,-6.33625423097277e+18,0.0
MD_SDSS_l2_2464,-6.349983691279821e+18,0.0
MD_SDSS_l2_4426,-6.359798751214274e+18,0.0
MD_SDSS_l2_4195,-6.365191282666287e+18,0.0
MD_SDSS_l2_3624,-6.38564840566477e+18,0.0
MD_SDSS_l2_910,-6.395621015194291e+18,0.0
MD_SDSS_l2_4634,-6.414324495558721e+18,0.0
MD_SDSS_l2_4835,-6.433789746155458e+18,0.0
MD_SDSS_l2_3699,-6.440022102306039e+18,0.0
MD_SDSS_l2_1238,-6.4457552172122e+18,0.0
MD_SDSS_l2_447,-6.462010915393092e+18,0.0
MD_SDSS_l2_4234,-6.462647327817202e+18,0.0
MD_SDSS_l2_1186,-6.465203908452105e+18,0.0
MD_SDSS_l2_4526,-6.508506494737082e+18,0.0
MD_SDSS_l2_4806,-6.530717766990934e+18,0.0
MD_SDSS_l2_236,-6.537057306965147e+18,0.0
MD_SDSS_l2_1671,-6.617250316651734e+18,0.0
MD_SDSS_l2_2395,-6.622760645593724e+18,0.0
MD_SDSS_l2_2079,-6.632618031355959e+18,0.0
MD_SDSS_l2_279,-6.649210432959056e+18,0.0
MD_SDSS_l2_2738,-6.697742363642317e+18,0.0
MD_SDSS_l2_1913,-6.703232181080214e+18,0.0
MD_SDSS_l2_3215,-6.707309329622386e+18,0.0
MD_SDSS_l2_3053,-6.717360724488272e+18,0.0
MD_SDSS_l2_4655,-6.735327718954712e+18,0.0
MD_SDSS_l2_4246,-6.737540962740455e+18,0.0
MD_SDSS_l2_3253,-6.742225379372032e+18,0.0
MD_SDSS_l2_4177,-6.769098067222497e+18,0.0
MD_SDSS_l2_4196,-6.814318743799136e+18,0.0
MD_SDSS_l2_4462,-6.84981890163019e+18,0.0
MD_SDSS_l2_4397,-6.851219207055255e+18,0.0
MD_SDSS_l2_2897,-6.905070087058163e+18,0.0
MD_SDSS_l2_4429,-6.911539910491622e+18,0.0
MD_SDSS_l2_3158,-6.955247187623169e+18,0.0
MD_SDSS_l2_4077,-6.976316927159135e+18,0.0
MD_SDSS_l2_3232,-6.98403850254877e+18,0.0
MD_SDSS_l2_2757,-7.006868057490123e+18,0.0
MD_SDSS_l2_2521,-7.06812939708012e+18,0.0
MD_SDSS_l2_2709,-7.069733287433895e+18,0.0
MD_SDSS_l2_1159,-7.074723971636611e+18,0.0
MD_SDSS_l2_2566,-7.091047122598778e+18,0.0
MD_SDSS_l2_1690,-7.110171133956551e+18,0.0
MD_SDSS_l2_4998,-7.129413343295948e+18,0.0
MD_SDSS_l2_2919,-7.1650743555323e+18,0.0
MD_SDSS_l2_4511,-7.183691478493195e+18,0.0
MD_SDSS_l2_4860,-7.226763131474854e+18,0.0
MD_SDSS_l2_4156,-7.314213326585456e+18,0.0
MD_SDSS_l2_4545,-7.39312354671993e+18,0.0
MD_SDSS_l2_2134,-7.401133115654155e+18,0.0
MD_SDSS_l2_246,-7.401990133980832e+18,0.0
MD_SDSS_l2_373,-7.41098477701141e+18,0.0
MD_SDSS_l2_3806,-7.417388926848793e+18,0.0
MD_SDSS_l2_711,-7.437141391722179e+18,0.0
MD_SDSS_l2_3908,-7.45437328328124e+18,0.0
MD_SDSS_l2_285,-7.461070400667735e+18,0.0
MD_SDSS_l2_2646,-7.489476217842108e+18,0.0
MD_SDSS_l2_456,-7.502766497422817e+18,0.0
MD_SDSS_l2_1244,-7.532960012427472e+18,0.0
MD_SDSS_l2_4138,-7.534237582770296e+18,0.0
MD_SDSS_l2_833,-7.543235338160623e+18,0.0
MD_SDSS_l2_218,-7.590589088494686e+18,0.0
MD_SDSS_l2_2886,-7.627147341033525e+18,0.0
MD_SDSS_l2_170,-7.635904069352193e+18,0.0
MD_SDSS_l2_1095,-7.640774657032241e+18,0.0
MD_SDSS_l2_2176,-7.667601665732931e+18,0.0
MD_SDSS_l2_1631,-7.67164177542924e+18,0.0
MD_SDSS_l2_3463,-7.706011588815353e+18,0.0
MD_SDSS_l2_810,-7.754825005723508e+18,0.0
MD_SDSS_l2_4465,-7.755807764659553e+18,0.0
MD_SDSS_l2_4743,-7.826209337848829e+18,0.0
MD_SDSS_l2_3600,-7.837810150290742e+18,0.0
MD_SDSS_l2_4987,-7.895577499328753e+18,0.0
MD_SDSS_l2_2502,-7.934522718084006e+18,0.0
MD_SDSS_l2_2997,-7.976156696157694e+18,0.0
MD_SDSS_l2_787,-8.01312674292786e+18,0.0
MD_SDSS_l2_2822,-8.022920318993503e+18,0.0
MD_SDSS_l2_1074,-8.038779449945272e+18,0.0
MD_SDSS_l2_4566,-8.071586975864664e+18,0.0
MD_SDSS_l2_4027,-8.076912483735261e+18,0.0
MD_SDSS_l2_1407,-8.083338556144794e+18,0.0
MD_SDSS_l2_1390,-8.095133918956004e+18,0.0
MD_SDSS_l2_3119,-8.110926628540005e+18,0.0
MD_SDSS_l2_3663,-8.114047820280013e+18,0.0
MD_SDSS_l2_2930,-8.145090917505781e+18,0.0
MD_SDSS_l2_4978,-8.145470248405835e+18,0.0
MD_SDSS_l2_729,-8.147894187983867e+18,0.0
MD_SDSS_l2_3608,-8.160235182537347e+18,0.0
MD_SDSS_l2_309,-8.191140615536679e+18,0.0
MD_SDSS_l2_3252,-8.218316122089863e+18,0.0
MD_SDSS_l2_635,-8.227339322347334e+18,0.0
MD_SDSS_l2_1617,-8.23687905816776e+18,0.0
MD_SDSS_l2_3939,-8.24306532566833e+18,0.0
MD_SDSS_l2_4499,-8.312774781098533e+18,0.0
MD_SDSS_l2_1104,-8.31589034342704e+18,0.0
MD_SDSS_l2_6,-8.341360849614219e+18,0.0
MD_SDSS_l2_4905,-8.41634010348964e+18,0.0
MD_SDSS_l2_274,-8.425788033810313e+18,0.0
MD_SDSS_l2_1971,-8.478191323426439e+18,0.0
MD_SDSS_l2_3605,-8.487340556235067e+18,0.0
MD_SDSS_l2_2427,-8.510355542522132e+18,0.0
MD_SDSS_l2_1302,-8.512356996000639e+18,0.0
MD_SDSS_l2_3326,-8.52510641596118e+18,0.0
MD_SDSS_l2_2940,-8.537875049047086e+18,0.0
MD_SDSS_l2_1725,-8.628409935865859e+18,0.0
MD_SDSS_l2_1655,-8.638103808841387e+18,0.0
MD_SDSS_l2_4940,-8.667288115195311e+18,0.0
MD_SDSS_l2_606,-8.680064706151795e+18,0.0
MD_SDSS_l2_4519,-8.701117588241122e+18,0.0
MD_SDSS_l2_485,-8.713189937286931e+18,0.0
MD_SDSS_l2_666,-8.71995545590017e+18,0.0
MD_SDSS_l2_987,-8.74006705106789e+18,0.0
MD_SDSS_l2_4509,-8.83470963890358e+18,0.0
MD_SDSS_l2_4697,-8.848159306026263e+18,0.0
MD_SDSS_l2_756,-8.869249322470383e+18,0.0
MD_SDSS_l2_4994,-8.880869297555017e+18,0.0
MD_SDSS_l2_4606,-8.92052090906865e+18,0.0
MD_SDSS_l2_439,-8.933236035870977e+18,0.0
MD_SDSS_l2_3819,-8.979938980577973e+18,0.0
MD_SDSS_l2_2755,-8.99193212520573e+18,0.0
MD_SDSS_l2_206,-9.039279700497254e+18,0.0
MD_SDSS_l2_3578,-9.100208294839135e+18,0.0
MD_SDSS_l2_1585,-9.105545350329591e+18,0.0
MD_SDSS_l2_4548,-9.188655093610209e+18,0.0
MD_SDSS_l2_4769,-9.202086988520885e+18,0.0
MD_SDSS_l2_1595,-9.357134958623937e+18,0.0
MD_SDSS_l2_1895,-9.359684918476251e+18,0.0
MD_SDSS_l2_3764,-9.391124917554813e+18,0.0
MD_SDSS_l2_1263,-9.428363523358978e+18,0.0
MD_SDSS_l2_1684,-9.463082048320104e+18,0.0
MD_SDSS_l2_823,-9.476643015861996e+18,0.0
MD_SDSS_l2_1400,-9.498867162473544e+18,0.0
MD_SDSS_l2_3131,-9.50916860701526e+18,0.0
MD_SDSS_l2_4702,-9.561292153968663e+18,0.0
MD_SDSS_l2_2753,-9.61469759776277e+18,0.0
MD_SDSS_l2_2475,-9.668734730639888e+18,0.0
MD_SDSS_l2_2868,-9.691435681025489e+18,0.0
MD_SDSS_l2_1293,-9.70679294980671e+18,0.0
MD_SDSS_l2_17,-9.726934572072108e+18,0.0
MD_SDSS_l2_2964,-9.732919346370628e+18,0.0
MD_SDSS_l2_414,-9.739297693296759e+18,0.0
MD_SDSS_l2_31,-9.748893726751762e+18,0.0
MD_SDSS_l2_633,-9.81468302622889e+18,0.0
MD_SDSS_l2_3590,-9.819237756315396e+18,0.0
MD_SDSS_l2_772,-9.826261661900802e+18,0.0
MD_SDSS_l2_4516,-9.845603568649861e+18,0.0
MD_SDSS_l2_4341,-9.854105373629755e+18,0.0
MD_SDSS_l2_1767,-9.862750083337744e+18,0.0
MD_SDSS_l2_3171,-9.86412811739281e+18,0.0
MD_SDSS_l2_1005,-9.993689303666258e+18,0.0
MD_SDSS_l2_2034,-1.0038579833987398e+19,0.0
MD_SDSS_l2_1098,-1.0049847084427848e+19,0.0
MD_SDSS_l2_1685,-1.0076231002183592e+19,0.0
MD_SDSS_l2_2078,-1.0103050060088453e+19,0.0
MD_SDSS_l2_3980,-1.0103281801581079e+19,0.0
MD_SDSS_l2_42,-1.0163984578418369e+19,0.0
MD_SDSS_l2_252,-1.0186608303862702e+19,0.0
MD_SDSS_l2_1532,-1.0194498473128366e+19,0.0
MD_SDSS_l2_3706,-1.0199510083652397e+19,0.0
MD_SDSS_l2_2306,-1.0210778698422706e+19,0.0
MD_SDSS_l2_4524,-1.0333416135466568e+19,0.0
MD_SDSS_l2_187,-1.0394152399266597e+19,0.0
MD_SDSS_l2_1724,-1.0604522954242984e+19,0.0
MD_SDSS_l2_3919,-1.0605564552166083e+19,0.0
MD_SDSS_l2_2531,-1.0720182138075242e+19,0.0
MD_SDSS_l2_743,-1.0754720000562663e+19,0.0
MD_SDSS_l2_216,-1.0759702285481353e+19,0.0
MD_SDSS_l2_452,-1.0873205412747583e+19,0.0
MD_SDSS_l2_2785,-1.0930485821177903e+19,0.0
MD_SDSS_l2_659,-1.095578757101089e+19,0.0
MD_SDSS_l2_3694,-1.0964703344587938e+19,0.0
MD_SDSS_l2_3312,-1.1035526601563998e+19,0.0
MD_SDSS_l2_423,-1.1066920900160768e+19,0.0
MD_SDSS_l2_1020,-1.1074273570030903e+19,0.0
MD_SDSS_l2_3712,-1.1084238412746736e+19,0.0
MD_SDSS_l2_3575,-1.1087899810727342e+19,0.0
MD_SDSS_l2_3843,-1.1160391668103051e+19,0.0
MD_SDSS_l2_3069,-1.1161770914836525e+19,0.0
MD_SDSS_l2_603,-1.1230784137579876e+19,0.0
MD_SDSS_l2_3422,-1.1242153299998419e+19,0.0
MD_SDSS_l2_2310,-1.1285652078370224e+19,0.0
MD_SDSS_l2_4591,-1.1293678881534771e+19,0.0
MD_SDSS_l2_599,-1.1294144315627155e+19,0.0
MD_SDSS_l2_4641,-1.1363493255768426e+19,0.0
MD_SDSS_l2_4800,-1.137104492502869e+19,0.0
MD_SDSS_l2_4675,-1.1389944479816774e+19,0.0
MD_SDSS_l2_4112,-1.1466825693277485e+19,0.0
MD_SDSS_l2_4760,-1.146697988030629e+19,0.0
MD_SDSS_l2_1531,-1.1506645729130291e+19,0.0
MD_SDSS_l2_1905,-1.1741985020049734e+19,0.0
MD_SDSS_l2_2437,-1.1863197597601716e+19,0.0
MD_SDSS_l2_51,-1.1986606186818066e+19,0.0
MD_SDSS_l2_3561,-1.201195964105184e+19,0.0
MD_SDSS_l2_3122,-1.2012795991731337e+19,0.0
MD_SDSS_l2_2529,-1.2021111016663007e+19,0.0
MD_SDSS_l2_4979,-1.2103957238250738e+19,0.0
MD_SDSS_l2_1576,-1.2106168737194572e+19,0.0
MD_SDSS_l2_342,-1.2189062731987149e+19,0.0
MD_SDSS_l2_4514,-1.2189633553066473e+19,0.0
MD_SDSS_l2_4161,-1.2205481262612287e+19,0.0
MD_SDSS_l2_118,-1.2274648408524012e+19,0.0
MD_SDSS_l2_4517,-1.242252799224597e+19,0.0
MD_SDSS_l2_654,-1.24410687488824e+19,0.0
MD_SDSS_l2_2985,-1.2465797650306286e+19,0.0
MD_SDSS_l2_3534,-1.2477205090113303e+19,0.0
MD_SDSS_l2_329,-1.248255737498753e+19,0.0
MD_SDSS_l2_2653,-1.2519047092474532e+19,0.0
MD_SDSS_l2_3737,-1.2603171966788033e+19,0.0
MD_SDSS_l2_269,-1.2645333239411468e+19,0.0
MD_SDSS_l2_54,-1.2670717129097703e+19,0.0
MD_SDSS_l2_829,-1.2687788920666092e+19,0.0
MD_SDSS_l2_4152,-1.269111263848845e+19,0.0
MD_SDSS_l2_4080,-1.270293688085722e+19,0.0
MD_SDSS_l2_738,-1.2756846403330111e+19,0.0
MD_SDSS_l2_3476,-1.2781698647625677e+19,0.0
MD_SDSS_l2_968,-1.3040969586472829e+19,0.0
MD_SDSS_l2_3295,-1.309089046325739e+19,0.0
MD_SDSS_l2_2239,-1.309457602435818e+19,0.0
MD_SDSS_l2_1109,-1.313638101806189e+19,0.0
MD_SDSS_l2_1594,-1.3137872234501556e+19,0.0
MD_SDSS_l2_2511,-1.31598205054067e+19,0.0
MD_SDSS_l2_2087,-1.3218540152597002e+19,0.0
MD_SDSS_l2_796,-1.3245615025243116e+19,0.0
MD_SDSS_l2_2831,-1.3390135510243838e+19,0.0
MD_SDSS_l2_963,-1.3492122554243396e+19,0.0
MD_SDSS_l2_4412,-1.3645535908143634e+19,0.0
MD_SDSS_l2_1227,-1.3679212655121027e+19,0.0
MD_SDSS_l2_290,-1.3770485139811699e+19,0.0
MD_SDSS_l2_4957,-1.3794969534306527e+19,0.0
MD_SDSS_l2_882,-1.3824629785472094e+19,0.0
MD_SDSS_l2_422,-1.3829958931451953e+19,0.0
MD_SDSS_l2_2201,-1.3865821933773187e+19,0.0
MD_SDSS_l2_3393,-1.4128637633756078e+19,0.0
MD_SDSS_l2_4217,-1.4136359745723314e+19,0.0
MD_SDSS_l2_3945,-1.4276882334520257e+19,0.0
MD_SDSS_l2_1660,-1.4305735776143845e+19,0.0
MD_SDSS_l2_2089,-1.4332898392759226e+19,0.0
MD_SDSS_l2_534,-1.453043198974378e+19,0.0
MD_SDSS_l2_1799,-1.453533383560318e+19,0.0
MD_SDSS_l2_2649,-1.4578141300033933e+19,0.0
MD_SDSS_l2_1228,-1.4597899246855805e+19,0.0
MD_SDSS_l2_4275,-1.4693211891846056e+19,0.0
MD_SDSS_l2_3096,-1.4754598916819536e+19,0.0
MD_SDSS_l2_125,-1.4793634189621e+19,0.0
MD_SDSS_l2_1691,-1.4924072629461045e+19,0.0
MD_SDSS_l2_282,-1.4940283865597745e+19,0.0
MD_SDSS_l2_2406,-1.4949233404326156e+19,0.0
MD_SDSS_l2_3985,-1.4990822556954974e+19,0.0
MD_SDSS_l2_60,-1.4993698564570841e+19,0.0
MD_SDSS_l2_2741,-1.5037255776697147e+19,0.0
MD_SDSS_l2_889,-1.5044703367322399e+19,0.0
MD_SDSS_l2_831,-1.5106050067143414e+19,0.0
MD_SDSS_l2_3679,-1.5120102489837396e+19,0.0
MD_SDSS_l2_4032,-1.520076403090228e+19,0.0
MD_SDSS_l2_763,-1.5415104809543619e+19,0.0
MD_SDSS_l2_4839,-1.5491935385849991e+19,0.0
MD_SDSS_l2_2540,-1.5558164781598286e+19,0.0
MD_SDSS_l2_2547,-1.5687842515595715e+19,0.0
MD_SDSS_l2_3807,-1.5809733481331018e+19,0.0
MD_SDSS_l2_2297,-1.5814534573090765e+19,0.0
MD_SDSS_l2_2993,-1.5943408721310464e+19,0.0
MD_SDSS_l2_4595,-1.6067420417427382e+19,0.0
MD_SDSS_l2_144,-1.6309497438071456e+19,0.0
MD_SDSS_l2_1925,-1.6328248951342785e+19,0.0
MD_SDSS_l2_4061,-1.6356388641445874e+19,0.0
MD_SDSS_l2_1401,-1.649128518016629e+19,0.0
MD_SDSS_l2_2015,-1.6510995305702973e+19,0.0
MD_SDSS_l2_3446,-1.651574282657201e+19,0.0
MD_SDSS_l2_2050,-1.7016889352856287e+19,0.0
MD_SDSS_l2_981,-1.7248056309365398e+19,0.0
MD_SDSS_l2_1712,-1.7530501348695181e+19,0.0
MD_SDSS_l2_2500,-1.7537916447591363e+19,0.0
MD_SDSS_l2_2943,-1.758144708465704e+19,0.0
MD_SDSS_l2_4333,-1.7609198092259754e+19,0.0
MD_SDSS_l2_126,-1.8242811232194927e+19,0.0
MD_SDSS_l2_2249,-1.843906387362526e+19,0.0
MD_SDSS_l2_3369,-1.8543440709087756e+19,0.0
MD_SDSS_l2_1274,-1.878922907794426e+19,0.0
MD_SDSS_l2_1750,-1.8985554594089447e+19,0.0
MD_SDSS_l2_3497,-1.9150978208208134e+19,0.0
MD_SDSS_l2_441,-1.9230255987420774e+19,0.0
MD_SDSS_l2_2430,-1.9241242845564047e+19,0.0
MD_SDSS_l2_3518,-1.9316459346885222e+19,0.0
MD_SDSS_l2_3877,-1.937502536809684e+19,0.0
MD_SDSS_l2_1976,-1.9421255741345776e+19,0.0
MD_SDSS_l2_3944,-1.959820873874722e+19,0.0
MD_SDSS_l2_3878,-1.9770304638795424e+19,0.0
MD_SDSS_l2_4104,-2.0101855794701406e+19,0.0
MD_SDSS_l2_1700,-2.013557301910963e+19,0.0
MD_SDSS_l2_3141,-2.0187418919905776e+19,0.0
MD_SDSS_l2_229,-2.0303767934917353e+19,0.0
MD_SDSS_l2_3607,-2.0480691902720025e+19,0.0
MD_SDSS_l2_2093,-2.0664162891980587e+19,0.0
MD_SDSS_l2_4067,-2.0666045194054463e+19,0.0
MD_SDSS_l2_2083,-2.0687770924326035e+19,0.0
MD_SDSS_l2_3968,-2.070288860228491e+19,0.0
MD_SDSS_l2_2987,-2.0780008349506257e+19,0.0
MD_SDSS_l2_1073,-2.1190156320698343e+19,0.0
MD_SDSS_l2_4999,-2.1331962681400967e+19,0.0
MD_SDSS_l2_2372,-2.162707824608942e+19,0.0
MD_SDSS_l2_1329,-2.1638433602434417e+19,0.0
MD_SDSS_l2_2421,-2.208508349401234e+19,0.0
MD_SDSS_l2_1164,-2.2245963725785653e+19,0.0
MD_SDSS_l2_2046,-2.225539286899917e+19,0.0
MD_SDSS_l2_3635,-2.2260816250796675e+19,0.0
MD_SDSS_l2_1180,-2.24590869586957e+19,0.0
MD_SDSS_l2_2576,-2.2490246248224047e+19,0.0
MD_SDSS_l2_4726,-2.283033703267523e+19,0.0
MD_SDSS_l2_176,-2.2860510845301527e+19,0.0
MD_SDSS_l2_4983,-2.289265560770185e+19,0.0
MD_SDSS_l2_4149,-2.290313515307535e+19,0.0
MD_SDSS_l2_3143,-2.2936633814716596e+19,0.0
MD_SDSS_l2_1734,-2.3003625567864173e+19,0.0
MD_SDSS_l2_2582,-2.34860677913256e+19,0.0
MD_SDSS_l2_2158,-2.3518147788066e+19,0.0
MD_SDSS_l2_1134,-2.3610964219941216e+19,0.0
MD_SDSS_l2_1337,-2.463881968787827e+19,0.0
MD_SDSS_l2_996,-2.465426043197032e+19,0.0
MD_SDSS_l2_1705,-2.4800778578220696e+19,0.0
MD_SDSS_l2_723,-2.4953003927326118e+19,0.0
MD_SDSS_l2_4652,-2.4986922941191315e+19,0.0
MD_SDSS_l2_818,-2.5060957425274876e+19,0.0
MD_SDSS_l2_3442,-2.5813874552172724e+19,0.0
MD_SDSS_l2_2575,-2.5821671963589984e+19,0.0
MD_SDSS_l2_3555,-2.594598198819327e+19,0.0
MD_SDSS_l2_4533,-2.6298718610404766e+19,0.0
MD_SDSS_l2_1844,-2.6447861646004154e+19,0.0
MD_SDSS_l2_730,-2.65001753650403e+19,0.0
MD_SDSS_l2_4793,-2.6828187790282805e+19,0.0
MD_SDSS_l2_4044,-2.685429098196532e+19,0.0
MD_SDSS_l2_775,-2.7357443140325732e+19,0.0
MD_SDSS_l2_1625,-2.757358510169316e+19,0.0
MD_SDSS_l2_4038,-2.911229781170019e+19,0.0
MD_SDSS_l2_3144,-2.9492775837588808e+19,0.0
MD_SDSS_l2_2384,-2.9658864575755588e+19,0.0
MD_SDSS_l2_1190,-3.032860103608912e+19,0.0
MD_SDSS_l2_1377,-3.041428271561069e+19,0.0
MD_SDSS_l2_1876,-3.0579969422002586e+19,0.0
MD_SDSS_l2_1387,-3.060729665875893e+19,0.0
MD_SDSS_l2_4117,-3.2871249017237488e+19,0.0
MD_SDSS_l2_97,-3.314177408175678e+19,0.0
MD_SDSS_l2_3785,-3.3633487756187664e+19,0.0
MD_SDSS_l2_907,-3.3749834907754672e+19,0.0
MD_SDSS_l2_3823,-3.3883822505682133e+19,0.0
MD_SDSS_l2_1175,-3.3890372462855328e+19,0.0
MD_SDSS_l2_3115,-3.4338180218279367e+19,0.0
MD_SDSS_l2_917,-3.434623142474268e+19,0.0
MD_SDSS_l2_3767,-3.6756707474453594e+19,0.0
MD_SDSS_l2_2554,-4.1161401034350215e+19,0.0
MD_SDSS_l2_4443,-4.216054934742642e+19,0.0
MD_SDSS_l2_1694,-4.2425027644114125e+19,0.0
MD_SDSS_l2_3803,-4.363956071093501e+19,0.0
MD_SDSS_l2_4651,-4.377684426196301e+19,0.0
MD_SDSS_l2_1610,-4.529932704137059e+19,0.0
MD_SDSS_l2_875,-4.637779471012089e+19,0.0
MD_SDSS_l2_4127,-4.670151544824365e+19,0.0
MD_SDSS_l2_3397,-4.757973808986543e+19,0.0
MD_SDSS_l2_3739,-4.768401789212012e+19,0.0
MD_SDSS_l2_1909,-5.5990059447150305e+19,0.0
MD_SDSS_l2_2578,-5.6984709055947555e+19,0.0
MD_SDSS_l2_3491,-5.88999656411475e+19,0.0
MD_SDSS_l2_941,-7.057425637029521e+19,0.0
